date,Global_active_power,lag_1,lag_2,lag_3,lag_7,lag_14,rolling_mean_7,rolling_std_7,rolling_mean_14,rolling_std_14,dayofweek,month,is_weekend,tda_available_date,tda_window_end_date,tda_H0_n_points,tda_H0_lifetime_max,tda_H0_lifetime_sum,tda_H0_lifetime_mean,tda_H0_lifetime_median,tda_H0_lifetime_std,tda_H0_lifetime_q25,tda_H0_lifetime_q75,tda_H0_n_long_lifetime,tda_H0_persistence_entropy,tda_H1_n_points,tda_H1_lifetime_max,tda_H1_lifetime_sum,tda_H1_lifetime_mean,tda_H1_lifetime_median,tda_H1_lifetime_std,tda_H1_lifetime_q25,tda_H1_lifetime_q75,tda_H1_n_long_lifetime,tda_H1_persistence_entropy,tda_H1_lifetime_top1,tda_H1_lifetime_top2,tda_H1_lifetime_top3,tda_H1_lifetime_top4,tda_H1_lifetime_top5,tda_H1_max_to_sum_ratio,tda_H1_top2_to_top1_ratio,tda_H1_top1_minus_top2,tda_window_size,tda_point_cloud_n_points,tda_embedding_dim,tda_delay,tda_stride
2007-06-14,0.8743638888888889,0.643938888888889,0.6380319444444444,0.5518430555555556,0.6840291666666667,0.6517708333333333,0.8137987444240654,0.32193902649181694,0.8851685734320157,0.3111395892568203,3,6,0,2007-06-14,2007-06-13,149.0,8.483282089233398,840.8520560264587,5.64330238943932,5.894402027130127,1.5408376342922467,4.000626564025879,6.98740291595459,15.0,4.965618013111356,121.0,0.8720188140869141,31.912017822265625,0.2637356844815341,0.24061203002929688,0.19249010988260362,0.11320018768310547,0.37347888946533203,13.0,4.52021642331413,0.8720188140869141,0.8368864059448242,0.7430238723754883,0.7114219665527344,0.6917409896850586,0.027325718447001174,0.9597114103795148,0.035132408142089844,180.0,150.0,30.0,1.0,1.0
2007-06-15,0.687225,0.8743638888888889,0.643938888888889,0.6380319444444444,1.491698611111111,0.7261417651146629,0.84098941902724,0.31715429593655586,0.9010680774002697,0.3038984001517777,4,6,0,2007-06-14,2007-06-13,149.0,8.483282089233398,840.8520560264587,5.64330238943932,5.894402027130127,1.5408376342922467,4.000626564025879,6.98740291595459,15.0,4.965618013111356,121.0,0.8720188140869141,31.912017822265625,0.2637356844815341,0.24061203002929688,0.19249010988260362,0.11320018768310547,0.37347888946533203,13.0,4.52021642331413,0.8720188140869141,0.8368864059448242,0.7430238723754883,0.7114219665527344,0.6917409896850586,0.027325718447001174,0.9597114103795148,0.035132408142089844,180.0,150.0,30.0,1.0,1.0
2007-06-16,1.4012236111111112,0.687225,0.8743638888888889,0.643938888888889,0.7559300998573467,1.0308069444444445,0.7260646174399384,0.13619113917777986,0.898288308463508,0.30579361521733284,5,6,1,2007-06-14,2007-06-13,149.0,8.483282089233398,840.8520560264587,5.64330238943932,5.894402027130127,1.5408376342922467,4.000626564025879,6.98740291595459,15.0,4.965618013111356,121.0,0.8720188140869141,31.912017822265625,0.2637356844815341,0.24061203002929688,0.19249010988260362,0.11320018768310547,0.37347888946533203,13.0,4.52021642331413,0.8720188140869141,0.8368864059448242,0.7430238723754883,0.7114219665527344,0.6917409896850586,0.027325718447001174,0.9597114103795148,0.035132408142089844,180.0,150.0,30.0,1.0,1.0
2007-06-17,1.3521458333333334,1.4012236111111112,0.687225,0.8743638888888889,0.9311194444444444,1.4639069444444444,0.8182494047619048,0.290617054140302,0.9247466417968413,0.33295976639921065,6,6,1,2007-06-14,2007-06-13,149.0,8.483282089233398,840.8520560264587,5.64330238943932,5.894402027130127,1.5408376342922467,4.000626564025879,6.98740291595459,15.0,4.965618013111356,121.0,0.8720188140869141,31.912017822265625,0.2637356844815341,0.24061203002929688,0.19249010988260362,0.11320018768310547,0.37347888946533203,13.0,4.52021642331413,0.8720188140869141,0.8368864059448242,0.7430238723754883,0.7114219665527344,0.6917409896850586,0.027325718447001174,0.9597114103795148,0.035132408142089844,180.0,150.0,30.0,1.0,1.0
2007-06-18,0.47116250000000004,1.3521458333333334,1.4012236111111112,0.687225,0.5518430555555556,0.6330680555555556,0.8783960317460318,0.35443195547324713,0.9167637052889049,0.3201313112373344,0,6,0,2007-06-14,2007-06-13,149.0,8.483282089233398,840.8520560264587,5.64330238943932,5.894402027130127,1.5408376342922467,4.000626564025879,6.98740291595459,15.0,4.965618013111356,121.0,0.8720188140869141,31.912017822265625,0.2637356844815341,0.24061203002929688,0.19249010988260362,0.11320018768310547,0.37347888946533203,13.0,4.52021642331413,0.8720188140869141,0.8368864059448242,0.7430238723754883,0.7114219665527344,0.6917409896850586,0.027325718447001174,0.9597114103795148,0.035132408142089844,180.0,150.0,30.0,1.0,1.0
2007-06-19,0.5857858136300418,0.47116250000000004,1.3521458333333334,1.4012236111111112,0.6380319444444444,1.0131194444444445,0.8668702380952381,0.367877801733144,0.9051990227492224,0.3338006728774665,1,6,0,2007-06-14,2007-06-13,149.0,8.483282089233398,840.8520560264587,5.64330238943932,5.894402027130127,1.5408376342922467,4.000626564025879,6.98740291595459,15.0,4.965618013111356,121.0,0.8720188140869141,31.912017822265625,0.2637356844815341,0.24061203002929688,0.19249010988260362,0.11320018768310547,0.37347888946533203,13.0,4.52021642331413,0.8720188140869141,0.8368864059448242,0.7430238723754883,0.7114219665527344,0.6917409896850586,0.027325718447001174,0.9597114103795148,0.035132408142089844,180.0,150.0,30.0,1.0,1.0
2007-06-20,0.7460319444444445,0.5857858136300418,0.47116250000000004,1.3521458333333334,0.643938888888889,1.176954829742877,0.8594065051217521,0.3737771171689286,0.874675191976765,0.3425954870919956,2,6,0,2007-06-14,2007-06-13,149.0,8.483282089233398,840.8520560264587,5.64330238943932,5.894402027130127,1.5408376342922467,4.000626564025879,6.98740291595459,15.0,4.965618013111356,121.0,0.8720188140869141,31.912017822265625,0.2637356844815341,0.24061203002929688,0.19249010988260362,0.11320018768310547,0.37347888946533203,13.0,4.52021642331413,0.8720188140869141,0.8368864059448242,0.7430238723754883,0.7114219665527344,0.6917409896850586,0.027325718447001174,0.9597114103795148,0.035132408142089844,180.0,150.0,30.0,1.0,1.0
2007-06-21,0.5603791666666667,0.7460319444444445,0.5857858136300418,0.47116250000000004,0.8743638888888889,0.6840291666666667,0.8739912273439743,0.3658766865175329,0.8438949858840198,0.33255929391423,3,6,0,2007-06-21,2007-06-20,149.0,8.152966499328613,808.7856810092926,5.428091818854313,5.6543684005737305,1.4857858823847716,3.8258612155914307,6.746674537658691,15.0,4.9657534910617835,115.0,0.8720188140869141,31.680222511291504,0.2754801957503609,0.24569082260131836,0.18577813463801068,0.13453054428100586,0.38899779319763184,12.0,4.503585769394398,0.8720188140869141,0.8394174575805664,0.7114219665527344,0.6496686935424805,0.6190123558044434,0.027525653071916022,0.9626139299064501,0.032601356506347656,180.0,150.0,30.0,1.0,1.0
2007-06-22,0.3932597222222222,0.5603791666666667,0.7460319444444445,0.5857858136300418,0.687225,1.491698611111111,0.8291362670265139,0.38459136580106407,0.8350628430268768,0.3387165750437368,4,6,0,2007-06-21,2007-06-20,149.0,8.152966499328613,808.7856810092926,5.428091818854313,5.6543684005737305,1.4857858823847716,3.8258612155914307,6.746674537658691,15.0,4.9657534910617835,115.0,0.8720188140869141,31.680222511291504,0.2754801957503609,0.24569082260131836,0.18577813463801068,0.13453054428100586,0.38899779319763184,12.0,4.503585769394398,0.8720188140869141,0.8394174575805664,0.7114219665527344,0.6496686935424805,0.6190123558044434,0.027525653071916022,0.9626139299064501,0.032601356506347656,180.0,150.0,30.0,1.0,1.0
2007-06-23,0.33164305555555557,0.3932597222222222,0.5603791666666667,0.7460319444444445,1.4012236111111112,0.7559300998573467,0.7871412273439742,0.4173263277476945,0.7566029223919564,0.2999117786055271,5,6,1,2007-06-21,2007-06-20,149.0,8.152966499328613,808.7856810092926,5.428091818854313,5.6543684005737305,1.4857858823847716,3.8258612155914307,6.746674537658691,15.0,4.9657534910617835,115.0,0.8720188140869141,31.680222511291504,0.2754801957503609,0.24569082260131836,0.18577813463801068,0.13453054428100586,0.38899779319763184,12.0,4.503585769394398,0.8720188140869141,0.8394174575805664,0.7114219665527344,0.6496686935424805,0.6190123558044434,0.027525653071916022,0.9626139299064501,0.032601356506347656,180.0,150.0,30.0,1.0,1.0
2007-06-24,0.49628888888888884,0.33164305555555557,0.3932597222222222,0.5603791666666667,1.3521458333333334,0.9311194444444444,0.6343440051217522,0.344460944957462,0.7262967049418284,0.32070161960300364,6,6,1,2007-06-21,2007-06-20,149.0,8.152966499328613,808.7856810092926,5.428091818854313,5.6543684005737305,1.4857858823847716,3.8258612155914307,6.746674537658691,15.0,4.9657534910617835,115.0,0.8720188140869141,31.680222511291504,0.2754801957503609,0.24569082260131836,0.18577813463801068,0.13453054428100586,0.38899779319763184,12.0,4.503585769394398,0.8720188140869141,0.8394174575805664,0.7114219665527344,0.6496686935424805,0.6190123558044434,0.027525653071916022,0.9626139299064501,0.032601356506347656,180.0,150.0,30.0,1.0,1.0
2007-06-25,0.7445847222222223,0.49628888888888884,0.33164305555555557,0.3932597222222222,0.47116250000000004,0.5518430555555556,0.5120787273439743,0.1360748685403027,0.6952373795450031,0.32039513725764285,0,6,0,2007-06-21,2007-06-20,149.0,8.152966499328613,808.7856810092926,5.428091818854313,5.6543684005737305,1.4857858823847716,3.8258612155914307,6.746674537658691,15.0,4.9657534910617835,115.0,0.8720188140869141,31.680222511291504,0.2754801957503609,0.24569082260131836,0.18577813463801068,0.13453054428100586,0.38899779319763184,12.0,4.503585769394398,0.8720188140869141,0.8394174575805664,0.7114219665527344,0.6496686935424805,0.6190123558044434,0.027525653071916022,0.9626139299064501,0.032601356506347656,180.0,150.0,30.0,1.0,1.0
2007-06-26,0.6561861111111111,0.7445847222222223,0.49628888888888884,0.33164305555555557,0.5857858136300418,0.6380319444444444,0.5511390448042917,0.15958443965662789,0.7090046414497648,0.31789079822993177,1,6,0,2007-06-21,2007-06-20,149.0,8.152966499328613,808.7856810092926,5.428091818854313,5.6543684005737305,1.4857858823847716,3.8258612155914307,6.746674537658691,15.0,4.9657534910617835,115.0,0.8720188140869141,31.680222511291504,0.2754801957503609,0.24569082260131836,0.18577813463801068,0.13453054428100586,0.38899779319763184,12.0,4.503585769394398,0.8720188140869141,0.8394174575805664,0.7114219665527344,0.6496686935424805,0.6190123558044434,0.027525653071916022,0.9626139299064501,0.032601356506347656,180.0,150.0,30.0,1.0,1.0
2007-06-27,1.0283513888888889,0.6561861111111111,0.7445847222222223,0.49628888888888884,0.7460319444444445,0.643938888888889,0.5611962301587302,0.16428106960934835,0.7103013676402411,0.3176159276225545,2,6,0,2007-06-21,2007-06-20,149.0,8.152966499328613,808.7856810092926,5.428091818854313,5.6543684005737305,1.4857858823847716,3.8258612155914307,6.746674537658691,15.0,4.9657534910617835,115.0,0.8720188140869141,31.680222511291504,0.2754801957503609,0.24569082260131836,0.18577813463801068,0.13453054428100586,0.38899779319763184,12.0,4.503585769394398,0.8720188140869141,0.8394174575805664,0.7114219665527344,0.6496686935424805,0.6190123558044434,0.027525653071916022,0.9626139299064501,0.032601356506347656,180.0,150.0,30.0,1.0,1.0
2007-06-28,0.8996097222222222,1.0283513888888889,0.6561861111111111,0.7445847222222223,0.5603791666666667,0.8743638888888889,0.6015275793650794,0.2361542560640567,0.7377594033545269,0.3278877660361368,3,6,0,2007-06-28,2007-06-27,149.0,7.911849021911621,790.8286836147308,5.307575057816986,5.139360427856445,1.4663324949212833,3.8058581352233887,6.644308567047119,15.0,4.965510481721812,111.0,0.8720188140869141,30.352890968322754,0.27344946818308785,0.24445009231567383,0.1894559993936737,0.11803770065307617,0.3950529098510742,12.0,4.454369789617175,0.8720188140869141,0.821436882019043,0.7114219665527344,0.6496686935424805,0.6190123558044434,0.028729349536984163,0.9419944486853358,0.050581932067871094,180.0,150.0,30.0,1.0,1.0
2007-06-29,0.906322446143155,0.8996097222222222,1.0283513888888889,0.6561861111111111,0.3932597222222222,0.687225,0.6499890873015873,0.2599144550633776,0.7395626771640506,0.32876508419440514,4,6,0,2007-06-28,2007-06-27,149.0,7.911849021911621,790.8286836147308,5.307575057816986,5.139360427856445,1.4663324949212833,3.8058581352233887,6.644308567047119,15.0,4.965510481721812,111.0,0.8720188140869141,30.352890968322754,0.27344946818308785,0.24445009231567383,0.1894559993936737,0.11803770065307617,0.3950529098510742,12.0,4.454369789617175,0.8720188140869141,0.821436882019043,0.7114219665527344,0.6496686935424805,0.6190123558044434,0.028729349536984163,0.9419944486853358,0.050581932067871094,180.0,150.0,30.0,1.0,1.0
2007-06-30,0.9273013888888889,0.906322446143155,0.8996097222222222,1.0283513888888889,0.33164305555555557,1.4012236111111112,0.723283762147435,0.2474958592720941,0.7552124947457045,0.3312871170083199,5,6,1,2007-06-28,2007-06-27,149.0,7.911849021911621,790.8286836147308,5.307575057816986,5.139360427856445,1.4663324949212833,3.8058581352233887,6.644308567047119,15.0,4.965510481721812,111.0,0.8720188140869141,30.352890968322754,0.27344946818308785,0.24445009231567383,0.1894559993936737,0.11803770065307617,0.3950529098510742,12.0,4.454369789617175,0.8720188140869141,0.821436882019043,0.7114219665527344,0.6496686935424805,0.6190123558044434,0.028729349536984163,0.9419944486853358,0.050581932067871094,180.0,150.0,30.0,1.0,1.0
2007-07-01,0.7129611111111112,0.9273013888888889,0.906322446143155,0.8996097222222222,0.49628888888888884,1.3521458333333334,0.8083778097664825,0.18487787524069096,0.7213609074441173,0.2805223433009766,6,7,1,2007-06-28,2007-06-27,149.0,7.911849021911621,790.8286836147308,5.307575057816986,5.139360427856445,1.4663324949212833,3.8058581352233887,6.644308567047119,15.0,4.965510481721812,111.0,0.8720188140869141,30.352890968322754,0.27344946818308785,0.24445009231567383,0.1894559993936737,0.11803770065307617,0.3950529098510742,12.0,4.454369789617175,0.8720188140869141,0.821436882019043,0.7114219665527344,0.6496686935424805,0.6190123558044434,0.028729349536984163,0.9419944486853358,0.050581932067871094,180.0,150.0,30.0,1.0,1.0
2007-07-02,0.67155,0.7129611111111112,0.9273013888888889,0.906322446143155,0.7445847222222223,0.47116250000000004,0.8393309843696571,0.1354481027569369,0.6757048558568158,0.21411795623722882,0,7,0,2007-06-28,2007-06-27,149.0,7.911849021911621,790.8286836147308,5.307575057816986,5.139360427856445,1.4663324949212833,3.8058581352233887,6.644308567047119,15.0,4.965510481721812,111.0,0.8720188140869141,30.352890968322754,0.27344946818308785,0.24445009231567383,0.1894559993936737,0.11803770065307617,0.3950529098510742,12.0,4.454369789617175,0.8720188140869141,0.821436882019043,0.7114219665527344,0.6496686935424805,0.6190123558044434,0.028729349536984163,0.9419944486853358,0.050581932067871094,180.0,150.0,30.0,1.0,1.0
2007-07-03,0.73605,0.67155,0.7129611111111112,0.9273013888888889,0.6561861111111111,0.5857858136300418,0.8288974526236254,0.14633792267385481,0.6900182487139587,0.20593425983481606,1,7,0,2007-06-28,2007-06-27,149.0,7.911849021911621,790.8286836147308,5.307575057816986,5.139360427856445,1.4663324949212833,3.8058581352233887,6.644308567047119,15.0,4.965510481721812,111.0,0.8720188140869141,30.352890968322754,0.27344946818308785,0.24445009231567383,0.1894559993936737,0.11803770065307617,0.3950529098510742,12.0,4.454369789617175,0.8720188140869141,0.821436882019043,0.7114219665527344,0.6496686935424805,0.6190123558044434,0.028729349536984163,0.9419944486853358,0.050581932067871094,180.0,150.0,30.0,1.0,1.0
2007-07-04,0.6968125,0.73605,0.67155,0.7129611111111112,1.0283513888888889,0.7460319444444445,0.8403065796077522,0.13314715568176153,0.7007514048832412,0.2039905096740936,2,7,0,2007-06-28,2007-06-27,149.0,7.911849021911621,790.8286836147308,5.307575057816986,5.139360427856445,1.4663324949212833,3.8058581352233887,6.644308567047119,15.0,4.965510481721812,111.0,0.8720188140869141,30.352890968322754,0.27344946818308785,0.24445009231567383,0.1894559993936737,0.11803770065307617,0.3950529098510742,12.0,4.454369789617175,0.8720188140869141,0.821436882019043,0.7114219665527344,0.6496686935424805,0.6190123558044434,0.028729349536984163,0.9419944486853358,0.050581932067871094,180.0,150.0,30.0,1.0,1.0
2007-07-05,0.7342291666666666,0.6968125,0.73605,0.67155,0.8996097222222222,0.5603791666666667,0.7929438811950539,0.11246933995185063,0.6972357302800666,0.20357380302979217,3,7,0,2007-07-05,2007-07-04,149.0,7.911849021911621,783.3980028629303,5.257704717200874,4.893157958984375,1.4830370589730273,3.8058581352233887,6.6509857177734375,15.0,4.964309963064643,121.0,0.821436882019043,27.810226440429688,0.22983658215231148,0.19187211990356445,0.16523139639034617,0.10851812362670898,0.3278379440307617,13.0,4.527805054313681,0.821436882019043,0.6496686935424805,0.6190123558044434,0.5551533699035645,0.5416030883789062,0.02953722378990997,0.7908930165707114,0.1717681884765625,180.0,150.0,30.0,1.0,1.0
2007-07-06,0.7427250000000001,0.7342291666666666,0.6968125,0.73605,0.906322446143155,0.3932597222222222,0.7693180875442601,0.1033268953015435,0.7096535874229238,0.19985182270632007,4,7,0,2007-07-05,2007-07-04,149.0,7.911849021911621,783.3980028629303,5.257704717200874,4.893157958984375,1.4830370589730273,3.8058581352233887,6.6509857177734375,15.0,4.964309963064643,121.0,0.821436882019043,27.810226440429688,0.22983658215231148,0.19187211990356445,0.16523139639034617,0.10851812362670898,0.3278379440307617,13.0,4.527805054313681,0.821436882019043,0.6496686935424805,0.6190123558044434,0.5551533699035645,0.5416030883789062,0.02953722378990997,0.7908930165707114,0.1717681884765625,180.0,150.0,30.0,1.0,1.0
2007-07-07,0.943198611111111,0.7427250000000001,0.7342291666666666,0.6968125,0.9273013888888889,0.33164305555555557,0.7459470238095237,0.08383737774736533,0.7346153929784794,0.17791422297716641,5,7,1,2007-07-05,2007-07-04,149.0,7.911849021911621,783.3980028629303,5.257704717200874,4.893157958984375,1.4830370589730273,3.8058581352233887,6.6509857177734375,15.0,4.964309963064643,121.0,0.821436882019043,27.810226440429688,0.22983658215231148,0.19187211990356445,0.16523139639034617,0.10851812362670898,0.3278379440307617,13.0,4.527805054313681,0.821436882019043,0.6496686935424805,0.6190123558044434,0.5551533699035645,0.5416030883789062,0.02953722378990997,0.7908930165707114,0.1717681884765625,180.0,150.0,30.0,1.0,1.0
2007-07-08,0.7563055555555555,0.943198611111111,0.7427250000000001,0.7342291666666666,0.7129611111111112,0.49628888888888884,0.7482180555555555,0.08958693664874945,0.778297932661019,0.14301723239989508,6,7,1,2007-07-05,2007-07-04,149.0,7.911849021911621,783.3980028629303,5.257704717200874,4.893157958984375,1.4830370589730273,3.8058581352233887,6.6509857177734375,15.0,4.964309963064643,121.0,0.821436882019043,27.810226440429688,0.22983658215231148,0.19187211990356445,0.16523139639034617,0.10851812362670898,0.3278379440307617,13.0,4.527805054313681,0.821436882019043,0.6496686935424805,0.6190123558044434,0.5551533699035645,0.5416030883789062,0.02953722378990997,0.7908930165707114,0.1717681884765625,180.0,150.0,30.0,1.0,1.0
2007-07-09,0.8195541666666666,0.7563055555555555,0.943198611111111,0.7427250000000001,0.67155,0.7445847222222223,0.754410119047619,0.08823158852446741,0.7968705517086381,0.11833019229410519,0,7,0,2007-07-05,2007-07-04,149.0,7.911849021911621,783.3980028629303,5.257704717200874,4.893157958984375,1.4830370589730273,3.8058581352233887,6.6509857177734375,15.0,4.964309963064643,121.0,0.821436882019043,27.810226440429688,0.22983658215231148,0.19187211990356445,0.16523139639034617,0.10851812362670898,0.3278379440307617,13.0,4.527805054313681,0.821436882019043,0.6496686935424805,0.6190123558044434,0.5551533699035645,0.5416030883789062,0.02953722378990997,0.7908930165707114,0.1717681884765625,180.0,150.0,30.0,1.0,1.0
2007-07-10,0.6307805555555556,0.8195541666666666,0.7563055555555555,0.943198611111111,0.73605,0.6561861111111111,0.7755535714285714,0.08262113111750327,0.8022255120260985,0.11747527639437041,1,7,0,2007-07-05,2007-07-04,149.0,7.911849021911621,783.3980028629303,5.257704717200874,4.893157958984375,1.4830370589730273,3.8058581352233887,6.6509857177734375,15.0,4.964309963064643,121.0,0.821436882019043,27.810226440429688,0.22983658215231148,0.19187211990356445,0.16523139639034617,0.10851812362670898,0.3278379440307617,13.0,4.527805054313681,0.821436882019043,0.6496686935424805,0.6190123558044434,0.5551533699035645,0.5416030883789062,0.02953722378990997,0.7908930165707114,0.1717681884765625,180.0,150.0,30.0,1.0,1.0
2007-07-11,0.5016333333333333,0.6307805555555556,0.8195541666666666,0.7563055555555555,0.6968125,1.0283513888888889,0.7605150793650793,0.09897230934910019,0.8004108294864158,0.12007225093912245,2,7,0,2007-07-05,2007-07-04,149.0,7.911849021911621,783.3980028629303,5.257704717200874,4.893157958984375,1.4830370589730273,3.8058581352233887,6.6509857177734375,15.0,4.964309963064643,121.0,0.821436882019043,27.810226440429688,0.22983658215231148,0.19187211990356445,0.16523139639034617,0.10851812362670898,0.3278379440307617,13.0,4.527805054313681,0.821436882019043,0.6496686935424805,0.6190123558044434,0.5551533699035645,0.5416030883789062,0.02953722378990997,0.7908930165707114,0.1717681884765625,180.0,150.0,30.0,1.0,1.0
2007-07-12,0.7427652777777779,0.5016333333333333,0.6307805555555556,0.8195541666666666,0.7342291666666666,0.8996097222222222,0.7326323412698412,0.13921968151823397,0.7627881112324475,0.12555109881453624,3,7,0,2007-07-12,2007-07-11,149.0,7.911849021911621,777.1383337974548,5.21569351541916,4.5162835121154785,1.5155333395756454,3.793484926223755,6.67159366607666,15.0,4.9620853315808215,130.0,0.821436882019043,31.005151748657227,0.2385011672973633,0.23183584213256836,0.1666771038453463,0.10081779956817627,0.3596968650817871,13.0,4.6048218252122215,0.821436882019043,0.6496686935424805,0.6190123558044434,0.5662732124328613,0.5551533699035645,0.0264935610919762,0.7908930165707114,0.1717681884765625,180.0,150.0,30.0,1.0,1.0
2007-07-13,0.5516541666666667,0.7427652777777779,0.5016333333333333,0.6307805555555556,0.7427250000000001,0.906322446143155,0.7338517857142858,0.13927337360379008,0.751584936629273,0.11924235963430944,4,7,0,2007-07-12,2007-07-11,149.0,7.911849021911621,777.1383337974548,5.21569351541916,4.5162835121154785,1.5155333395756454,3.793484926223755,6.67159366607666,15.0,4.9620853315808215,130.0,0.821436882019043,31.005151748657227,0.2385011672973633,0.23183584213256836,0.1666771038453463,0.10081779956817627,0.3596968650817871,13.0,4.6048218252122215,0.821436882019043,0.6496686935424805,0.6190123558044434,0.5662732124328613,0.5551533699035645,0.0264935610919762,0.7908930165707114,0.1717681884765625,180.0,150.0,30.0,1.0,1.0
2007-07-14,0.8945625,0.5516541666666667,0.7427652777777779,0.5016333333333333,0.943198611111111,0.9273013888888889,0.7065559523809524,0.1550721533153831,0.7262514880952381,0.12149304178478804,5,7,1,2007-07-12,2007-07-11,149.0,7.911849021911621,777.1383337974548,5.21569351541916,4.5162835121154785,1.5155333395756454,3.793484926223755,6.67159366607666,15.0,4.9620853315808215,130.0,0.821436882019043,31.005151748657227,0.2385011672973633,0.23183584213256836,0.1666771038453463,0.10081779956817627,0.3596968650817871,13.0,4.6048218252122215,0.821436882019043,0.6496686935424805,0.6190123558044434,0.5662732124328613,0.5551533699035645,0.0264935610919762,0.7908930165707114,0.1717681884765625,180.0,150.0,30.0,1.0,1.0
2007-07-15,0.700018320610687,0.8945625,0.5516541666666667,0.7427652777777779,0.7563055555555555,0.7129611111111112,0.6996079365079364,0.1433486576776887,0.723912996031746,0.11757755022340888,6,7,1,2007-07-12,2007-07-11,149.0,7.911849021911621,777.1383337974548,5.21569351541916,4.5162835121154785,1.5155333395756454,3.793484926223755,6.67159366607666,15.0,4.9620853315808215,130.0,0.821436882019043,31.005151748657227,0.2385011672973633,0.23183584213256836,0.1666771038453463,0.10081779956817627,0.3596968650817871,13.0,4.6048218252122215,0.821436882019043,0.6496686935424805,0.6190123558044434,0.5662732124328613,0.5551533699035645,0.0264935610919762,0.7908930165707114,0.1717681884765625,180.0,150.0,30.0,1.0,1.0
2007-07-16,0.5928291666666666,0.700018320610687,0.8945625,0.5516541666666667,0.8195541666666666,0.67155,0.6915669029443839,0.14120078305497133,0.7229885109960014,0.1177210818414643,0,7,0,2007-07-12,2007-07-11,149.0,7.911849021911621,777.1383337974548,5.21569351541916,4.5162835121154785,1.5155333395756454,3.793484926223755,6.67159366607666,15.0,4.9620853315808215,130.0,0.821436882019043,31.005151748657227,0.2385011672973633,0.23183584213256836,0.1666771038453463,0.10081779956817627,0.3596968650817871,13.0,4.6048218252122215,0.821436882019043,0.6496686935424805,0.6190123558044434,0.5662732124328613,0.5551533699035645,0.0264935610919762,0.7908930165707114,0.1717681884765625,180.0,150.0,30.0,1.0,1.0
2007-07-17,0.49974444444444444,0.5928291666666666,0.700018320610687,0.8945625,0.6307805555555556,0.73605,0.659177617230098,0.13269696486015373,0.7173655943293348,0.12216325276701043,1,7,0,2007-07-12,2007-07-11,149.0,7.911849021911621,777.1383337974548,5.21569351541916,4.5162835121154785,1.5155333395756454,3.793484926223755,6.67159366607666,15.0,4.9620853315808215,130.0,0.821436882019043,31.005151748657227,0.2385011672973633,0.23183584213256836,0.1666771038453463,0.10081779956817627,0.3596968650817871,13.0,4.6048218252122215,0.821436882019043,0.6496686935424805,0.6190123558044434,0.5662732124328613,0.5551533699035645,0.0264935610919762,0.7908930165707114,0.1717681884765625,180.0,150.0,30.0,1.0,1.0
2007-07-18,0.5257513888888888,0.49974444444444444,0.5928291666666666,0.700018320610687,0.5016333333333333,0.6968125,0.6404581727856538,0.14595120598403924,0.7004866260753665,0.1350303236990496,2,7,0,2007-07-12,2007-07-11,149.0,7.911849021911621,777.1383337974548,5.21569351541916,4.5162835121154785,1.5155333395756454,3.793484926223755,6.67159366607666,15.0,4.9620853315808215,130.0,0.821436882019043,31.005151748657227,0.2385011672973633,0.23183584213256836,0.1666771038453463,0.10081779956817627,0.3596968650817871,13.0,4.6048218252122215,0.821436882019043,0.6496686935424805,0.6190123558044434,0.5662732124328613,0.5551533699035645,0.0264935610919762,0.7908930165707114,0.1717681884765625,180.0,150.0,30.0,1.0,1.0
2007-07-19,0.47075416666666664,0.5257513888888888,0.49974444444444444,0.5928291666666666,0.7427652777777779,0.7342291666666666,0.6439036092935903,0.14236850082505245,0.6882679752817157,0.14289862357862917,3,7,0,2007-07-19,2007-07-18,149.0,7.911849021911621,770.7259497642517,5.172657380968133,4.190843105316162,1.6015538132296994,3.675657033920288,6.791871070861816,15.0,4.956233778166931,135.0,0.821436882019043,31.52831268310547,0.23354305691189237,0.1973271369934082,0.17432428416119,0.08301377296447754,0.33826541900634766,14.0,4.616492746025324,0.821436882019043,0.7688322067260742,0.6474404335021973,0.6238284111022949,0.6190123558044434,0.02605394364980439,0.9359601736366285,0.05260467529296875,180.0,150.0,30.0,1.0,1.0
2007-07-20,0.771126388888889,0.47075416666666664,0.5257513888888888,0.49974444444444444,0.5516541666666667,0.7427250000000001,0.60504487913486,0.14790190092463923,0.6694483324245729,0.153347653412254,4,7,0,2007-07-19,2007-07-18,149.0,7.911849021911621,770.7259497642517,5.172657380968133,4.190843105316162,1.6015538132296994,3.675657033920288,6.791871070861816,15.0,4.956233778166931,135.0,0.821436882019043,31.52831268310547,0.23354305691189237,0.1973271369934082,0.17432428416119,0.08301377296447754,0.33826541900634766,14.0,4.616492746025324,0.821436882019043,0.7688322067260742,0.6474404335021973,0.6238284111022949,0.6190123558044434,0.02605394364980439,0.9359601736366285,0.05260467529296875,180.0,150.0,30.0,1.0,1.0
2007-07-21,0.7362833333333334,0.771126388888889,0.47075416666666664,0.5257513888888888,0.8945625,0.943198611111111,0.6363980537380346,0.15763945285744493,0.6714770030594934,0.15457457164333172,5,7,1,2007-07-19,2007-07-18,149.0,7.911849021911621,770.7259497642517,5.172657380968133,4.190843105316162,1.6015538132296994,3.675657033920288,6.791871070861816,15.0,4.956233778166931,135.0,0.821436882019043,31.52831268310547,0.23354305691189237,0.1973271369934082,0.17432428416119,0.08301377296447754,0.33826541900634766,14.0,4.616492746025324,0.821436882019043,0.7688322067260742,0.6474404335021973,0.6238284111022949,0.6190123558044434,0.02605394364980439,0.9359601736366285,0.05260467529296875,180.0,150.0,30.0,1.0,1.0
2007-07-22,0.9560625434329396,0.7362833333333334,0.771126388888889,0.47075416666666664,0.700018320610687,0.7563055555555555,0.6137867442142252,0.12168981819951108,0.6566973403610809,0.13528373793113335,6,7,1,2007-07-19,2007-07-18,149.0,7.911849021911621,770.7259497642517,5.172657380968133,4.190843105316162,1.6015538132296994,3.675657033920288,6.791871070861816,15.0,4.956233778166931,135.0,0.821436882019043,31.52831268310547,0.23354305691189237,0.1973271369934082,0.17432428416119,0.08301377296447754,0.33826541900634766,14.0,4.616492746025324,0.821436882019043,0.7688322067260742,0.6474404335021973,0.6238284111022949,0.6190123558044434,0.02605394364980439,0.9359601736366285,0.05260467529296875,180.0,150.0,30.0,1.0,1.0
2007-07-23,0.6882069444444444,0.9560625434329396,0.7362833333333334,0.771126388888889,0.5928291666666666,0.8195541666666666,0.6503644903316897,0.17757711400324844,0.6709656966380368,0.15560539122957912,0,7,0,2007-07-19,2007-07-18,149.0,7.911849021911621,770.7259497642517,5.172657380968133,4.190843105316162,1.6015538132296994,3.675657033920288,6.791871070861816,15.0,4.956233778166931,135.0,0.821436882019043,31.52831268310547,0.23354305691189237,0.1973271369934082,0.17432428416119,0.08301377296447754,0.33826541900634766,14.0,4.616492746025324,0.821436882019043,0.7688322067260742,0.6474404335021973,0.6238284111022949,0.6190123558044434,0.02605394364980439,0.9359601736366285,0.05260467529296875,180.0,150.0,30.0,1.0,1.0
2007-07-24,0.5731138888888889,0.6882069444444444,0.9560625434329396,0.7362833333333334,0.49974444444444444,0.6307805555555556,0.6639898871570866,0.17607951153755635,0.6615837521935923,0.1498090903051888,1,7,0,2007-07-19,2007-07-18,149.0,7.911849021911621,770.7259497642517,5.172657380968133,4.190843105316162,1.6015538132296994,3.675657033920288,6.791871070861816,15.0,4.956233778166931,135.0,0.821436882019043,31.52831268310547,0.23354305691189237,0.1973271369934082,0.17432428416119,0.08301377296447754,0.33826541900634766,14.0,4.616492746025324,0.821436882019043,0.7688322067260742,0.6474404335021973,0.6238284111022949,0.6190123558044434,0.02605394364980439,0.9359601736366285,0.05260467529296875,180.0,150.0,30.0,1.0,1.0
2007-07-25,0.32816666666666666,0.5731138888888889,0.6882069444444444,0.9560625434329396,0.5257513888888888,0.5016333333333333,0.6744712363634358,0.166601739257077,0.6574647045745448,0.15150437263019237,2,7,0,2007-07-19,2007-07-18,149.0,7.911849021911621,770.7259497642517,5.172657380968133,4.190843105316162,1.6015538132296994,3.675657033920288,6.791871070861816,15.0,4.956233778166931,135.0,0.821436882019043,31.52831268310547,0.23354305691189237,0.1973271369934082,0.17432428416119,0.08301377296447754,0.33826541900634766,14.0,4.616492746025324,0.821436882019043,0.7688322067260742,0.6474404335021973,0.6238284111022949,0.6190123558044434,0.02605394364980439,0.9359601736366285,0.05260467529296875,180.0,150.0,30.0,1.0,1.0
2007-07-26,0.6420138888888889,0.32816666666666666,0.5731138888888889,0.6882069444444444,0.47075416666666664,0.7427652777777779,0.6462448474745469,0.20767321922231663,0.6450742283840686,0.1710602505063356,3,7,0,2007-07-26,2007-07-25,149.0,7.911849021911621,741.8755984306335,4.9790308619505605,4.069729804992676,1.700412277680075,3.600541591644287,6.718577861785889,15.0,4.945737727525357,134.0,0.821436882019043,30.610641717910767,0.22843762476052812,0.19330263137817383,0.15867551114139097,0.10545963048934937,0.33511030673980713,14.0,4.645740455433295,0.821436882019043,0.6190123558044434,0.5662732124328613,0.5551533699035645,0.5416030883789062,0.02683501017681728,0.753572635164552,0.2024245262145996,180.0,150.0,30.0,1.0,1.0
2007-07-27,0.8350791666666666,0.6420138888888889,0.32816666666666666,0.5731138888888889,0.771126388888889,0.5516541666666667,0.6707105220777215,0.1931320503423258,0.6378777006062908,0.16873777683826618,4,7,0,2007-07-26,2007-07-25,149.0,7.911849021911621,741.8755984306335,4.9790308619505605,4.069729804992676,1.700412277680075,3.600541591644287,6.718577861785889,15.0,4.945737727525357,134.0,0.821436882019043,30.610641717910767,0.22843762476052812,0.19330263137817383,0.15867551114139097,0.10545963048934937,0.33511030673980713,14.0,4.645740455433295,0.821436882019043,0.6190123558044434,0.5662732124328613,0.5551533699035645,0.5416030883789062,0.02683501017681728,0.753572635164552,0.2024245262145996,180.0,150.0,30.0,1.0,1.0
2007-07-28,1.1262930555555557,0.8350791666666666,0.6420138888888889,0.32816666666666666,0.7362833333333334,0.8945625,0.6798466331888326,0.20006222304969315,0.6581223434634336,0.1745009957718349,5,7,1,2007-07-26,2007-07-25,149.0,7.911849021911621,741.8755984306335,4.9790308619505605,4.069729804992676,1.700412277680075,3.600541591644287,6.718577861785889,15.0,4.945737727525357,134.0,0.821436882019043,30.610641717910767,0.22843762476052812,0.19330263137817383,0.15867551114139097,0.10545963048934937,0.33511030673980713,14.0,4.645740455433295,0.821436882019043,0.6190123558044434,0.5662732124328613,0.5551533699035645,0.5416030883789062,0.02683501017681728,0.753572635164552,0.2024245262145996,180.0,150.0,30.0,1.0,1.0
2007-07-29,0.2229972222222222,1.1262930555555557,0.8350791666666666,0.6420138888888889,0.9560625434329396,0.700018320610687,0.7355623077920072,0.2628526236933764,0.6746745260031163,0.20667737575039996,6,7,1,2007-07-26,2007-07-25,149.0,7.911849021911621,741.8755984306335,4.9790308619505605,4.069729804992676,1.700412277680075,3.600541591644287,6.718577861785889,15.0,4.945737727525357,134.0,0.821436882019043,30.610641717910767,0.22843762476052812,0.19330263137817383,0.15867551114139097,0.10545963048934937,0.33511030673980713,14.0,4.645740455433295,0.821436882019043,0.6190123558044434,0.5662732124328613,0.5551533699035645,0.5416030883789062,0.02683501017681728,0.753572635164552,0.2024245262145996,180.0,150.0,30.0,1.0,1.0
2007-07-30,0.3241777777777778,0.2229972222222222,1.1262930555555557,0.8350791666666666,0.6882069444444444,0.5928291666666666,0.6308386904761905,0.30328269858237195,0.6406015904039402,0.23897514500188974,0,7,0,2007-07-26,2007-07-25,149.0,7.911849021911621,741.8755984306335,4.9790308619505605,4.069729804992676,1.700412277680075,3.600541591644287,6.718577861785889,15.0,4.945737727525357,134.0,0.821436882019043,30.610641717910767,0.22843762476052812,0.19330263137817383,0.15867551114139097,0.10545963048934937,0.33511030673980713,14.0,4.645740455433295,0.821436882019043,0.6190123558044434,0.5662732124328613,0.5551533699035645,0.5416030883789062,0.02683501017681728,0.753572635164552,0.2024245262145996,180.0,150.0,30.0,1.0,1.0
2007-07-31,0.5641194444444444,0.3241777777777778,0.2229972222222222,1.1262930555555557,0.5731138888888889,0.49974444444444444,0.5788345238095237,0.3224130727589558,0.6214122054833052,0.2534538539229359,1,7,0,2007-07-26,2007-07-25,149.0,7.911849021911621,741.8755984306335,4.9790308619505605,4.069729804992676,1.700412277680075,3.600541591644287,6.718577861785889,15.0,4.945737727525357,134.0,0.821436882019043,30.610641717910767,0.22843762476052812,0.19330263137817383,0.15867551114139097,0.10545963048934937,0.33511030673980713,14.0,4.645740455433295,0.821436882019043,0.6190123558044434,0.5662732124328613,0.5551533699035645,0.5416030883789062,0.02683501017681728,0.753572635164552,0.2024245262145996,180.0,150.0,30.0,1.0,1.0
2007-08-01,0.7472431289640592,0.5641194444444444,0.3241777777777778,0.2229972222222222,0.32816666666666666,0.5257513888888888,0.5775496031746031,0.32245759092341364,0.6260104197690195,0.2516543012265437,2,8,0,2007-07-26,2007-07-25,149.0,7.911849021911621,741.8755984306335,4.9790308619505605,4.069729804992676,1.700412277680075,3.600541591644287,6.718577861785889,15.0,4.945737727525357,134.0,0.821436882019043,30.610641717910767,0.22843762476052812,0.19330263137817383,0.15867551114139097,0.10545963048934937,0.33511030673980713,14.0,4.645740455433295,0.821436882019043,0.6190123558044434,0.5662732124328613,0.5551533699035645,0.5416030883789062,0.02683501017681728,0.753572635164552,0.2024245262145996,180.0,150.0,30.0,1.0,1.0
2007-08-02,0.7079277777777778,0.7472431289640592,0.5641194444444444,0.3241777777777778,0.6420138888888889,0.47075416666666664,0.6374176692170879,0.30697126196020774,0.6418312583458174,0.2518286729375874,3,8,0,2007-08-02,2007-08-01,149.0,7.911849021911621,708.5969932079315,4.7556845181740375,3.978133201599121,1.7280359581589537,3.5149734020233154,6.632965087890625,15.0,4.93889429015106,135.0,0.821436882019043,29.224624633789062,0.2164787009910301,0.1788644790649414,0.16057800830148114,0.07250547409057617,0.31586766242980957,14.0,4.6236429927884455,0.821436882019043,0.6190123558044434,0.5662732124328613,0.5551533699035645,0.5416030883789062,0.028107696585067864,0.753572635164552,0.2024245262145996,180.0,150.0,30.0,1.0,1.0
2007-08-03,0.7384472222222223,0.7079277777777778,0.7472431289640592,0.5641194444444444,0.8350791666666666,0.771126388888889,0.6468339390583576,0.30814445238842086,0.6587722305680396,0.2473728536971496,4,8,0,2007-08-02,2007-08-01,149.0,7.911849021911621,708.5969932079315,4.7556845181740375,3.978133201599121,1.7280359581589537,3.5149734020233154,6.632965087890625,15.0,4.93889429015106,135.0,0.821436882019043,29.224624633789062,0.2164787009910301,0.1788644790649414,0.16057800830148114,0.07250547409057617,0.31586766242980957,14.0,4.6236429927884455,0.821436882019043,0.6190123558044434,0.5662732124328613,0.5551533699035645,0.5416030883789062,0.028107696585067864,0.753572635164552,0.2024245262145996,180.0,150.0,30.0,1.0,1.0
2007-08-04,0.7951319444444445,0.7384472222222223,0.7079277777777778,0.7472431289640592,1.1262930555555557,0.7362833333333334,0.6330293755662941,0.3003722100297318,0.6564380043775635,0.2463833224466298,5,8,1,2007-08-02,2007-08-01,149.0,7.911849021911621,708.5969932079315,4.7556845181740375,3.978133201599121,1.7280359581589537,3.5149734020233154,6.632965087890625,15.0,4.93889429015106,135.0,0.821436882019043,29.224624633789062,0.2164787009910301,0.1788644790649414,0.16057800830148114,0.07250547409057617,0.31586766242980957,14.0,4.6236429927884455,0.821436882019043,0.6190123558044434,0.5662732124328613,0.5551533699035645,0.5416030883789062,0.028107696585067864,0.753572635164552,0.2024245262145996,180.0,150.0,30.0,1.0,1.0
2007-08-05,0.5465958333333333,0.7951319444444445,0.7384472222222223,0.7079277777777778,0.2229972222222222,0.9560625434329396,0.5857206454075641,0.2268046738732828,0.6606414765997856,0.24834451945928446,6,8,1,2007-08-02,2007-08-01,149.0,7.911849021911621,708.5969932079315,4.7556845181740375,3.978133201599121,1.7280359581589537,3.5149734020233154,6.632965087890625,15.0,4.93889429015106,135.0,0.821436882019043,29.224624633789062,0.2164787009910301,0.1788644790649414,0.16057800830148114,0.07250547409057617,0.31586766242980957,14.0,4.6236429927884455,0.821436882019043,0.6190123558044434,0.5662732124328613,0.5551533699035645,0.5416030883789062,0.028107696585067864,0.753572635164552,0.2024245262145996,180.0,150.0,30.0,1.0,1.0
2007-08-06,0.75675,0.5465958333333333,0.7951319444444445,0.7384472222222223,0.3241777777777778,0.6882069444444444,0.631949018423437,0.16514901979489433,0.6313938544498139,0.23460800020627742,0,8,0,2007-08-02,2007-08-01,149.0,7.911849021911621,708.5969932079315,4.7556845181740375,3.978133201599121,1.7280359581589537,3.5149734020233154,6.632965087890625,15.0,4.93889429015106,135.0,0.821436882019043,29.224624633789062,0.2164787009910301,0.1788644790649414,0.16057800830148114,0.07250547409057617,0.31586766242980957,14.0,4.6236429927884455,0.821436882019043,0.6190123558044434,0.5662732124328613,0.5551533699035645,0.5416030883789062,0.028107696585067864,0.753572635164552,0.2024245262145996,180.0,150.0,30.0,1.0,1.0
2007-08-07,1.0302638888888889,0.75675,0.5465958333333333,0.7951319444444445,0.5641194444444444,0.5731138888888889,0.6937450501694687,0.09812075391432833,0.6362897869894962,0.23659162036442755,1,8,0,2007-08-02,2007-08-01,149.0,7.911849021911621,708.5969932079315,4.7556845181740375,3.978133201599121,1.7280359581589537,3.5149734020233154,6.632965087890625,15.0,4.93889429015106,135.0,0.821436882019043,29.224624633789062,0.2164787009910301,0.1788644790649414,0.16057800830148114,0.07250547409057617,0.31586766242980957,14.0,4.6236429927884455,0.821436882019043,0.6190123558044434,0.5662732124328613,0.5551533699035645,0.5416030883789062,0.028107696585067864,0.753572635164552,0.2024245262145996,180.0,150.0,30.0,1.0,1.0
2007-08-08,0.7815847222222222,1.0302638888888889,0.75675,0.5465958333333333,0.7472431289640592,0.32816666666666666,0.7603371136615323,0.143275204184621,0.6689433584180676,0.2577983039024432,2,8,0,2007-08-02,2007-08-01,149.0,7.911849021911621,708.5969932079315,4.7556845181740375,3.978133201599121,1.7280359581589537,3.5149734020233154,6.632965087890625,15.0,4.93889429015106,135.0,0.821436882019043,29.224624633789062,0.2164787009910301,0.1788644790649414,0.16057800830148114,0.07250547409057617,0.31586766242980957,14.0,4.6236429927884455,0.821436882019043,0.6190123558044434,0.5662732124328613,0.5551533699035645,0.5416030883789062,0.028107696585067864,0.753572635164552,0.2024245262145996,180.0,150.0,30.0,1.0,1.0
2007-08-09,0.7442222222222222,0.7815847222222222,1.0302638888888889,0.75675,0.7079277777777778,0.6420138888888889,0.7652430555555556,0.1433400591705421,0.7013303623863216,0.23952742291513685,3,8,0,2007-08-09,2007-08-08,149.0,7.911849021911621,678.3979830741882,4.553006597813344,3.8098795413970947,1.6960399980546312,3.4626972675323486,6.538768291473389,15.0,4.936965278125351,136.0,0.821436882019043,29.267409801483154,0.21520154265796437,0.17571496963500977,0.16067327714928684,0.07053875923156738,0.3156818151473999,14.0,4.627887774149365,0.821436882019043,0.6190123558044434,0.5662732124328613,0.5551533699035645,0.5416030883789062,0.028066606768099304,0.753572635164552,0.2024245262145996,180.0,150.0,30.0,1.0,1.0
2007-08-10,0.7138958333333333,0.7442222222222222,0.7815847222222222,1.0302638888888889,0.7384472222222223,0.8350791666666666,0.7704279761904761,0.14156676041797275,0.7086309576244171,0.23913773118775533,4,8,0,2007-08-09,2007-08-08,149.0,7.911849021911621,678.3979830741882,4.553006597813344,3.8098795413970947,1.6960399980546312,3.4626972675323486,6.538768291473389,15.0,4.936965278125351,136.0,0.821436882019043,29.267409801483154,0.21520154265796437,0.17571496963500977,0.16067327714928684,0.07053875923156738,0.3156818151473999,14.0,4.627887774149365,0.821436882019043,0.6190123558044434,0.5662732124328613,0.5551533699035645,0.5416030883789062,0.028066606768099304,0.753572635164552,0.2024245262145996,180.0,150.0,30.0,1.0,1.0
2007-08-11,0.7580902777777778,0.7138958333333333,0.7442222222222222,0.7815847222222222,0.7951319444444445,1.1262930555555557,0.766920634920635,0.14278999170319942,0.6999750052434646,0.23638604676911487,5,8,1,2007-08-09,2007-08-08,149.0,7.911849021911621,678.3979830741882,4.553006597813344,3.8098795413970947,1.6960399980546312,3.4626972675323486,6.538768291473389,15.0,4.936965278125351,136.0,0.821436882019043,29.267409801483154,0.21520154265796437,0.17571496963500977,0.16067327714928684,0.07053875923156738,0.3156818151473999,14.0,4.627887774149365,0.821436882019043,0.6190123558044434,0.5662732124328613,0.5551533699035645,0.5416030883789062,0.028066606768099304,0.753572635164552,0.2024245262145996,180.0,150.0,30.0,1.0,1.0
2007-08-12,0.8624333333333334,0.7580902777777778,0.7138958333333333,0.7442222222222222,0.5465958333333333,0.2229972222222222,0.7616289682539683,0.1422556240558072,0.6736748068307661,0.20350112816940436,6,8,1,2007-08-09,2007-08-08,149.0,7.911849021911621,678.3979830741882,4.553006597813344,3.8098795413970947,1.6960399980546312,3.4626972675323486,6.538768291473389,15.0,4.936965278125351,136.0,0.821436882019043,29.267409801483154,0.21520154265796437,0.17571496963500977,0.16067327714928684,0.07053875923156738,0.3156818151473999,14.0,4.627887774149365,0.821436882019043,0.6190123558044434,0.5662732124328613,0.5551533699035645,0.5416030883789062,0.028066606768099304,0.753572635164552,0.2024245262145996,180.0,150.0,30.0,1.0,1.0
2007-08-13,0.8007027777777778,0.8624333333333334,0.7580902777777778,0.7138958333333333,0.75675,0.3241777777777778,0.8067486111111111,0.10885140571547447,0.7193488147672741,0.16212035064347322,0,8,0,2007-08-09,2007-08-08,149.0,7.911849021911621,678.3979830741882,4.553006597813344,3.8098795413970947,1.6960399980546312,3.4626972675323486,6.538768291473389,15.0,4.936965278125351,136.0,0.821436882019043,29.267409801483154,0.21520154265796437,0.17571496963500977,0.16067327714928684,0.07053875923156738,0.3156818151473999,14.0,4.627887774149365,0.821436882019043,0.6190123558044434,0.5662732124328613,0.5551533699035645,0.5416030883789062,0.028066606768099304,0.753572635164552,0.2024245262145996,180.0,150.0,30.0,1.0,1.0
2007-08-14,0.6536041666666667,0.8007027777777778,0.8624333333333334,0.7580902777777778,1.0302638888888889,0.5641194444444444,0.8130275793650794,0.1067336904392759,0.7533863147672741,0.1163276884628988,1,8,0,2007-08-09,2007-08-08,149.0,7.911849021911621,678.3979830741882,4.553006597813344,3.8098795413970947,1.6960399980546312,3.4626972675323486,6.538768291473389,15.0,4.936965278125351,136.0,0.821436882019043,29.267409801483154,0.21520154265796437,0.17571496963500977,0.16067327714928684,0.07053875923156738,0.3156818151473999,14.0,4.627887774149365,0.821436882019043,0.6190123558044434,0.5662732124328613,0.5551533699035645,0.5416030883789062,0.028066606768099304,0.753572635164552,0.2024245262145996,180.0,150.0,30.0,1.0,1.0
2007-08-15,0.8276805555555555,0.6536041666666667,0.8007027777777778,0.8624333333333334,0.7815847222222222,0.7472431289640592,0.7592190476190476,0.06621831036926261,0.75977808064029,0.10723097565704123,2,8,0,2007-08-09,2007-08-08,149.0,7.911849021911621,678.3979830741882,4.553006597813344,3.8098795413970947,1.6960399980546312,3.4626972675323486,6.538768291473389,15.0,4.936965278125351,136.0,0.821436882019043,29.267409801483154,0.21520154265796437,0.17571496963500977,0.16067327714928684,0.07053875923156738,0.3156818151473999,14.0,4.627887774149365,0.821436882019043,0.6190123558044434,0.5662732124328613,0.5551533699035645,0.5416030883789062,0.028066606768099304,0.753572635164552,0.2024245262145996,180.0,150.0,30.0,1.0,1.0
2007-08-16,0.6656222222222222,0.8276805555555555,0.6536041666666667,0.8007027777777778,0.7442222222222222,0.7079277777777778,0.7658041666666666,0.07093705647420388,0.7655236111111111,0.10865320032290089,3,8,0,2007-08-16,2007-08-15,149.0,7.911849021911621,645.3956303596497,4.33151429771577,3.733839273452759,1.5845508598991171,3.372205972671509,5.605598449707031,15.0,4.940451926362138,147.0,0.821436882019043,30.461924076080322,0.20722397330666886,0.16791725158691406,0.15805146291572278,0.06947755813598633,0.30801844596862793,15.0,4.6976946996360445,0.821436882019043,0.6190123558044434,0.5662732124328613,0.5551533699035645,0.5416030883789062,0.02696602092393965,0.753572635164552,0.2024245262145996,180.0,150.0,30.0,1.0,1.0
2007-08-17,0.7013138888888888,0.6656222222222222,0.8276805555555555,0.6536041666666667,0.7138958333333333,0.7384472222222223,0.7545755952380953,0.08049893564485501,0.7625017857142857,0.11094243160918844,4,8,0,2007-08-16,2007-08-15,149.0,7.911849021911621,645.3956303596497,4.33151429771577,3.733839273452759,1.5845508598991171,3.372205972671509,5.605598449707031,15.0,4.940451926362138,147.0,0.821436882019043,30.461924076080322,0.20722397330666886,0.16791725158691406,0.15805146291572278,0.06947755813598633,0.30801844596862793,15.0,4.6976946996360445,0.821436882019043,0.6190123558044434,0.5662732124328613,0.5551533699035645,0.5416030883789062,0.02696602092393965,0.753572635164552,0.2024245262145996,180.0,150.0,30.0,1.0,1.0
2007-08-18,0.24163888888888888,0.7013138888888888,0.6656222222222222,0.8276805555555555,0.7580902777777778,0.7951319444444445,0.7527781746031745,0.0816902922912265,0.7598494047619048,0.11200059946775108,5,8,1,2007-08-16,2007-08-15,149.0,7.911849021911621,645.3956303596497,4.33151429771577,3.733839273452759,1.5845508598991171,3.372205972671509,5.605598449707031,15.0,4.940451926362138,147.0,0.821436882019043,30.461924076080322,0.20722397330666886,0.16791725158691406,0.15805146291572278,0.06947755813598633,0.30801844596862793,15.0,4.6976946996360445,0.821436882019043,0.6190123558044434,0.5662732124328613,0.5551533699035645,0.5416030883789062,0.02696602092393965,0.753572635164552,0.2024245262145996,180.0,150.0,30.0,1.0,1.0
2007-08-19,0.9877041666666667,0.24163888888888888,0.7013138888888888,0.6656222222222222,0.8624333333333334,0.5465958333333333,0.6789994047619048,0.2094324974516808,0.7203141865079365,0.1772630722219304,6,8,1,2007-08-16,2007-08-15,149.0,7.911849021911621,645.3956303596497,4.33151429771577,3.733839273452759,1.5845508598991171,3.372205972671509,5.605598449707031,15.0,4.940451926362138,147.0,0.821436882019043,30.461924076080322,0.20722397330666886,0.16791725158691406,0.15805146291572278,0.06947755813598633,0.30801844596862793,15.0,4.6976946996360445,0.821436882019043,0.6190123558044434,0.5662732124328613,0.5551533699035645,0.5416030883789062,0.02696602092393965,0.753572635164552,0.2024245262145996,180.0,150.0,30.0,1.0,1.0
2007-08-20,0.929751388888889,0.9877041666666667,0.24163888888888888,0.7013138888888888,0.8007027777777778,0.75675,0.6968952380952381,0.23186944022076905,0.7518219246031747,0.1831160975735889,0,8,0,2007-08-16,2007-08-15,149.0,7.911849021911621,645.3956303596497,4.33151429771577,3.733839273452759,1.5845508598991171,3.372205972671509,5.605598449707031,15.0,4.940451926362138,147.0,0.821436882019043,30.461924076080322,0.20722397330666886,0.16791725158691406,0.15805146291572278,0.06947755813598633,0.30801844596862793,15.0,4.6976946996360445,0.821436882019043,0.6190123558044434,0.5662732124328613,0.5551533699035645,0.5416030883789062,0.02696602092393965,0.753572635164552,0.2024245262145996,180.0,150.0,30.0,1.0,1.0
2007-08-21,0.44621944444444445,0.929751388888889,0.9877041666666667,0.24163888888888888,0.6536041666666667,1.0302638888888889,0.715330753968254,0.24618676101648285,0.7641791666666667,0.1892101712527848,1,8,0,2007-08-16,2007-08-15,149.0,7.911849021911621,645.3956303596497,4.33151429771577,3.733839273452759,1.5845508598991171,3.372205972671509,5.605598449707031,15.0,4.940451926362138,147.0,0.821436882019043,30.461924076080322,0.20722397330666886,0.16791725158691406,0.15805146291572278,0.06947755813598633,0.30801844596862793,15.0,4.6976946996360445,0.821436882019043,0.6190123558044434,0.5662732124328613,0.5551533699035645,0.5416030883789062,0.02696602092393965,0.753572635164552,0.2024245262145996,180.0,150.0,30.0,1.0,1.0
2007-08-22,0.8401444444444445,0.44621944444444445,0.929751388888889,0.9877041666666667,0.8276805555555555,0.7815847222222222,0.685704365079365,0.26649396262775815,0.7224617063492064,0.19041226737961883,2,8,0,2007-08-16,2007-08-15,149.0,7.911849021911621,645.3956303596497,4.33151429771577,3.733839273452759,1.5845508598991171,3.372205972671509,5.605598449707031,15.0,4.940451926362138,147.0,0.821436882019043,30.461924076080322,0.20722397330666886,0.16791725158691406,0.15805146291572278,0.06947755813598633,0.30801844596862793,15.0,4.6976946996360445,0.821436882019043,0.6190123558044434,0.5662732124328613,0.5551533699035645,0.5416030883789062,0.02696602092393965,0.753572635164552,0.2024245262145996,180.0,150.0,30.0,1.0,1.0
2007-08-23,0.7724388888888888,0.8401444444444445,0.44621944444444445,0.929751388888889,0.6656222222222222,0.7442222222222222,0.6874849206349207,0.26763983868494656,0.7266445436507938,0.19244331042225774,3,8,0,2007-08-23,2007-08-22,149.0,7.366025924682617,615.0856578350067,4.128091663322193,3.675657033920288,1.4580774011136792,3.2392687797546387,4.234415054321289,15.0,4.945676114102403,152.0,0.821436882019043,29.58674931526184,0.19464966654777527,0.15961182117462158,0.15701603128062644,0.06500524282455444,0.29720747470855713,16.0,4.702877642881073,0.821436882019043,0.6190123558044434,0.5662732124328613,0.5551533699035645,0.5416030883789062,0.027763674652670215,0.753572635164552,0.2024245262145996,180.0,150.0,30.0,1.0,1.0
2007-08-24,1.1509478804725504,0.7724388888888888,0.8401444444444445,0.44621944444444445,0.7013138888888888,0.7138958333333333,0.7027444444444443,0.2692259667948665,0.7286600198412697,0.19278901135569682,4,8,0,2007-08-23,2007-08-22,149.0,7.366025924682617,615.0856578350067,4.128091663322193,3.675657033920288,1.4580774011136792,3.2392687797546387,4.234415054321289,15.0,4.945676114102403,152.0,0.821436882019043,29.58674931526184,0.19464966654777527,0.15961182117462158,0.15701603128062644,0.06500524282455444,0.29720747470855713,16.0,4.702877642881073,0.821436882019043,0.6190123558044434,0.5662732124328613,0.5551533699035645,0.5416030883789062,0.027763674652670215,0.753572635164552,0.2024245262145996,180.0,150.0,30.0,1.0,1.0
2007-08-25,0.7992222222222223,1.1509478804725504,0.7724388888888888,0.8401444444444445,0.24163888888888888,0.7580902777777778,0.7669778718135388,0.31804047656886963,0.7598780232083568,0.22320118579911602,5,8,1,2007-08-23,2007-08-22,149.0,7.366025924682617,615.0856578350067,4.128091663322193,3.675657033920288,1.4580774011136792,3.2392687797546387,4.234415054321289,15.0,4.945676114102403,152.0,0.821436882019043,29.58674931526184,0.19464966654777527,0.15961182117462158,0.15701603128062644,0.06500524282455444,0.29720747470855713,16.0,4.702877642881073,0.821436882019043,0.6190123558044434,0.5662732124328613,0.5551533699035645,0.5416030883789062,0.027763674652670215,0.753572635164552,0.2024245262145996,180.0,150.0,30.0,1.0,1.0
2007-08-26,0.9131291666666667,0.7992222222222223,1.1509478804725504,0.7724388888888888,0.9877041666666667,0.8624333333333334,0.8466326337183008,0.21891510984518092,0.7628160192401028,0.22344641861950365,6,8,1,2007-08-23,2007-08-22,149.0,7.366025924682617,615.0856578350067,4.128091663322193,3.675657033920288,1.4580774011136792,3.2392687797546387,4.234415054321289,15.0,4.945676114102403,152.0,0.821436882019043,29.58674931526184,0.19464966654777527,0.15961182117462158,0.15701603128062644,0.06500524282455444,0.29720747470855713,16.0,4.702877642881073,0.821436882019043,0.6190123558044434,0.5662732124328613,0.5551533699035645,0.5416030883789062,0.027763674652670215,0.753572635164552,0.2024245262145996,180.0,150.0,30.0,1.0,1.0
2007-08-27,0.8414791666666667,0.9131291666666667,0.7992222222222223,1.1509478804725504,0.929751388888889,0.8007027777777778,0.8359790622897293,0.21262998899011992,0.7664371501924837,0.22558552577192784,0,8,0,2007-08-23,2007-08-22,149.0,7.366025924682617,615.0856578350067,4.128091663322193,3.675657033920288,1.4580774011136792,3.2392687797546387,4.234415054321289,15.0,4.945676114102403,152.0,0.821436882019043,29.58674931526184,0.19464966654777527,0.15961182117462158,0.15701603128062644,0.06500524282455444,0.29720747470855713,16.0,4.702877642881073,0.821436882019043,0.6190123558044434,0.5662732124328613,0.5551533699035645,0.5416030883789062,0.027763674652670215,0.753572635164552,0.2024245262145996,180.0,150.0,30.0,1.0,1.0
2007-08-28,0.6923638888888889,0.8414791666666667,0.9131291666666667,0.7992222222222223,0.44621944444444445,0.6536041666666667,0.8233687448294119,0.2087234751510631,0.7693497493988329,0.22632399995380084,1,8,0,2007-08-23,2007-08-22,149.0,7.366025924682617,615.0856578350067,4.128091663322193,3.675657033920288,1.4580774011136792,3.2392687797546387,4.234415054321289,15.0,4.945676114102403,152.0,0.821436882019043,29.58674931526184,0.19464966654777527,0.15961182117462158,0.15701603128062644,0.06500524282455444,0.29720747470855713,16.0,4.702877642881073,0.821436882019043,0.6190123558044434,0.5662732124328613,0.5551533699035645,0.5416030883789062,0.027763674652670215,0.753572635164552,0.2024245262145996,180.0,150.0,30.0,1.0,1.0
2007-08-29,0.5194388888888889,0.6923638888888889,0.8414791666666667,0.9131291666666667,0.8401444444444445,0.8276805555555555,0.858532236892904,0.14586427124513804,0.7721183009861345,0.2250325895923164,2,8,0,2007-08-23,2007-08-22,149.0,7.366025924682617,615.0856578350067,4.128091663322193,3.675657033920288,1.4580774011136792,3.2392687797546387,4.234415054321289,15.0,4.945676114102403,152.0,0.821436882019043,29.58674931526184,0.19464966654777527,0.15961182117462158,0.15701603128062644,0.06500524282455444,0.29720747470855713,16.0,4.702877642881073,0.821436882019043,0.6190123558044434,0.5662732124328613,0.5551533699035645,0.5416030883789062,0.027763674652670215,0.753572635164552,0.2024245262145996,180.0,150.0,30.0,1.0,1.0
2007-08-30,0.8350402777777778,0.5194388888888889,0.6923638888888889,0.8414791666666667,0.7724388888888888,0.6656222222222222,0.8127171575278247,0.1947696721019023,0.7501010390813726,0.23407571861425241,3,8,0,2007-08-30,2007-08-29,149.0,7.366025924682617,588.0435280799866,3.9466008595972255,3.6047279834747314,1.3511495091002288,3.013206958770752,4.060365200042725,15.0,4.950315518638286,147.0,0.821436882019043,28.4736430644989,0.1936982521394483,0.16202616691589355,0.1564300816966943,0.06678617000579834,0.28846120834350586,15.0,4.673818630416638,0.821436882019043,0.6190123558044434,0.5662732124328613,0.5551533699035645,0.5416030883789062,0.028849026454335767,0.753572635164552,0.2024245262145996,180.0,150.0,30.0,1.0,1.0
2007-08-31,0.8887652777777777,0.8350402777777778,0.5194388888888889,0.6923638888888889,1.1509478804725504,0.7013138888888888,0.8216602130833802,0.19404788330828326,0.7622023287639124,0.23375144152361688,4,8,0,2007-08-30,2007-08-29,149.0,7.366025924682617,588.0435280799866,3.9466008595972255,3.6047279834747314,1.3511495091002288,3.013206958770752,4.060365200042725,15.0,4.950315518638286,147.0,0.821436882019043,28.4736430644989,0.1936982521394483,0.16202616691589355,0.1564300816966943,0.06678617000579834,0.28846120834350586,15.0,4.673818630416638,0.821436882019043,0.6190123558044434,0.5662732124328613,0.5551533699035645,0.5416030883789062,0.028849026454335767,0.753572635164552,0.2024245262145996,180.0,150.0,30.0,1.0,1.0
2007-09-01,1.1815875,0.8887652777777777,0.8350402777777778,0.5194388888888889,0.7992222222222223,0.24163888888888888,0.7842055555555555,0.13673590623162482,0.7755917136845473,0.23535856320152587,5,9,1,2007-08-30,2007-08-29,149.0,7.366025924682617,588.0435280799866,3.9466008595972255,3.6047279834747314,1.3511495091002288,3.013206958770752,4.060365200042725,15.0,4.950315518638286,147.0,0.821436882019043,28.4736430644989,0.1936982521394483,0.16202616691589355,0.1564300816966943,0.06678617000579834,0.28846120834350586,15.0,4.673818630416638,0.821436882019043,0.6190123558044434,0.5662732124328613,0.5551533699035645,0.5416030883789062,0.028849026454335767,0.753572635164552,0.2024245262145996,180.0,150.0,30.0,1.0,1.0
2007-09-02,1.1544916666666667,1.1815875,0.8887652777777777,0.8350402777777778,0.9131291666666667,0.9877041666666667,0.8388291666666666,0.20370770954762918,0.8427309001924838,0.20319317576917212,6,9,1,2007-08-30,2007-08-29,149.0,7.366025924682617,588.0435280799866,3.9466008595972255,3.6047279834747314,1.3511495091002288,3.013206958770752,4.060365200042725,15.0,4.950315518638286,147.0,0.821436882019043,28.4736430644989,0.1936982521394483,0.16202616691589355,0.1564300816966943,0.06678617000579834,0.28846120834350586,15.0,4.673818630416638,0.821436882019043,0.6190123558044434,0.5662732124328613,0.5551533699035645,0.5416030883789062,0.028849026454335767,0.753572635164552,0.2024245262145996,180.0,150.0,30.0,1.0,1.0
2007-09-03,0.7214736111111111,1.1544916666666667,1.1815875,0.8887652777777777,0.8414791666666667,0.929751388888889,0.8733095238095239,0.2362135489623056,0.8546442930496266,0.21678198714169328,0,9,0,2007-08-30,2007-08-29,149.0,7.366025924682617,588.0435280799866,3.9466008595972255,3.6047279834747314,1.3511495091002288,3.013206958770752,4.060365200042725,15.0,4.950315518638286,147.0,0.821436882019043,28.4736430644989,0.1936982521394483,0.16202616691589355,0.1564300816966943,0.06678617000579834,0.28846120834350586,15.0,4.673818630416638,0.821436882019043,0.6190123558044434,0.5662732124328613,0.5551533699035645,0.5416030883789062,0.028849026454335767,0.753572635164552,0.2024245262145996,180.0,150.0,30.0,1.0,1.0
2007-09-04,1.1006555555555555,0.7214736111111111,1.1544916666666667,1.1815875,0.6923638888888889,0.44621944444444445,0.856165873015873,0.24316136058578489,0.8397673089226424,0.21837201828828257,1,9,0,2007-08-30,2007-08-29,149.0,7.366025924682617,588.0435280799866,3.9466008595972255,3.6047279834747314,1.3511495091002288,3.013206958770752,4.060365200042725,15.0,4.950315518638286,147.0,0.821436882019043,28.4736430644989,0.1936982521394483,0.16202616691589355,0.1564300816966943,0.06678617000579834,0.28846120834350586,15.0,4.673818630416638,0.821436882019043,0.6190123558044434,0.5662732124328613,0.5551533699035645,0.5416030883789062,0.028849026454335767,0.753572635164552,0.2024245262145996,180.0,150.0,30.0,1.0,1.0
2007-09-05,0.8587305555555554,1.1006555555555555,0.7214736111111111,1.1544916666666667,0.5194388888888889,0.8401444444444445,0.914493253968254,0.24627024958185342,0.8865127454305791,0.19660840672656796,2,9,0,2007-08-30,2007-08-29,149.0,7.366025924682617,588.0435280799866,3.9466008595972255,3.6047279834747314,1.3511495091002288,3.013206958770752,4.060365200042725,15.0,4.950315518638286,147.0,0.821436882019043,28.4736430644989,0.1936982521394483,0.16202616691589355,0.1564300816966943,0.06678617000579834,0.28846120834350586,15.0,4.673818630416638,0.821436882019043,0.6190123558044434,0.5662732124328613,0.5551533699035645,0.5416030883789062,0.028849026454335767,0.753572635164552,0.2024245262145996,180.0,150.0,30.0,1.0,1.0
2007-09-06,0.6260236111111112,0.8587305555555554,1.1006555555555555,0.7214736111111111,0.8350402777777778,0.7724388888888888,0.9629634920634921,0.18004175176589496,0.8878403247956583,0.19633378347611485,3,9,0,2007-09-06,2007-09-05,149.0,7.366025924682617,558.9044673442841,3.751036693585799,3.5247325897216797,1.1940418762093739,2.9789810180664062,3.877152681350708,15.0,4.958215466603628,149.0,0.821436882019043,28.55031681060791,0.19161286450072423,0.14896202087402344,0.1547995783726797,0.07345151901245117,0.26960277557373047,15.0,4.696872460500446,0.821436882019043,0.6190123558044434,0.5662732124328613,0.5551533699035645,0.5416030883789062,0.02877155050391024,0.753572635164552,0.2024245262145996,180.0,150.0,30.0,1.0,1.0
2007-09-07,0.9281222222222223,0.6260236111111112,0.8587305555555554,1.1006555555555555,0.8887652777777777,1.1509478804725504,0.9331039682539684,0.21810287739263765,0.8773820906686743,0.2065857363165867,4,9,0,2007-09-06,2007-09-05,149.0,7.366025924682617,558.9044673442841,3.751036693585799,3.5247325897216797,1.1940418762093739,2.9789810180664062,3.877152681350708,15.0,4.958215466603628,149.0,0.821436882019043,28.55031681060791,0.19161286450072423,0.14896202087402344,0.1547995783726797,0.07345151901245117,0.26960277557373047,15.0,4.696872460500446,0.821436882019043,0.6190123558044434,0.5662732124328613,0.5551533699035645,0.5416030883789062,0.02877155050391024,0.753572635164552,0.2024245262145996,180.0,150.0,30.0,1.0,1.0
2007-09-08,1.020661111111111,0.9281222222222223,0.6260236111111112,0.8587305555555554,1.1815875,0.7992222222222223,0.9387263888888889,0.21727509743237844,0.8614659722222223,0.19195341259164014,5,9,1,2007-09-06,2007-09-05,149.0,7.366025924682617,558.9044673442841,3.751036693585799,3.5247325897216797,1.1940418762093739,2.9789810180664062,3.877152681350708,15.0,4.958215466603628,149.0,0.821436882019043,28.55031681060791,0.19161286450072423,0.14896202087402344,0.1547995783726797,0.07345151901245117,0.26960277557373047,15.0,4.696872460500446,0.821436882019043,0.6190123558044434,0.5662732124328613,0.5551533699035645,0.5416030883789062,0.02877155050391024,0.753572635164552,0.2024245262145996,180.0,150.0,30.0,1.0,1.0
2007-09-09,1.1663208333333333,1.020661111111111,0.9281222222222223,0.6260236111111112,1.1544916666666667,0.9131291666666667,0.9157369047619047,0.19462912275146635,0.8772830357142858,0.19552016593595742,6,9,1,2007-09-06,2007-09-05,149.0,7.366025924682617,558.9044673442841,3.751036693585799,3.5247325897216797,1.1940418762093739,2.9789810180664062,3.877152681350708,15.0,4.958215466603628,149.0,0.821436882019043,28.55031681060791,0.19161286450072423,0.14896202087402344,0.1547995783726797,0.07345151901245117,0.26960277557373047,15.0,4.696872460500446,0.821436882019043,0.6190123558044434,0.5662732124328613,0.5551533699035645,0.5416030883789062,0.02877155050391024,0.753572635164552,0.2024245262145996,180.0,150.0,30.0,1.0,1.0
2007-09-10,0.7759555555555555,1.1663208333333333,1.020661111111111,0.9281222222222223,0.7214736111111111,0.8414791666666667,0.9174267857142856,0.1970835066584259,0.8953681547619048,0.21024613060626726,0,9,0,2007-09-06,2007-09-05,149.0,7.366025924682617,558.9044673442841,3.751036693585799,3.5247325897216797,1.1940418762093739,2.9789810180664062,3.877152681350708,15.0,4.958215466603628,149.0,0.821436882019043,28.55031681060791,0.19161286450072423,0.14896202087402344,0.1547995783726797,0.07345151901245117,0.26960277557373047,15.0,4.696872460500446,0.821436882019043,0.6190123558044434,0.5662732124328613,0.5551533699035645,0.5416030883789062,0.02877155050391024,0.753572635164552,0.2024245262145996,180.0,150.0,30.0,1.0,1.0
2007-09-11,0.6830361111111111,0.7759555555555555,1.1663208333333333,1.020661111111111,1.1006555555555555,0.6923638888888889,0.9252099206349207,0.1889637855877432,0.8906878968253968,0.21225770604189084,1,9,0,2007-09-06,2007-09-05,149.0,7.366025924682617,558.9044673442841,3.751036693585799,3.5247325897216797,1.1940418762093739,2.9789810180664062,3.877152681350708,15.0,4.958215466603628,149.0,0.821436882019043,28.55031681060791,0.19161286450072423,0.14896202087402344,0.1547995783726797,0.07345151901245117,0.26960277557373047,15.0,4.696872460500446,0.821436882019043,0.6190123558044434,0.5662732124328613,0.5551533699035645,0.5416030883789062,0.02877155050391024,0.753572635164552,0.2024245262145996,180.0,150.0,30.0,1.0,1.0
2007-09-12,0.8942805555555555,0.6830361111111111,0.7759555555555555,1.1663208333333333,0.8587305555555554,0.5194388888888889,0.8655499999999999,0.1902610986150861,0.890021626984127,0.2129416634150278,2,9,0,2007-09-06,2007-09-05,149.0,7.366025924682617,558.9044673442841,3.751036693585799,3.5247325897216797,1.1940418762093739,2.9789810180664062,3.877152681350708,15.0,4.958215466603628,149.0,0.821436882019043,28.55031681060791,0.19161286450072423,0.14896202087402344,0.1547995783726797,0.07345151901245117,0.26960277557373047,15.0,4.696872460500446,0.821436882019043,0.6190123558044434,0.5662732124328613,0.5551533699035645,0.5416030883789062,0.02877155050391024,0.753572635164552,0.2024245262145996,180.0,150.0,30.0,1.0,1.0
2007-09-13,0.7960986111111111,0.8942805555555555,0.6830361111111111,0.7759555555555555,0.6260236111111112,0.8350402777777778,0.8706285714285714,0.19052301289828108,0.9167960317460319,0.18441683270972334,3,9,0,2007-09-13,2007-09-12,149.0,6.740644454956055,531.9172368049622,3.5699143409729004,3.476987600326538,0.9878780744158984,2.9789810180664062,3.785057544708252,15.0,4.969439943968917,147.0,0.5662732124328613,23.328660249710083,0.15869836904564683,0.11425590515136719,0.1299738846491052,0.05936121940612793,0.21067309379577637,15.0,4.669084967640429,0.5662732124328613,0.5416030883789062,0.5209426879882812,0.4845261573791504,0.459871768951416,0.024273713379657055,0.9564342379044108,0.024670124053955078,180.0,150.0,30.0,1.0,1.0
2007-09-14,0.7885208333333333,0.7960986111111111,0.8942805555555555,0.6830361111111111,0.9281222222222223,0.8887652777777777,0.8949249999999999,0.16298518539362303,0.914014484126984,0.18603141429664427,4,9,0,2007-09-13,2007-09-12,149.0,6.740644454956055,531.9172368049622,3.5699143409729004,3.476987600326538,0.9878780744158984,2.9789810180664062,3.785057544708252,15.0,4.969439943968917,147.0,0.5662732124328613,23.328660249710083,0.15869836904564683,0.11425590515136719,0.1299738846491052,0.05936121940612793,0.21067309379577637,15.0,4.669084967640429,0.5662732124328613,0.5416030883789062,0.5209426879882812,0.4845261573791504,0.459871768951416,0.024273713379657055,0.9564342379044108,0.024670124053955078,180.0,150.0,30.0,1.0,1.0
2007-09-15,0.7606333333333333,0.7885208333333333,0.7960986111111111,0.8942805555555555,1.020661111111111,1.1815875,0.8749819444444444,0.16674368394498687,0.9068541666666666,0.18898377714057174,5,9,1,2007-09-13,2007-09-12,149.0,6.740644454956055,531.9172368049622,3.5699143409729004,3.476987600326538,0.9878780744158984,2.9789810180664062,3.785057544708252,15.0,4.969439943968917,147.0,0.5662732124328613,23.328660249710083,0.15869836904564683,0.11425590515136719,0.1299738846491052,0.05936121940612793,0.21067309379577637,15.0,4.669084967640429,0.5662732124328613,0.5416030883789062,0.5209426879882812,0.4845261573791504,0.459871768951416,0.024273713379657055,0.9564342379044108,0.024670124053955078,180.0,150.0,30.0,1.0,1.0
2007-09-16,1.1473777777777778,0.7606333333333333,0.7885208333333333,0.7960986111111111,1.1663208333333333,1.1544916666666667,0.837835119047619,0.15759373698225,0.8767860119047618,0.1748709627378852,6,9,1,2007-09-13,2007-09-12,149.0,6.740644454956055,531.9172368049622,3.5699143409729004,3.476987600326538,0.9878780744158984,2.9789810180664062,3.785057544708252,15.0,4.969439943968917,147.0,0.5662732124328613,23.328660249710083,0.15869836904564683,0.11425590515136719,0.1299738846491052,0.05936121940612793,0.21067309379577637,15.0,4.669084967640429,0.5662732124328613,0.5416030883789062,0.5209426879882812,0.4845261573791504,0.459871768951416,0.024273713379657055,0.9564342379044108,0.024670124053955078,180.0,150.0,30.0,1.0,1.0
2007-09-17,1.0147125,1.1473777777777778,0.7606333333333333,0.7885208333333333,0.7759555555555555,0.7214736111111111,0.8351289682539683,0.15103931383103394,0.876277876984127,0.17401015778739992,0,9,0,2007-09-13,2007-09-12,149.0,6.740644454956055,531.9172368049622,3.5699143409729004,3.476987600326538,0.9878780744158984,2.9789810180664062,3.785057544708252,15.0,4.969439943968917,147.0,0.5662732124328613,23.328660249710083,0.15869836904564683,0.11425590515136719,0.1299738846491052,0.05936121940612793,0.21067309379577637,15.0,4.669084967640429,0.5662732124328613,0.5416030883789062,0.5209426879882812,0.4845261573791504,0.459871768951416,0.024273713379657055,0.9564342379044108,0.024670124053955078,180.0,150.0,30.0,1.0,1.0
2007-09-18,0.8107777777777778,1.0147125,1.1473777777777778,0.7606333333333333,0.6830361111111111,1.1006555555555555,0.8692371031746031,0.16200948735848236,0.8972235119047619,0.17157453293571412,1,9,0,2007-09-13,2007-09-12,149.0,6.740644454956055,531.9172368049622,3.5699143409729004,3.476987600326538,0.9878780744158984,2.9789810180664062,3.785057544708252,15.0,4.969439943968917,147.0,0.5662732124328613,23.328660249710083,0.15869836904564683,0.11425590515136719,0.1299738846491052,0.05936121940612793,0.21067309379577637,15.0,4.669084967640429,0.5662732124328613,0.5416030883789062,0.5209426879882812,0.4845261573791504,0.459871768951416,0.024273713379657055,0.9564342379044108,0.024670124053955078,180.0,150.0,30.0,1.0,1.0
2007-09-19,0.9018638888888889,0.8107777777777778,1.0147125,1.1473777777777778,0.8942805555555555,0.8587305555555554,0.8874859126984127,0.14369991527608214,0.8765179563492064,0.16238080900016522,2,9,0,2007-09-13,2007-09-12,149.0,6.740644454956055,531.9172368049622,3.5699143409729004,3.476987600326538,0.9878780744158984,2.9789810180664062,3.785057544708252,15.0,4.969439943968917,147.0,0.5662732124328613,23.328660249710083,0.15869836904564683,0.11425590515136719,0.1299738846491052,0.05936121940612793,0.21067309379577637,15.0,4.669084967640429,0.5662732124328613,0.5416030883789062,0.5209426879882812,0.4845261573791504,0.459871768951416,0.024273713379657055,0.9564342379044108,0.024670124053955078,180.0,150.0,30.0,1.0,1.0
2007-09-20,0.8718972222222222,0.9018638888888889,0.8107777777777778,1.0147125,0.7960986111111111,0.6260236111111112,0.8885692460317459,0.1437882341339276,0.8795989087301587,0.162426548046377,3,9,0,2007-09-20,2007-09-19,149.0,6.461073875427246,502.96631145477295,3.375612828555523,3.343596935272217,0.7098005570833062,2.942087411880493,3.673809289932251,15.0,4.983231860589468,140.0,0.5662732124328613,18.020498991012573,0.1287178499358041,0.1043163537979126,0.11065331343604741,0.0472148060798645,0.17581123113632202,14.0,4.605698651518389,0.5662732124328613,0.5346674919128418,0.5209426879882812,0.42526936531066895,0.4225456714630127,0.031423836416254666,0.9441864460015107,0.03160572052001953,180.0,150.0,30.0,1.0,1.0
2007-09-21,0.8602638888888888,0.8718972222222222,0.9018638888888889,0.8107777777777778,0.7885208333333333,0.9281222222222223,0.8993976190476191,0.13841766510107675,0.8971613095238095,0.145287973757947,4,9,0,2007-09-20,2007-09-19,149.0,6.461073875427246,502.96631145477295,3.375612828555523,3.343596935272217,0.7098005570833062,2.942087411880493,3.673809289932251,15.0,4.983231860589468,140.0,0.5662732124328613,18.020498991012573,0.1287178499358041,0.1043163537979126,0.11065331343604741,0.0472148060798645,0.17581123113632202,14.0,4.605698651518389,0.5662732124328613,0.5346674919128418,0.5209426879882812,0.42526936531066895,0.4225456714630127,0.031423836416254666,0.9441864460015107,0.03160572052001953,180.0,150.0,30.0,1.0,1.0
2007-09-22,0.8167861111111111,0.8602638888888888,0.8718972222222222,0.9018638888888889,0.7606333333333333,1.020661111111111,0.9096466269841269,0.13131336067604957,0.8923142857142857,0.1453075438033253,5,9,1,2007-09-20,2007-09-19,149.0,6.461073875427246,502.96631145477295,3.375612828555523,3.343596935272217,0.7098005570833062,2.942087411880493,3.673809289932251,15.0,4.983231860589468,140.0,0.5662732124328613,18.020498991012573,0.1287178499358041,0.1043163537979126,0.11065331343604741,0.0472148060798645,0.17581123113632202,14.0,4.605698651518389,0.5662732124328613,0.5346674919128418,0.5209426879882812,0.42526936531066895,0.4225456714630127,0.031423836416254666,0.9441864460015107,0.03160572052001953,180.0,150.0,30.0,1.0,1.0
2007-09-23,0.9847013888888889,0.8167861111111111,0.8602638888888888,0.8718972222222222,1.1473777777777778,1.1663208333333333,0.9176684523809523,0.1220838906223194,0.8777517857142857,0.14162473100034562,6,9,1,2007-09-20,2007-09-19,149.0,6.461073875427246,502.96631145477295,3.375612828555523,3.343596935272217,0.7098005570833062,2.942087411880493,3.673809289932251,15.0,4.983231860589468,140.0,0.5662732124328613,18.020498991012573,0.1287178499358041,0.1043163537979126,0.11065331343604741,0.0472148060798645,0.17581123113632202,14.0,4.605698651518389,0.5662732124328613,0.5346674919128418,0.5209426879882812,0.42526936531066895,0.4225456714630127,0.031423836416254666,0.9441864460015107,0.03160572052001953,180.0,150.0,30.0,1.0,1.0
2007-09-24,0.9406458333333333,0.9847013888888889,0.8167861111111111,0.8602638888888888,1.0147125,0.7759555555555555,0.8944289682539682,0.07892336276634473,0.8647789682539683,0.11979416451608288,0,9,0,2007-09-20,2007-09-19,149.0,6.461073875427246,502.96631145477295,3.375612828555523,3.343596935272217,0.7098005570833062,2.942087411880493,3.673809289932251,15.0,4.983231860589468,140.0,0.5662732124328613,18.020498991012573,0.1287178499358041,0.1043163537979126,0.11065331343604741,0.0472148060798645,0.17581123113632202,14.0,4.605698651518389,0.5662732124328613,0.5346674919128418,0.5209426879882812,0.42526936531066895,0.4225456714630127,0.031423836416254666,0.9441864460015107,0.03160572052001953,180.0,150.0,30.0,1.0,1.0
2007-09-25,1.2252375,0.9406458333333333,0.9847013888888889,0.8167861111111111,0.8107777777777778,0.6830361111111111,0.8838480158730159,0.06358400988395575,0.8765425595238094,0.11847985143119871,1,9,0,2007-09-20,2007-09-19,149.0,6.461073875427246,502.96631145477295,3.375612828555523,3.343596935272217,0.7098005570833062,2.942087411880493,3.673809289932251,15.0,4.983231860589468,140.0,0.5662732124328613,18.020498991012573,0.1287178499358041,0.1043163537979126,0.11065331343604741,0.0472148060798645,0.17581123113632202,14.0,4.605698651518389,0.5662732124328613,0.5346674919128418,0.5209426879882812,0.42526936531066895,0.4225456714630127,0.031423836416254666,0.9441864460015107,0.03160572052001953,180.0,150.0,30.0,1.0,1.0
2007-09-26,1.267221140472879,1.2252375,0.9406458333333333,0.9847013888888889,0.9018638888888889,0.8942805555555555,0.9430565476190476,0.13596906905254005,0.9152712301587301,0.13745820468709452,2,9,0,2007-09-20,2007-09-19,149.0,6.461073875427246,502.96631145477295,3.375612828555523,3.343596935272217,0.7098005570833062,2.942087411880493,3.673809289932251,15.0,4.983231860589468,140.0,0.5662732124328613,18.020498991012573,0.1287178499358041,0.1043163537979126,0.11065331343604741,0.0472148060798645,0.17581123113632202,14.0,4.605698651518389,0.5662732124328613,0.5346674919128418,0.5209426879882812,0.42526936531066895,0.4225456714630127,0.031423836416254666,0.9441864460015107,0.03160572052001953,180.0,150.0,30.0,1.0,1.0
2007-09-27,0.9670833333333333,1.267221140472879,1.2252375,0.9406458333333333,0.8718972222222222,0.7960986111111111,0.9952504407024748,0.1803893738714898,0.9419098433671104,0.16620778594738453,3,9,0,2007-09-27,2007-09-26,149.0,4.346620559692383,474.0120437145233,3.1812888839900895,3.09945011138916,0.48946097553671514,2.8773820400238037,3.5274710655212402,15.0,4.99202578287223,112.0,0.42526936531066895,11.074505805969238,0.09887951612472534,0.0746232271194458,0.0794043009657798,0.037524521350860596,0.13870877027511597,12.0,4.422767829794355,0.42526936531066895,0.3331890106201172,0.2953152656555176,0.2701840400695801,0.26877498626708984,0.03840075329424142,0.7834775739764727,0.09208035469055176,180.0,150.0,30.0,1.0,1.0
2007-09-28,1.1670125,0.9670833333333333,1.267221140472879,1.2252375,0.8602638888888888,0.7885208333333333,1.0088484565754907,0.17297638779749547,0.9541230378115548,0.16086542031951093,4,9,0,2007-09-27,2007-09-26,149.0,4.346620559692383,474.0120437145233,3.1812888839900895,3.09945011138916,0.48946097553671514,2.8773820400238037,3.5274710655212402,15.0,4.99202578287223,112.0,0.42526936531066895,11.074505805969238,0.09887951612472534,0.0746232271194458,0.0794043009657798,0.037524521350860596,0.13870877027511597,12.0,4.422767829794355,0.42526936531066895,0.3331890106201172,0.2953152656555176,0.2701840400695801,0.26877498626708984,0.03840075329424142,0.7834775739764727,0.09208035469055176,180.0,150.0,30.0,1.0,1.0
2007-09-29,1.5948069444444444,1.1670125,0.9670833333333333,1.267221140472879,0.8167861111111111,0.7606333333333333,1.052669686734221,0.16783989086935547,0.981158156859174,0.1626877969574811,5,9,1,2007-09-27,2007-09-26,149.0,4.346620559692383,474.0120437145233,3.1812888839900895,3.09945011138916,0.48946097553671514,2.8773820400238037,3.5274710655212402,15.0,4.99202578287223,112.0,0.42526936531066895,11.074505805969238,0.09887951612472534,0.0746232271194458,0.0794043009657798,0.037524521350860596,0.13870877027511597,12.0,4.422767829794355,0.42526936531066895,0.3331890106201172,0.2953152656555176,0.2701840400695801,0.26877498626708984,0.03840075329424142,0.7834775739764727,0.09208035469055176,180.0,150.0,30.0,1.0,1.0
2007-09-30,1.0529791666666666,1.5948069444444444,1.1670125,0.9670833333333333,0.9847013888888889,1.1473777777777778,1.1638155200675542,0.23123557428140795,1.0407419862242533,0.21879135287966697,6,9,1,2007-09-27,2007-09-26,149.0,4.346620559692383,474.0120437145233,3.1812888839900895,3.09945011138916,0.48946097553671514,2.8773820400238037,3.5274710655212402,15.0,4.99202578287223,112.0,0.42526936531066895,11.074505805969238,0.09887951612472534,0.0746232271194458,0.0794043009657798,0.037524521350860596,0.13870877027511597,12.0,4.422767829794355,0.42526936531066895,0.3331890106201172,0.2953152656555176,0.2701840400695801,0.26877498626708984,0.03840075329424142,0.7834775739764727,0.09208035469055176,180.0,150.0,30.0,1.0,1.0
2007-10-01,1.1950847222222223,1.0529791666666666,1.5948069444444444,1.1670125,0.9406458333333333,1.0147125,1.1735694883215224,0.2237395028636121,1.0339992282877453,0.21669680676262912,0,10,0,2007-09-27,2007-09-26,149.0,4.346620559692383,474.0120437145233,3.1812888839900895,3.09945011138916,0.48946097553671514,2.8773820400238037,3.5274710655212402,15.0,4.99202578287223,112.0,0.42526936531066895,11.074505805969238,0.09887951612472534,0.0746232271194458,0.0794043009657798,0.037524521350860596,0.13870877027511597,12.0,4.422767829794355,0.42526936531066895,0.3331890106201172,0.2953152656555176,0.2701840400695801,0.26877498626708984,0.03840075329424142,0.7834775739764727,0.09208035469055176,180.0,150.0,30.0,1.0,1.0
2007-10-02,1.526988888888889,1.1950847222222223,1.0529791666666666,1.5948069444444444,1.2252375,0.8107777777777778,1.209917901019935,0.19887903247402444,1.0468829584464754,0.22078535873687027,1,10,0,2007-09-27,2007-09-26,149.0,4.346620559692383,474.0120437145233,3.1812888839900895,3.09945011138916,0.48946097553671514,2.8773820400238037,3.5274710655212402,15.0,4.99202578287223,112.0,0.42526936531066895,11.074505805969238,0.09887951612472534,0.0746232271194458,0.0794043009657798,0.037524521350860596,0.13870877027511597,12.0,4.422767829794355,0.42526936531066895,0.3331890106201172,0.2953152656555176,0.2701840400695801,0.26877498626708984,0.03840075329424142,0.7834775739764727,0.09208035469055176,180.0,150.0,30.0,1.0,1.0
2007-10-03,0.8892041666666667,1.526988888888889,1.1950847222222223,1.0529791666666666,1.267221140472879,0.9018638888888889,1.2530252422897763,0.2325972336044389,1.0980408949544118,0.24366061450339976,2,10,0,2007-09-27,2007-09-26,149.0,4.346620559692383,474.0120437145233,3.1812888839900895,3.09945011138916,0.48946097553671514,2.8773820400238037,3.5274710655212402,15.0,4.99202578287223,112.0,0.42526936531066895,11.074505805969238,0.09887951612472534,0.0746232271194458,0.0794043009657798,0.037524521350860596,0.13870877027511597,12.0,4.422767829794355,0.42526936531066895,0.3331890106201172,0.2953152656555176,0.2701840400695801,0.26877498626708984,0.03840075329424142,0.7834775739764727,0.09208035469055176,180.0,150.0,30.0,1.0,1.0
2007-10-04,1.0544847222222222,0.8892041666666667,1.526988888888889,1.1950847222222223,0.9670833333333333,0.8718972222222222,1.1990228174603175,0.26967859166445046,1.0971366290813962,0.24446682162814853,3,10,0,2007-10-04,2007-10-03,149.0,4.346620559692383,465.73769211769104,3.125756322937524,3.013206958770752,0.49264424962935016,2.844773769378662,3.463787317276001,15.0,4.991550742927519,107.0,0.42526936531066895,11.01615023612976,0.10295467510401646,0.07312178611755371,0.0882193481809904,0.036318421363830566,0.1559603214263916,11.0,4.340193312051787,0.42526936531066895,0.3873748779296875,0.3830904960632324,0.3331890106201172,0.29135608673095703,0.03860417261884369,0.910892976376752,0.037894487380981445,180.0,150.0,30.0,1.0,1.0
2007-10-05,0.9681194444444445,1.0544847222222222,0.8892041666666667,1.526988888888889,1.1670125,0.8602638888888888,1.2115087301587302,0.2589605206008911,1.1101785933671104,0.23625889393157573,4,10,0,2007-10-04,2007-10-03,149.0,4.346620559692383,465.73769211769104,3.125756322937524,3.013206958770752,0.49264424962935016,2.844773769378662,3.463787317276001,15.0,4.991550742927519,107.0,0.42526936531066895,11.01615023612976,0.10295467510401646,0.07312178611755371,0.0882193481809904,0.036318421363830566,0.1559603214263916,11.0,4.340193312051787,0.42526936531066895,0.3873748779296875,0.3830904960632324,0.3331890106201172,0.29135608673095703,0.03860417261884369,0.910892976376752,0.037894487380981445,180.0,150.0,30.0,1.0,1.0
2007-10-06,1.2196111111111112,0.9681194444444445,1.0544847222222222,0.8892041666666667,1.5948069444444444,0.8167861111111111,1.1830954365079367,0.27506681930301785,1.1178825616210786,0.22913381562296592,5,10,1,2007-10-04,2007-10-03,149.0,4.346620559692383,465.73769211769104,3.125756322937524,3.013206958770752,0.49264424962935016,2.844773769378662,3.463787317276001,15.0,4.991550742927519,107.0,0.42526936531066895,11.01615023612976,0.10295467510401646,0.07312178611755371,0.0882193481809904,0.036318421363830566,0.1559603214263916,11.0,4.340193312051787,0.42526936531066895,0.3873748779296875,0.3830904960632324,0.3331890106201172,0.29135608673095703,0.03860417261884369,0.910892976376752,0.037894487380981445,180.0,150.0,30.0,1.0,1.0
2007-10-07,1.4625791666666668,1.2196111111111112,0.9681194444444445,1.0544847222222222,1.0529791666666666,0.9847013888888889,1.1294960317460319,0.21043102031997396,1.1466557759067932,0.2131501865302082,6,10,1,2007-10-04,2007-10-03,149.0,4.346620559692383,465.73769211769104,3.125756322937524,3.013206958770752,0.49264424962935016,2.844773769378662,3.463787317276001,15.0,4.991550742927519,107.0,0.42526936531066895,11.01615023612976,0.10295467510401646,0.07312178611755371,0.0882193481809904,0.036318421363830566,0.1559603214263916,11.0,4.340193312051787,0.42526936531066895,0.3873748779296875,0.3830904960632324,0.3331890106201172,0.29135608673095703,0.03860417261884369,0.910892976376752,0.037894487380981445,180.0,150.0,30.0,1.0,1.0
2007-10-08,0.7605847222222222,1.4625791666666668,1.2196111111111112,0.9681194444444445,1.1950847222222223,0.9406458333333333,1.1880103174603176,0.2404195563925162,1.18078990289092,0.22324451080124347,0,10,0,2007-10-04,2007-10-03,149.0,4.346620559692383,465.73769211769104,3.125756322937524,3.013206958770752,0.49264424962935016,2.844773769378662,3.463787317276001,15.0,4.991550742927519,107.0,0.42526936531066895,11.01615023612976,0.10295467510401646,0.07312178611755371,0.0882193481809904,0.036318421363830566,0.1559603214263916,11.0,4.340193312051787,0.42526936531066895,0.3873748779296875,0.3830904960632324,0.3331890106201172,0.29135608673095703,0.03860417261884369,0.910892976376752,0.037894487380981445,180.0,150.0,30.0,1.0,1.0
2007-10-09,1.172123611111111,0.7605847222222222,1.4625791666666668,1.2196111111111112,1.526988888888889,1.2252375,1.125938888888889,0.28939072063085214,1.1679283949544121,0.24250024792137154,1,10,0,2007-10-04,2007-10-03,149.0,4.346620559692383,465.73769211769104,3.125756322937524,3.013206958770752,0.49264424962935016,2.844773769378662,3.463787317276001,15.0,4.991550742927519,107.0,0.42526936531066895,11.01615023612976,0.10295467510401646,0.07312178611755371,0.0882193481809904,0.036318421363830566,0.1559603214263916,11.0,4.340193312051787,0.42526936531066895,0.3873748779296875,0.3830904960632324,0.3331890106201172,0.29135608673095703,0.03860417261884369,0.910892976376752,0.037894487380981445,180.0,150.0,30.0,1.0,1.0
2007-10-10,0.8103972222222222,1.172123611111111,0.7605847222222222,1.4625791666666668,0.8892041666666667,1.267221140472879,1.0752438492063494,0.23301786478412126,1.1641345457480627,0.24194954549964698,2,10,0,2007-10-04,2007-10-03,149.0,4.346620559692383,465.73769211769104,3.125756322937524,3.013206958770752,0.49264424962935016,2.844773769378662,3.463787317276001,15.0,4.991550742927519,107.0,0.42526936531066895,11.01615023612976,0.10295467510401646,0.07312178611755371,0.0882193481809904,0.036318421363830566,0.1559603214263916,11.0,4.340193312051787,0.42526936531066895,0.3873748779296875,0.3830904960632324,0.3331890106201172,0.29135608673095703,0.03860417261884369,0.910892976376752,0.037894487380981445,180.0,150.0,30.0,1.0,1.0
2007-10-11,1.2030874999999999,0.8103972222222222,1.172123611111111,0.7605847222222222,1.0544847222222222,0.9670833333333333,1.0639857142857143,0.24509511928483016,1.131504265873016,0.2572953300294381,3,10,0,2007-10-11,2007-10-10,149.0,4.346620559692383,461.85822105407715,3.0997196043897794,3.0012283325195312,0.481320056758444,2.8402554988861084,3.3606603145599365,15.0,4.991980944873783,107.0,0.42526936531066895,12.145915508270264,0.1135132290492548,0.08613371849060059,0.09338843190104577,0.043239474296569824,0.16437053680419922,11.0,4.360970998396868,0.42526936531066895,0.3873748779296875,0.3830904960632324,0.3573331832885742,0.3331890106201172,0.035013364371018325,0.910892976376752,0.037894487380981445,180.0,150.0,30.0,1.0,1.0
2007-10-12,1.3295166666666667,1.2030874999999999,0.8103972222222222,1.172123611111111,0.9681194444444445,1.1670125,1.0852146825396827,0.25051083119308026,1.1483617063492064,0.2533958622808301,4,10,0,2007-10-11,2007-10-10,149.0,4.346620559692383,461.85822105407715,3.0997196043897794,3.0012283325195312,0.481320056758444,2.8402554988861084,3.3606603145599365,15.0,4.991980944873783,107.0,0.42526936531066895,12.145915508270264,0.1135132290492548,0.08613371849060059,0.09338843190104577,0.043239474296569824,0.16437053680419922,11.0,4.360970998396868,0.42526936531066895,0.3873748779296875,0.3830904960632324,0.3573331832885742,0.3331890106201172,0.035013364371018325,0.910892976376752,0.037894487380981445,180.0,150.0,30.0,1.0,1.0
2007-10-13,1.3380055555555557,1.3295166666666667,1.2030874999999999,0.8103972222222222,1.2196111111111112,1.5948069444444444,1.1368428571428573,0.2594378361779235,1.1599691468253968,0.2579961283811609,5,10,1,2007-10-11,2007-10-10,149.0,4.346620559692383,461.85822105407715,3.0997196043897794,3.0012283325195312,0.481320056758444,2.8402554988861084,3.3606603145599365,15.0,4.991980944873783,107.0,0.42526936531066895,12.145915508270264,0.1135132290492548,0.08613371849060059,0.09338843190104577,0.043239474296569824,0.16437053680419922,11.0,4.360970998396868,0.42526936531066895,0.3873748779296875,0.3830904960632324,0.3573331832885742,0.3331890106201172,0.035013364371018325,0.910892976376752,0.037894487380981445,180.0,150.0,30.0,1.0,1.0
2007-10-14,1.431425,1.3380055555555557,1.3295166666666667,1.2030874999999999,1.4625791666666668,1.0529791666666666,1.1537563492063492,0.2694009802368182,1.1416261904761904,0.2325789502520074,6,10,1,2007-10-11,2007-10-10,149.0,4.346620559692383,461.85822105407715,3.0997196043897794,3.0012283325195312,0.481320056758444,2.8402554988861084,3.3606603145599365,15.0,4.991980944873783,107.0,0.42526936531066895,12.145915508270264,0.1135132290492548,0.08613371849060059,0.09338843190104577,0.043239474296569824,0.16437053680419922,11.0,4.360970998396868,0.42526936531066895,0.3873748779296875,0.3830904960632324,0.3573331832885742,0.3331890106201172,0.035013364371018325,0.910892976376752,0.037894487380981445,180.0,150.0,30.0,1.0,1.0
2007-10-15,0.8793958333333333,1.431425,1.3380055555555557,1.3295166666666667,0.7605847222222222,1.1950847222222223,1.1493057539682539,0.2636446539627962,1.1686580357142857,0.24323201194897406,0,10,0,2007-10-11,2007-10-10,149.0,4.346620559692383,461.85822105407715,3.0997196043897794,3.0012283325195312,0.481320056758444,2.8402554988861084,3.3606603145599365,15.0,4.991980944873783,107.0,0.42526936531066895,12.145915508270264,0.1135132290492548,0.08613371849060059,0.09338843190104577,0.043239474296569824,0.16437053680419922,11.0,4.360970998396868,0.42526936531066895,0.3873748779296875,0.3830904960632324,0.3573331832885742,0.3331890106201172,0.035013364371018325,0.910892976376752,0.037894487380981445,180.0,150.0,30.0,1.0,1.0
2007-10-16,1.3641958333333333,0.8793958333333333,1.431425,1.3380055555555557,1.172123611111111,1.526988888888889,1.1662787698412698,0.2369183274322067,1.1461088293650794,0.2549448310376308,1,10,0,2007-10-11,2007-10-10,149.0,4.346620559692383,461.85822105407715,3.0997196043897794,3.0012283325195312,0.481320056758444,2.8402554988861084,3.3606603145599365,15.0,4.991980944873783,107.0,0.42526936531066895,12.145915508270264,0.1135132290492548,0.08613371849060059,0.09338843190104577,0.043239474296569824,0.16437053680419922,11.0,4.360970998396868,0.42526936531066895,0.3873748779296875,0.3830904960632324,0.3573331832885742,0.3331890106201172,0.035013364371018325,0.910892976376752,0.037894487380981445,180.0,150.0,30.0,1.0,1.0
2007-10-17,1.0950902777777778,1.3641958333333333,0.8793958333333333,1.431425,0.8103972222222222,0.8892041666666667,1.1937176587301586,0.2485452731151479,1.134480753968254,0.2394799848677561,2,10,0,2007-10-11,2007-10-10,149.0,4.346620559692383,461.85822105407715,3.0997196043897794,3.0012283325195312,0.481320056758444,2.8402554988861084,3.3606603145599365,15.0,4.991980944873783,107.0,0.42526936531066895,12.145915508270264,0.1135132290492548,0.08613371849060059,0.09338843190104577,0.043239474296569824,0.16437053680419922,11.0,4.360970998396868,0.42526936531066895,0.3873748779296875,0.3830904960632324,0.3573331832885742,0.3331890106201172,0.035013364371018325,0.910892976376752,0.037894487380981445,180.0,150.0,30.0,1.0,1.0
2007-10-18,1.054534722222222,1.0950902777777778,1.3641958333333333,0.8793958333333333,1.2030874999999999,1.0544847222222222,1.2343880952380952,0.19229436164206262,1.1491869047619048,0.22936732952913855,3,10,0,2007-10-18,2007-10-17,149.0,4.346620559692383,462.6593861579895,3.105096551395903,2.9980719089508057,0.486708470563144,2.8402554988861084,3.4179587364196777,15.0,4.9917466198581675,126.0,0.42526936531066895,14.39789628982544,0.11426901817321777,0.09196388721466064,0.09038519567188051,0.04397392272949219,0.16554272174835205,13.0,4.542719084348596,0.42526936531066895,0.3873748779296875,0.3830904960632324,0.3573331832885742,0.3331890106201172,0.02953690988948115,0.910892976376752,0.037894487380981445,180.0,150.0,30.0,1.0,1.0
2007-10-19,1.4483666666666668,1.054534722222222,1.0950902777777778,1.3641958333333333,1.3295166666666667,0.9681194444444445,1.21316626984127,0.20415585407831766,1.1491904761904763,0.2293657418961529,4,10,0,2007-10-18,2007-10-17,149.0,4.346620559692383,462.6593861579895,3.105096551395903,2.9980719089508057,0.486708470563144,2.8402554988861084,3.4179587364196777,15.0,4.9917466198581675,126.0,0.42526936531066895,14.39789628982544,0.11426901817321777,0.09196388721466064,0.09038519567188051,0.04397392272949219,0.16554272174835205,13.0,4.542719084348596,0.42526936531066895,0.3873748779296875,0.3830904960632324,0.3573331832885742,0.3331890106201172,0.02953690988948115,0.910892976376752,0.037894487380981445,180.0,150.0,30.0,1.0,1.0
2007-10-20,1.1529486111111111,1.4483666666666668,1.054534722222222,1.0950902777777778,1.3380055555555557,1.2196111111111112,1.2301448412698412,0.2197883774367955,1.1834938492063494,0.23601791669750438,5,10,1,2007-10-18,2007-10-17,149.0,4.346620559692383,462.6593861579895,3.105096551395903,2.9980719089508057,0.486708470563144,2.8402554988861084,3.4179587364196777,15.0,4.9917466198581675,126.0,0.42526936531066895,14.39789628982544,0.11426901817321777,0.09196388721466064,0.09038519567188051,0.04397392272949219,0.16554272174835205,13.0,4.542719084348596,0.42526936531066895,0.3873748779296875,0.3830904960632324,0.3573331832885742,0.3331890106201172,0.02953690988948115,0.910892976376752,0.037894487380981445,180.0,150.0,30.0,1.0,1.0
2007-10-21,1.3485694444444445,1.1529486111111111,1.4483666666666668,1.054534722222222,1.431425,1.4625791666666668,1.2037081349206349,0.2157446844861347,1.1787322420634923,0.2359056322664814,6,10,1,2007-10-18,2007-10-17,149.0,4.346620559692383,462.6593861579895,3.105096551395903,2.9980719089508057,0.486708470563144,2.8402554988861084,3.4179587364196777,15.0,4.9917466198581675,126.0,0.42526936531066895,14.39789628982544,0.11426901817321777,0.09196388721466064,0.09038519567188051,0.04397392272949219,0.16554272174835205,13.0,4.542719084348596,0.42526936531066895,0.3873748779296875,0.3830904960632324,0.3573331832885742,0.3331890106201172,0.02953690988948115,0.910892976376752,0.037894487380981445,180.0,150.0,30.0,1.0,1.0
2007-10-22,1.1478444444444444,1.3485694444444445,1.1529486111111111,1.4483666666666668,0.8793958333333333,0.7605847222222222,1.1918716269841272,0.2030696601409611,1.1705886904761904,0.22715908183933503,0,10,0,2007-10-18,2007-10-17,149.0,4.346620559692383,462.6593861579895,3.105096551395903,2.9980719089508057,0.486708470563144,2.8402554988861084,3.4179587364196777,15.0,4.9917466198581675,126.0,0.42526936531066895,14.39789628982544,0.11426901817321777,0.09196388721466064,0.09038519567188051,0.04397392272949219,0.16554272174835205,13.0,4.542719084348596,0.42526936531066895,0.3873748779296875,0.3830904960632324,0.3573331832885742,0.3331890106201172,0.02953690988948115,0.910892976376752,0.037894487380981445,180.0,150.0,30.0,1.0,1.0
2007-10-23,1.3592823365785813,1.1478444444444444,1.3485694444444445,1.1529486111111111,1.3641958333333333,1.172123611111111,1.2302214285714288,0.1535285214711939,1.1982500992063492,0.1946432885858327,1,10,0,2007-10-18,2007-10-17,149.0,4.346620559692383,462.6593861579895,3.105096551395903,2.9980719089508057,0.486708470563144,2.8402554988861084,3.4179587364196777,15.0,4.9917466198581675,126.0,0.42526936531066895,14.39789628982544,0.11426901817321777,0.09196388721466064,0.09038519567188051,0.04397392272949219,0.16554272174835205,13.0,4.542719084348596,0.42526936531066895,0.3873748779296875,0.3830904960632324,0.3573331832885742,0.3331890106201172,0.02953690988948115,0.910892976376752,0.037894487380981445,180.0,150.0,30.0,1.0,1.0
2007-10-24,1.2955805555555555,1.3592823365785813,1.1478444444444444,1.3485694444444445,1.0950902777777778,0.8103972222222222,1.2295195004636068,0.15282351987048617,1.2116185795968828,0.1990873190010214,2,10,0,2007-10-18,2007-10-17,149.0,4.346620559692383,462.6593861579895,3.105096551395903,2.9980719089508057,0.486708470563144,2.8402554988861084,3.4179587364196777,15.0,4.9917466198581675,126.0,0.42526936531066895,14.39789628982544,0.11426901817321777,0.09196388721466064,0.09038519567188051,0.04397392272949219,0.16554272174835205,13.0,4.542719084348596,0.42526936531066895,0.3873748779296875,0.3830904960632324,0.3573331832885742,0.3331890106201172,0.02953690988948115,0.910892976376752,0.037894487380981445,180.0,150.0,30.0,1.0,1.0
2007-10-25,1.2874430555555554,1.2955805555555555,1.3592823365785813,1.1478444444444444,1.054534722222222,1.2030874999999999,1.2581609687175752,0.14182188389865052,1.2462745319778352,0.1627932697835073,3,10,0,2007-10-25,2007-10-24,149.0,4.346620559692383,467.44034481048584,3.137183522218026,3.0402824878692627,0.5021726292032741,2.8402554988861084,3.564307928085327,15.0,4.991141020155197,146.0,0.42526936531066895,17.66556215286255,0.12099700104700375,0.10433721542358398,0.08946108920768467,0.047785937786102295,0.17675447463989258,15.0,4.717788992643593,0.42526936531066895,0.3873748779296875,0.3830904960632324,0.3573331832885742,0.3331890106201172,0.024073355924411257,0.910892976376752,0.037894487380981445,180.0,150.0,30.0,1.0,1.0
2007-10-26,0.9983111111111111,1.2874430555555554,1.2955805555555555,1.3592823365785813,1.4483666666666668,1.3295166666666667,1.2914335877651943,0.10979147099172422,1.252299928803232,0.16263287699467377,4,10,0,2007-10-25,2007-10-24,149.0,4.346620559692383,467.44034481048584,3.137183522218026,3.0402824878692627,0.5021726292032741,2.8402554988861084,3.564307928085327,15.0,4.991141020155197,146.0,0.42526936531066895,17.66556215286255,0.12099700104700375,0.10433721542358398,0.08946108920768467,0.047785937786102295,0.17675447463989258,15.0,4.717788992643593,0.42526936531066895,0.3873748779296875,0.3830904960632324,0.3573331832885742,0.3331890106201172,0.024073355924411257,0.910892976376752,0.037894487380981445,180.0,150.0,30.0,1.0,1.0
2007-10-27,1.2400611111111113,0.9983111111111111,1.2874430555555554,1.2955805555555555,1.1529486111111111,1.3380055555555557,1.2271399369715434,0.1320871448166285,1.2286423891206921,0.17421367763293075,5,10,1,2007-10-25,2007-10-24,149.0,4.346620559692383,467.44034481048584,3.137183522218026,3.0402824878692627,0.5021726292032741,2.8402554988861084,3.564307928085327,15.0,4.991141020155197,146.0,0.42526936531066895,17.66556215286255,0.12099700104700375,0.10433721542358398,0.08946108920768467,0.047785937786102295,0.17675447463989258,15.0,4.717788992643593,0.42526936531066895,0.3873748779296875,0.3830904960632324,0.3573331832885742,0.3331890106201172,0.024073355924411257,0.910892976376752,0.037894487380981445,180.0,150.0,30.0,1.0,1.0
2007-10-28,0.3556652777777778,1.2400611111111113,0.9983111111111111,1.2874430555555554,1.3485694444444445,1.431425,1.2395845798286864,0.12797174356876445,1.2216463573746605,0.17142841828939148,6,10,1,2007-10-25,2007-10-24,149.0,4.346620559692383,467.44034481048584,3.137183522218026,3.0402824878692627,0.5021726292032741,2.8402554988861084,3.564307928085327,15.0,4.991141020155197,146.0,0.42526936531066895,17.66556215286255,0.12099700104700375,0.10433721542358398,0.08946108920768467,0.047785937786102295,0.17675447463989258,15.0,4.717788992643593,0.42526936531066895,0.3873748779296875,0.3830904960632324,0.3573331832885742,0.3331890106201172,0.024073355924411257,0.910892976376752,0.037894487380981445,180.0,150.0,30.0,1.0,1.0
2007-10-29,0.37876944444444444,0.3556652777777778,1.2400611111111113,0.9983111111111111,1.1478444444444444,0.8793958333333333,1.0977411274477338,0.34805633640058686,1.1448063772159303,0.2780834032846111,0,10,0,2007-10-25,2007-10-24,149.0,4.346620559692383,467.44034481048584,3.137183522218026,3.0402824878692627,0.5021726292032741,2.8402554988861084,3.564307928085327,15.0,4.991141020155197,146.0,0.42526936531066895,17.66556215286255,0.12099700104700375,0.10433721542358398,0.08946108920768467,0.047785937786102295,0.17675447463989258,15.0,4.717788992643593,0.42526936531066895,0.3873748779296875,0.3830904960632324,0.3573331832885742,0.3331890106201172,0.024073355924411257,0.910892976376752,0.037894487380981445,180.0,150.0,30.0,1.0,1.0
2007-10-30,0.5632,0.37876944444444444,0.3556652777777778,1.2400611111111113,1.3592823365785813,1.3641958333333333,0.9878732703048767,0.43908476710197136,1.1090473494381528,0.34010890133669475,1,10,0,2007-10-25,2007-10-24,149.0,4.346620559692383,467.44034481048584,3.137183522218026,3.0402824878692627,0.5021726292032741,2.8402554988861084,3.564307928085327,15.0,4.991141020155197,146.0,0.42526936531066895,17.66556215286255,0.12099700104700375,0.10433721542358398,0.08946108920768467,0.047785937786102295,0.17675447463989258,15.0,4.717788992643593,0.42526936531066895,0.3873748779296875,0.3830904960632324,0.3573331832885742,0.3331890106201172,0.024073355924411257,0.910892976376752,0.037894487380981445,180.0,150.0,30.0,1.0,1.0
2007-10-31,0.8911180555555556,0.5632,0.37876944444444444,0.3556652777777778,1.2955805555555555,1.0950902777777778,0.8741472222222223,0.4298526860292949,1.0518333613429145,0.3606386702218372,2,10,0,2007-10-25,2007-10-24,149.0,4.346620559692383,467.44034481048584,3.137183522218026,3.0402824878692627,0.5021726292032741,2.8402554988861084,3.564307928085327,15.0,4.991141020155197,146.0,0.42526936531066895,17.66556215286255,0.12099700104700375,0.10433721542358398,0.08946108920768467,0.047785937786102295,0.17675447463989258,15.0,4.717788992643593,0.42526936531066895,0.3873748779296875,0.3830904960632324,0.3573331832885742,0.3331890106201172,0.024073355924411257,0.910892976376752,0.037894487380981445,180.0,150.0,30.0,1.0,1.0
2007-11-01,0.3445944444444444,0.8911180555555556,0.5632,0.37876944444444444,1.2874430555555554,1.054534722222222,0.8163668650793651,0.38900556061970076,1.03726391689847,0.36286994308269216,3,11,0,2007-11-01,2007-10-31,149.0,4.346620559692383,472.6389329433441,3.172073375458685,3.0402824878692627,0.5306285219694574,2.8402554988861084,3.617406129837036,15.0,4.989929987437403,146.0,0.42526936531066895,17.663771390914917,0.12098473555421176,0.10538327693939209,0.08809316205182473,0.04843062162399292,0.1745537519454956,15.0,4.7224628321289615,0.42526936531066895,0.3873748779296875,0.3830904960632324,0.3331890106201172,0.3329951763153076,0.024075796493233576,0.910892976376752,0.037894487380981445,180.0,150.0,30.0,1.0,1.0
2007-11-02,1.002501388888889,0.3445944444444444,0.8911180555555556,0.5632,0.9983111111111111,1.4483666666666668,0.6816742063492064,0.36092788074301446,0.9865538970572002,0.4071723670622376,4,11,0,2007-11-01,2007-10-31,149.0,4.346620559692383,472.6389329433441,3.172073375458685,3.0402824878692627,0.5306285219694574,2.8402554988861084,3.617406129837036,15.0,4.989929987437403,146.0,0.42526936531066895,17.663771390914917,0.12098473555421176,0.10538327693939209,0.08809316205182473,0.04843062162399292,0.1745537519454956,15.0,4.7224628321289615,0.42526936531066895,0.3873748779296875,0.3830904960632324,0.3331890106201172,0.3329951763153076,0.024075796493233576,0.910892976376752,0.037894487380981445,180.0,150.0,30.0,1.0,1.0
2007-11-03,0.3420486111111111,1.002501388888889,0.3445944444444444,0.8911180555555556,1.2400611111111113,1.1529486111111111,0.6822728174603174,0.36154350910095107,0.9547063772159304,0.3851118678163175,5,11,1,2007-11-01,2007-10-31,149.0,4.346620559692383,472.6389329433441,3.172073375458685,3.0402824878692627,0.5306285219694574,2.8402554988861084,3.617406129837036,15.0,4.989929987437403,146.0,0.42526936531066895,17.663771390914917,0.12098473555421176,0.10538327693939209,0.08809316205182473,0.04843062162399292,0.1745537519454956,15.0,4.7224628321289615,0.42526936531066895,0.3873748779296875,0.3830904960632324,0.3331890106201172,0.3329951763153076,0.024075796493233576,0.910892976376752,0.037894487380981445,180.0,150.0,30.0,1.0,1.0
2007-11-04,1.0317263888888888,0.3420486111111111,1.002501388888889,0.3445944444444444,0.3556652777777778,1.3485694444444445,0.5539853174603174,0.28098137699158,0.8967849486445019,0.41297476437790986,6,11,1,2007-11-01,2007-10-31,149.0,4.346620559692383,472.6389329433441,3.172073375458685,3.0402824878692627,0.5306285219694574,2.8402554988861084,3.617406129837036,15.0,4.989929987437403,146.0,0.42526936531066895,17.663771390914917,0.12098473555421176,0.10538327693939209,0.08809316205182473,0.04843062162399292,0.1745537519454956,15.0,4.7224628321289615,0.42526936531066895,0.3873748779296875,0.3830904960632324,0.3331890106201172,0.3329951763153076,0.024075796493233576,0.910892976376752,0.037894487380981445,180.0,150.0,30.0,1.0,1.0
2007-11-05,1.0420777777777779,1.0317263888888888,0.3420486111111111,1.002501388888889,0.37876944444444444,1.1478444444444444,0.6505654761904761,0.31551936260292746,0.8741533018191051,0.3945840370359341,0,11,0,2007-11-01,2007-10-31,149.0,4.346620559692383,472.6389329433441,3.172073375458685,3.0402824878692627,0.5306285219694574,2.8402554988861084,3.617406129837036,15.0,4.989929987437403,146.0,0.42526936531066895,17.663771390914917,0.12098473555421176,0.10538327693939209,0.08809316205182473,0.04843062162399292,0.1745537519454956,15.0,4.7224628321289615,0.42526936531066895,0.3873748779296875,0.3830904960632324,0.3331890106201172,0.3329951763153076,0.024075796493233576,0.910892976376752,0.037894487380981445,180.0,150.0,30.0,1.0,1.0
2007-11-06,1.4460958333333334,1.0420777777777779,1.0317263888888888,0.3420486111111111,0.5632,1.3592823365785813,0.7453238095238096,0.31986184943208085,0.8665985399143431,0.38992583671343933,1,11,0,2007-11-01,2007-10-31,149.0,4.346620559692383,472.6389329433441,3.172073375458685,3.0402824878692627,0.5306285219694574,2.8402554988861084,3.617406129837036,15.0,4.989929987437403,146.0,0.42526936531066895,17.663771390914917,0.12098473555421176,0.10538327693939209,0.08809316205182473,0.04843062162399292,0.1745537519454956,15.0,4.7224628321289615,0.42526936531066895,0.3873748779296875,0.3830904960632324,0.3331890106201172,0.3329951763153076,0.024075796493233576,0.910892976376752,0.037894487380981445,180.0,150.0,30.0,1.0,1.0
2007-11-07,1.2810819444444446,1.4460958333333334,1.0420777777777779,1.0317263888888888,0.8911180555555556,1.2955805555555555,0.8714517857142858,0.4000883442120344,0.872799503968254,0.3989495358475287,2,11,0,2007-11-01,2007-10-31,149.0,4.346620559692383,472.6389329433441,3.172073375458685,3.0402824878692627,0.5306285219694574,2.8402554988861084,3.617406129837036,15.0,4.989929987437403,146.0,0.42526936531066895,17.663771390914917,0.12098473555421176,0.10538327693939209,0.08809316205182473,0.04843062162399292,0.1745537519454956,15.0,4.7224628321289615,0.42526936531066895,0.3873748779296875,0.3830904960632324,0.3331890106201172,0.3329951763153076,0.024075796493233576,0.910892976376752,0.037894487380981445,180.0,150.0,30.0,1.0,1.0
2007-11-08,1.0424027777777778,1.2810819444444446,1.4460958333333334,1.0420777777777779,0.3445944444444444,1.2874430555555554,0.9271609126984127,0.4293618629261445,0.8717638888888889,0.3977847539937314,3,11,0,2007-11-08,2007-11-07,149.0,4.435249328613281,477.25324726104736,3.2030419279264923,3.0402824878692627,0.5689834491640101,2.8402554988861084,3.6346566677093506,15.0,4.988211182938667,152.0,0.6019206047058105,19.481820344924927,0.12816987069029556,0.10745692253112793,0.10151802440613909,0.049168169498443604,0.1774941086769104,16.0,4.741667461762241,0.6019206047058105,0.5482983589172363,0.42526936531066895,0.3873748779296875,0.3830904960632324,0.030896527842307748,0.9109147529269542,0.05362224578857422,180.0,150.0,30.0,1.0,1.0
2007-11-09,1.5077958333333334,1.0424027777777778,1.2810819444444446,1.4460958333333334,1.002501388888889,0.9983111111111111,1.0268478174603175,0.34410373936708477,0.8542610119047619,0.38321160930609105,4,11,0,2007-11-08,2007-11-07,149.0,4.435249328613281,477.25324726104736,3.2030419279264923,3.0402824878692627,0.5689834491640101,2.8402554988861084,3.6346566677093506,15.0,4.988211182938667,152.0,0.6019206047058105,19.481820344924927,0.12816987069029556,0.10745692253112793,0.10151802440613909,0.049168169498443604,0.1774941086769104,16.0,4.741667461762241,0.6019206047058105,0.5482983589172363,0.42526936531066895,0.3873748779296875,0.3830904960632324,0.030896527842307748,0.9109147529269542,0.05362224578857422,180.0,150.0,30.0,1.0,1.0
2007-11-10,1.813611111111111,1.5077958333333334,1.0424027777777778,1.2810819444444446,0.3420486111111111,1.2400611111111113,1.0990327380952383,0.3883057014554778,0.8906527777777778,0.4203369592089971,5,11,1,2007-11-08,2007-11-07,149.0,4.435249328613281,477.25324726104736,3.2030419279264923,3.0402824878692627,0.5689834491640101,2.8402554988861084,3.6346566677093506,15.0,4.988211182938667,152.0,0.6019206047058105,19.481820344924927,0.12816987069029556,0.10745692253112793,0.10151802440613909,0.049168169498443604,0.1774941086769104,16.0,4.741667461762241,0.6019206047058105,0.5482983589172363,0.42526936531066895,0.3873748779296875,0.3830904960632324,0.030896527842307748,0.9109147529269542,0.05362224578857422,180.0,150.0,30.0,1.0,1.0
2007-11-11,1.3105027777777778,1.813611111111111,1.5077958333333334,1.0424027777777778,1.0317263888888888,0.3556652777777778,1.3092559523809526,0.29802924649569745,0.931620634920635,0.4806365857104545,6,11,1,2007-11-08,2007-11-07,149.0,4.435249328613281,477.25324726104736,3.2030419279264923,3.0402824878692627,0.5689834491640101,2.8402554988861084,3.6346566677093506,15.0,4.988211182938667,152.0,0.6019206047058105,19.481820344924927,0.12816987069029556,0.10745692253112793,0.10151802440613909,0.049168169498443604,0.1774941086769104,16.0,4.741667461762241,0.6019206047058105,0.5482983589172363,0.42526936531066895,0.3873748779296875,0.3830904960632324,0.030896527842307748,0.9109147529269542,0.05362224578857422,180.0,150.0,30.0,1.0,1.0
2007-11-12,1.4973236111111112,1.3105027777777778,1.813611111111111,1.5077958333333334,1.0420777777777779,0.37876944444444444,1.3490811507936509,0.2722759511849328,0.9998233134920635,0.45992093697288855,0,11,0,2007-11-08,2007-11-07,149.0,4.435249328613281,477.25324726104736,3.2030419279264923,3.0402824878692627,0.5689834491640101,2.8402554988861084,3.6346566677093506,15.0,4.988211182938667,152.0,0.6019206047058105,19.481820344924927,0.12816987069029556,0.10745692253112793,0.10151802440613909,0.049168169498443604,0.1774941086769104,16.0,4.741667461762241,0.6019206047058105,0.5482983589172363,0.42526936531066895,0.3873748779296875,0.3830904960632324,0.030896527842307748,0.9109147529269542,0.05362224578857422,180.0,150.0,30.0,1.0,1.0
2007-11-13,1.537776388888889,1.4973236111111112,1.3105027777777778,1.813611111111111,1.4460958333333334,0.5632,1.4141162698412697,0.23906866189201992,1.0797200396825397,0.4404791367928352,1,11,0,2007-11-08,2007-11-07,149.0,4.435249328613281,477.25324726104736,3.2030419279264923,3.0402824878692627,0.5689834491640101,2.8402554988861084,3.6346566677093506,15.0,4.988211182938667,152.0,0.6019206047058105,19.481820344924927,0.12816987069029556,0.10745692253112793,0.10151802440613909,0.049168169498443604,0.1774941086769104,16.0,4.741667461762241,0.6019206047058105,0.5482983589172363,0.42526936531066895,0.3873748779296875,0.3830904960632324,0.030896527842307748,0.9109147529269542,0.05362224578857422,180.0,150.0,30.0,1.0,1.0
2007-11-14,1.4222180555555555,1.537776388888889,1.4973236111111112,1.3105027777777778,1.2810819444444446,0.8911180555555556,1.4272134920634922,0.24358137673243357,1.149332638888889,0.4294418722594209,2,11,0,2007-11-08,2007-11-07,149.0,4.435249328613281,477.25324726104736,3.2030419279264923,3.0402824878692627,0.5689834491640101,2.8402554988861084,3.6346566677093506,15.0,4.988211182938667,152.0,0.6019206047058105,19.481820344924927,0.12816987069029556,0.10745692253112793,0.10151802440613909,0.049168169498443604,0.1774941086769104,16.0,4.741667461762241,0.6019206047058105,0.5482983589172363,0.42526936531066895,0.3873748779296875,0.3830904960632324,0.030896527842307748,0.9109147529269542,0.05362224578857422,180.0,150.0,30.0,1.0,1.0
2007-11-15,1.0361027777777778,1.4222180555555555,1.537776388888889,1.4973236111111112,1.0424027777777778,0.3445944444444444,1.4473757936507938,0.2351652677318984,1.1872683531746033,0.4283338204980557,3,11,0,2007-11-15,2007-11-14,149.0,4.740856170654297,484.8272716999054,3.2538743067107743,3.0402824878692627,0.6422703589106874,2.8402554988861084,3.665465831756592,15.0,4.984750550578065,153.0,0.5057945251464844,19.734047412872314,0.1289807020449171,0.10621881484985352,0.10316924043833323,0.05118370056152344,0.17746376991271973,16.0,4.739631562088363,0.5057945251464844,0.47075605392456055,0.4672107696533203,0.42526936531066895,0.3873748779296875,0.02563055183583677,0.9307258788303882,0.03503847122192383,180.0,150.0,30.0,1.0,1.0
2007-11-16,1.6039958333333333,1.0361027777777778,1.4222180555555555,1.537776388888889,1.5077958333333334,1.002501388888889,1.446475793650794,0.23697851480830237,1.2366618055555556,0.35773904691816744,4,11,0,2007-11-15,2007-11-14,149.0,4.740856170654297,484.8272716999054,3.2538743067107743,3.0402824878692627,0.6422703589106874,2.8402554988861084,3.665465831756592,15.0,4.984750550578065,153.0,0.5057945251464844,19.734047412872314,0.1289807020449171,0.10621881484985352,0.10316924043833323,0.05118370056152344,0.17746376991271973,16.0,4.739631562088363,0.5057945251464844,0.47075605392456055,0.4672107696533203,0.42526936531066895,0.3873748779296875,0.02563055183583677,0.9307258788303882,0.03503847122192383,180.0,150.0,30.0,1.0,1.0
2007-11-17,1.8125652777777779,1.6039958333333333,1.0361027777777778,1.4222180555555555,1.813611111111111,0.3420486111111111,1.4602186507936508,0.2438179825410309,1.2796256944444444,0.3635259572491125,5,11,1,2007-11-15,2007-11-14,149.0,4.740856170654297,484.8272716999054,3.2538743067107743,3.0402824878692627,0.6422703589106874,2.8402554988861084,3.665465831756592,15.0,4.984750550578065,153.0,0.5057945251464844,19.734047412872314,0.1289807020449171,0.10621881484985352,0.10316924043833323,0.05118370056152344,0.17746376991271973,16.0,4.739631562088363,0.5057945251464844,0.47075605392456055,0.4672107696533203,0.42526936531066895,0.3873748779296875,0.02563055183583677,0.9307258788303882,0.03503847122192383,180.0,150.0,30.0,1.0,1.0
2007-11-18,1.5165680555555556,1.8125652777777779,1.6039958333333333,1.0361027777777778,1.3105027777777778,1.0317263888888888,1.4600692460317461,0.2435655318894877,1.3846625992063493,0.27294404525817983,6,11,1,2007-11-15,2007-11-14,149.0,4.740856170654297,484.8272716999054,3.2538743067107743,3.0402824878692627,0.6422703589106874,2.8402554988861084,3.665465831756592,15.0,4.984750550578065,153.0,0.5057945251464844,19.734047412872314,0.1289807020449171,0.10621881484985352,0.10316924043833323,0.05118370056152344,0.17746376991271973,16.0,4.739631562088363,0.5057945251464844,0.47075605392456055,0.4672107696533203,0.42526936531066895,0.3873748779296875,0.02563055183583677,0.9307258788303882,0.03503847122192383,180.0,150.0,30.0,1.0,1.0
2007-11-19,1.1969819444444445,1.5165680555555556,1.8125652777777779,1.6039958333333333,1.4973236111111112,1.0420777777777779,1.4895071428571427,0.23476969871655726,1.419294146825397,0.2548791776417372,0,11,0,2007-11-15,2007-11-14,149.0,4.740856170654297,484.8272716999054,3.2538743067107743,3.0402824878692627,0.6422703589106874,2.8402554988861084,3.665465831756592,15.0,4.984750550578065,153.0,0.5057945251464844,19.734047412872314,0.1289807020449171,0.10621881484985352,0.10316924043833323,0.05118370056152344,0.17746376991271973,16.0,4.739631562088363,0.5057945251464844,0.47075605392456055,0.4672107696533203,0.42526936531066895,0.3873748779296875,0.02563055183583677,0.9307258788303882,0.03503847122192383,180.0,150.0,30.0,1.0,1.0
2007-11-20,1.4554555555555557,1.1969819444444445,1.5165680555555556,1.8125652777777779,1.537776388888889,1.4460958333333334,1.4466011904761906,0.25926958874730655,1.4303587301587304,0.240182737118813,1,11,0,2007-11-15,2007-11-14,149.0,4.740856170654297,484.8272716999054,3.2538743067107743,3.0402824878692627,0.6422703589106874,2.8402554988861084,3.665465831756592,15.0,4.984750550578065,153.0,0.5057945251464844,19.734047412872314,0.1289807020449171,0.10621881484985352,0.10316924043833323,0.05118370056152344,0.17746376991271973,16.0,4.739631562088363,0.5057945251464844,0.47075605392456055,0.4672107696533203,0.42526936531066895,0.3873748779296875,0.02563055183583677,0.9307258788303882,0.03503847122192383,180.0,150.0,30.0,1.0,1.0
2007-11-21,1.217398193189715,1.4554555555555557,1.1969819444444445,1.5165680555555556,1.4222180555555555,1.2810819444444446,1.4348410714285715,0.2562946540183938,1.4310272817460317,0.24024293001684535,2,11,0,2007-11-15,2007-11-14,149.0,4.740856170654297,484.8272716999054,3.2538743067107743,3.0402824878692627,0.6422703589106874,2.8402554988861084,3.665465831756592,15.0,4.984750550578065,153.0,0.5057945251464844,19.734047412872314,0.1289807020449171,0.10621881484985352,0.10316924043833323,0.05118370056152344,0.17746376991271973,16.0,4.739631562088363,0.5057945251464844,0.47075605392456055,0.4672107696533203,0.42526936531066895,0.3873748779296875,0.02563055183583677,0.9307258788303882,0.03503847122192383,180.0,150.0,30.0,1.0,1.0
2007-11-22,1.3419291666666666,1.217398193189715,1.4554555555555557,1.1969819444444445,1.0361027777777778,1.0424027777777778,1.4055810910905941,0.26933583054489935,1.426478442370694,0.24387587426703905,3,11,0,2007-11-22,2007-11-21,149.0,5.016105651855469,490.1931619644165,3.2898869930497754,3.0402824878692627,0.7007972427401628,2.8402554988861084,3.665465831756592,15.0,4.981827716928617,160.0,0.5263266563415527,21.228978157043457,0.13268111348152162,0.10653841495513916,0.10635988446749953,0.05096232891082764,0.18283218145370483,16.0,4.779588408853774,0.5263266563415527,0.4895782470703125,0.42526936531066895,0.41574811935424805,0.40993356704711914,0.024792839883672188,0.9301794639726686,0.036748409271240234,180.0,150.0,30.0,1.0,1.0
2007-11-23,1.7518180555555556,1.3419291666666666,1.217398193189715,1.4554555555555557,1.6039958333333333,1.5077958333333334,1.4492705752175783,0.21963101025859902,1.4478731844341861,0.21951115631395457,4,11,0,2007-11-22,2007-11-21,149.0,5.016105651855469,490.1931619644165,3.2898869930497754,3.0402824878692627,0.7007972427401628,2.8402554988861084,3.665465831756592,15.0,4.981827716928617,160.0,0.5263266563415527,21.228978157043457,0.13268111348152162,0.10653841495513916,0.10635988446749953,0.05096232891082764,0.18283218145370483,16.0,4.779588408853774,0.5263266563415527,0.4895782470703125,0.42526936531066895,0.41574811935424805,0.40993356704711914,0.024792839883672188,0.9301794639726686,0.036748409271240234,180.0,150.0,30.0,1.0,1.0
2007-11-24,1.3187875,1.7518180555555556,1.3419291666666666,1.217398193189715,1.8125652777777779,1.813611111111111,1.470388035535039,0.2428648892049969,1.465303343164345,0.23385487535659602,5,11,1,2007-11-22,2007-11-21,149.0,5.016105651855469,490.1931619644165,3.2898869930497754,3.0402824878692627,0.7007972427401628,2.8402554988861084,3.665465831756592,15.0,4.981827716928617,160.0,0.5263266563415527,21.228978157043457,0.13268111348152162,0.10653841495513916,0.10635988446749953,0.05096232891082764,0.18283218145370483,16.0,4.779588408853774,0.5263266563415527,0.4895782470703125,0.42526936531066895,0.41574811935424805,0.40993356704711914,0.024792839883672188,0.9301794639726686,0.036748409271240234,180.0,150.0,30.0,1.0,1.0
2007-11-25,0.9691652777777777,1.3187875,1.7518180555555556,1.3419291666666666,1.5165680555555556,1.3105027777777778,1.399848352995356,0.19363481781754419,1.4299587995135512,0.2136864366719789,6,11,1,2007-11-22,2007-11-21,149.0,5.016105651855469,490.1931619644165,3.2898869930497754,3.0402824878692627,0.7007972427401628,2.8402554988861084,3.665465831756592,15.0,4.981827716928617,160.0,0.5263266563415527,21.228978157043457,0.13268111348152162,0.10653841495513916,0.10635988446749953,0.05096232891082764,0.18283218145370483,16.0,4.779588408853774,0.5263266563415527,0.4895782470703125,0.42526936531066895,0.41574811935424805,0.40993356704711914,0.024792839883672188,0.9301794639726686,0.036748409271240234,180.0,150.0,30.0,1.0,1.0
2007-11-26,1.0900805555555555,0.9691652777777777,1.3187875,1.7518180555555556,1.1969819444444445,1.4973236111111112,1.3216479561699592,0.24290737737355148,1.4055775495135514,0.24547337399889602,0,11,0,2007-11-22,2007-11-21,149.0,5.016105651855469,490.1931619644165,3.2898869930497754,3.0402824878692627,0.7007972427401628,2.8402554988861084,3.665465831756592,15.0,4.981827716928617,160.0,0.5263266563415527,21.228978157043457,0.13268111348152162,0.10653841495513916,0.10635988446749953,0.05096232891082764,0.18283218145370483,16.0,4.779588408853774,0.5263266563415527,0.4895782470703125,0.42526936531066895,0.41574811935424805,0.40993356704711914,0.024792839883672188,0.9301794639726686,0.036748409271240234,180.0,150.0,30.0,1.0,1.0
2007-11-27,1.9451472222222224,1.0900805555555555,0.9691652777777777,1.3187875,1.4554555555555557,1.537776388888889,1.3063763291858324,0.2551056161369087,1.3764887598310114,0.2575951073407142,1,11,0,2007-11-22,2007-11-21,149.0,5.016105651855469,490.1931619644165,3.2898869930497754,3.0402824878692627,0.7007972427401628,2.8402554988861084,3.665465831756592,15.0,4.981827716928617,160.0,0.5263266563415527,21.228978157043457,0.13268111348152162,0.10653841495513916,0.10635988446749953,0.05096232891082764,0.18283218145370483,16.0,4.779588408853774,0.5263266563415527,0.4895782470703125,0.42526936531066895,0.41574811935424805,0.40993356704711914,0.024792839883672188,0.9301794639726686,0.036748409271240234,180.0,150.0,30.0,1.0,1.0
2007-11-28,1.1423194444444444,1.9451472222222224,1.0900805555555555,0.9691652777777777,1.217398193189715,1.4222180555555555,1.3763322815667844,0.3516674668509968,1.4055866764976783,0.29718204939029735,2,11,0,2007-11-22,2007-11-21,149.0,5.016105651855469,490.1931619644165,3.2898869930497754,3.0402824878692627,0.7007972427401628,2.8402554988861084,3.665465831756592,15.0,4.981827716928617,160.0,0.5263266563415527,21.228978157043457,0.13268111348152162,0.10653841495513916,0.10635988446749953,0.05096232891082764,0.18283218145370483,16.0,4.779588408853774,0.5263266563415527,0.4895782470703125,0.42526936531066895,0.41574811935424805,0.40993356704711914,0.024792839883672188,0.9301794639726686,0.036748409271240234,180.0,150.0,30.0,1.0,1.0
2007-11-29,1.194739402362752,1.1423194444444444,1.9451472222222224,1.0900805555555555,1.3419291666666666,1.0361027777777778,1.365606746031746,0.35840311269820757,1.38559391856117,0.3052817492796952,3,11,0,2007-11-29,2007-11-28,149.0,5.003268718719482,493.8224000930786,3.314244295926702,3.0402824878692627,0.7407631577626685,2.8402554988861084,3.665465831756592,15.0,4.9797471777536115,164.0,0.5263266563415527,21.708374500274658,0.1323681371967967,0.10653841495513916,0.10697658398925634,0.05010789632797241,0.18283218145370483,17.0,4.799722971375948,0.5263266563415527,0.4895782470703125,0.4414834976196289,0.42526936531066895,0.41574811935424805,0.02424532782659031,0.9301794639726686,0.036748409271240234,180.0,150.0,30.0,1.0,1.0
2007-11-30,1.6192555555555557,1.194739402362752,1.1423194444444444,1.9451472222222224,1.7518180555555556,1.6039958333333333,1.3445796368454725,0.3642931038951493,1.3969251060315255,0.2940492045817315,4,11,0,2007-11-29,2007-11-28,149.0,5.003268718719482,493.8224000930786,3.314244295926702,3.0402824878692627,0.7407631577626685,2.8402554988861084,3.665465831756592,15.0,4.9797471777536115,164.0,0.5263266563415527,21.708374500274658,0.1323681371967967,0.10653841495513916,0.10697658398925634,0.05010789632797241,0.18283218145370483,17.0,4.799722971375948,0.5263266563415527,0.4895782470703125,0.4414834976196289,0.42526936531066895,0.41574811935424805,0.02424532782659031,0.9301794639726686,0.036748409271240234,180.0,150.0,30.0,1.0,1.0
2007-12-01,2.1770430555555556,1.6192555555555557,1.194739402362752,1.1423194444444444,1.3187875,1.8125652777777779,1.3256421368454725,0.34238139590602784,1.3980150861902556,0.2949028603015869,5,12,1,2007-11-29,2007-11-28,149.0,5.003268718719482,493.8224000930786,3.314244295926702,3.0402824878692627,0.7407631577626685,2.8402554988861084,3.665465831756592,15.0,4.9797471777536115,164.0,0.5263266563415527,21.708374500274658,0.1323681371967967,0.10653841495513916,0.10697658398925634,0.05010789632797241,0.18283218145370483,17.0,4.799722971375948,0.5263266563415527,0.4895782470703125,0.4414834976196289,0.42526936531066895,0.41574811935424805,0.02424532782659031,0.9301794639726686,0.036748409271240234,180.0,150.0,30.0,1.0,1.0
2007-12-02,2.045963888888889,2.1770430555555556,1.6192555555555557,1.194739402362752,0.9691652777777777,1.5165680555555556,1.4482500733534092,0.4695667714759912,1.4240492131743827,0.3459795365381907,6,12,1,2007-11-29,2007-11-28,149.0,5.003268718719482,493.8224000930786,3.314244295926702,3.0402824878692627,0.7407631577626685,2.8402554988861084,3.665465831756592,15.0,4.9797471777536115,164.0,0.5263266563415527,21.708374500274658,0.1323681371967967,0.10653841495513916,0.10697658398925634,0.05010789632797241,0.18283218145370483,17.0,4.799722971375948,0.5263266563415527,0.4895782470703125,0.4414834976196289,0.42526936531066895,0.41574811935424805,0.02424532782659031,0.9301794639726686,0.036748409271240234,180.0,150.0,30.0,1.0,1.0
2007-12-03,1.2236527777777777,2.045963888888889,2.1770430555555556,1.6192555555555557,1.0900805555555555,1.1969819444444445,1.602078446369282,0.4627913681785745,1.4618632012696207,0.3837390415449167,0,12,0,2007-11-29,2007-11-28,149.0,5.003268718719482,493.8224000930786,3.314244295926702,3.0402824878692627,0.7407631577626685,2.8402554988861084,3.665465831756592,15.0,4.9797471777536115,164.0,0.5263266563415527,21.708374500274658,0.1323681371967967,0.10653841495513916,0.10697658398925634,0.05010789632797241,0.18283218145370483,17.0,4.799722971375948,0.5263266563415527,0.4895782470703125,0.4414834976196289,0.42526936531066895,0.41574811935424805,0.02424532782659031,0.9301794639726686,0.036748409271240234,180.0,150.0,30.0,1.0,1.0
2007-12-04,1.4358583333333332,1.2236527777777777,2.045963888888889,2.1770430555555556,1.9451472222222224,1.4554555555555557,1.6211601924010282,0.44037303467126293,1.4637682607934306,0.3823867144652,1,12,0,2007-11-29,2007-11-28,149.0,5.003268718719482,493.8224000930786,3.314244295926702,3.0402824878692627,0.7407631577626685,2.8402554988861084,3.665465831756592,15.0,4.9797471777536115,164.0,0.5263266563415527,21.708374500274658,0.1323681371967967,0.10653841495513916,0.10697658398925634,0.05010789632797241,0.18283218145370483,17.0,4.799722971375948,0.5263266563415527,0.4895782470703125,0.4414834976196289,0.42526936531066895,0.41574811935424805,0.02424532782659031,0.9301794639726686,0.036748409271240234,180.0,150.0,30.0,1.0,1.0
2007-12-05,1.4952222222222222,1.4358583333333332,1.2236527777777777,2.045963888888889,1.1423194444444444,1.217398193189715,1.5484046368454727,0.41950090294413434,1.4623684592061288,0.38245534912367507,2,12,0,2007-11-29,2007-11-28,149.0,5.003268718719482,493.8224000930786,3.314244295926702,3.0402824878692627,0.7407631577626685,2.8402554988861084,3.665465831756592,15.0,4.9797471777536115,164.0,0.5263266563415527,21.708374500274658,0.1323681371967967,0.10653841495513916,0.10697658398925634,0.05010789632797241,0.18283218145370483,17.0,4.799722971375948,0.5263266563415527,0.4895782470703125,0.4414834976196289,0.42526936531066895,0.41574811935424805,0.02424532782659031,0.9301794639726686,0.036748409271240234,180.0,150.0,30.0,1.0,1.0
2007-12-06,1.7277319444444446,1.4952222222222222,1.4358583333333332,1.2236527777777777,1.194739402362752,1.3419291666666666,1.5988193193851552,0.3821033345519695,1.4822130327084506,0.3759186554910288,3,12,0,2007-12-06,2007-12-05,149.0,5.034585952758789,500.0634868144989,3.3561307839899257,3.0402824878692627,0.7909460313536076,2.8402554988861084,4.1291022300720215,15.0,4.977055879978476,171.0,0.63525390625,24.993643283843994,0.14616165663066663,0.10976099967956543,0.1268313794672714,0.05228757858276367,0.19513189792633057,18.0,4.8080635700940615,0.63525390625,0.6327242851257324,0.5263266563415527,0.5001964569091797,0.4895782470703125,0.025416618899279524,0.9960179369235204,0.002529621124267578,180.0,150.0,30.0,1.0,1.0
2007-12-07,1.2284833333333334,1.7277319444444446,1.4952222222222222,1.4358583333333332,1.6192555555555557,1.7518180555555556,1.6749611111111111,0.3388147547167381,1.509770373978292,0.3789724098176235,4,12,0,2007-12-06,2007-12-05,149.0,5.034585952758789,500.0634868144989,3.3561307839899257,3.0402824878692627,0.7909460313536076,2.8402554988861084,4.1291022300720215,15.0,4.977055879978476,171.0,0.63525390625,24.993643283843994,0.14616165663066663,0.10976099967956543,0.1268313794672714,0.05228757858276367,0.19513189792633057,18.0,4.8080635700940615,0.63525390625,0.6327242851257324,0.5263266563415527,0.5001964569091797,0.4895782470703125,0.025416618899279524,0.9960179369235204,0.002529621124267578,180.0,150.0,30.0,1.0,1.0
2007-12-08,1.5370861111111112,1.2284833333333334,1.7277319444444446,1.4952222222222222,2.1770430555555556,1.3187875,1.6191365079365079,0.37929698587760036,1.4723893223909903,0.37907109674812617,5,12,1,2007-12-06,2007-12-05,149.0,5.034585952758789,500.0634868144989,3.3561307839899257,3.0402824878692627,0.7909460313536076,2.8402554988861084,4.1291022300720215,15.0,4.977055879978476,171.0,0.63525390625,24.993643283843994,0.14616165663066663,0.10976099967956543,0.1268313794672714,0.05228757858276367,0.19513189792633057,18.0,4.8080635700940615,0.63525390625,0.6327242851257324,0.5263266563415527,0.5001964569091797,0.4895782470703125,0.025416618899279524,0.9960179369235204,0.002529621124267578,180.0,150.0,30.0,1.0,1.0
2007-12-09,1.5795722222222222,1.5370861111111112,1.2284833333333334,1.7277319444444446,2.045963888888889,0.9691652777777777,1.5277140873015875,0.28872228864278193,1.4879820803274981,0.3767494505427758,6,12,1,2007-12-06,2007-12-05,149.0,5.034585952758789,500.0634868144989,3.3561307839899257,3.0402824878692627,0.7909460313536076,2.8402554988861084,4.1291022300720215,15.0,4.977055879978476,171.0,0.63525390625,24.993643283843994,0.14616165663066663,0.10976099967956543,0.1268313794672714,0.05228757858276367,0.19513189792633057,18.0,4.8080635700940615,0.63525390625,0.6327242851257324,0.5263266563415527,0.5001964569091797,0.4895782470703125,0.025416618899279524,0.9960179369235204,0.002529621124267578,180.0,150.0,30.0,1.0,1.0
2007-12-10,1.2213569444444443,1.5795722222222222,1.5370861111111112,1.2284833333333334,1.2236527777777777,1.0900805555555555,1.4610867063492063,0.18402686118196035,1.5315825763592443,0.34616867433944387,0,12,0,2007-12-06,2007-12-05,149.0,5.034585952758789,500.0634868144989,3.3561307839899257,3.0402824878692627,0.7909460313536076,2.8402554988861084,4.1291022300720215,15.0,4.977055879978476,171.0,0.63525390625,24.993643283843994,0.14616165663066663,0.10976099967956543,0.1268313794672714,0.05228757858276367,0.19513189792633057,18.0,4.8080635700940615,0.63525390625,0.6327242851257324,0.5263266563415527,0.5001964569091797,0.4895782470703125,0.025416618899279524,0.9960179369235204,0.002529621124267578,180.0,150.0,30.0,1.0,1.0
2007-12-11,1.6007666666666664,1.2213569444444443,1.5795722222222222,1.5370861111111112,1.4358583333333332,1.9451472222222224,1.4607587301587301,0.18452192694739922,1.5409594612798792,0.33488352842706043,1,12,0,2007-12-06,2007-12-05,149.0,5.034585952758789,500.0634868144989,3.3561307839899257,3.0402824878692627,0.7909460313536076,2.8402554988861084,4.1291022300720215,15.0,4.977055879978476,171.0,0.63525390625,24.993643283843994,0.14616165663066663,0.10976099967956543,0.1268313794672714,0.05228757858276367,0.19513189792633057,18.0,4.8080635700940615,0.63525390625,0.6327242851257324,0.5263266563415527,0.5001964569091797,0.4895782470703125,0.025416618899279524,0.9960179369235204,0.002529621124267578,180.0,150.0,30.0,1.0,1.0
2007-12-12,1.1028208333333334,1.6007666666666664,1.2213569444444443,1.5795722222222222,1.4952222222222222,1.1423194444444444,1.4843170634920635,0.19121858181294582,1.516360850168768,0.314966247436269,2,12,0,2007-12-06,2007-12-05,149.0,5.034585952758789,500.0634868144989,3.3561307839899257,3.0402824878692627,0.7909460313536076,2.8402554988861084,4.1291022300720215,15.0,4.977055879978476,171.0,0.63525390625,24.993643283843994,0.14616165663066663,0.10976099967956543,0.1268313794672714,0.05228757858276367,0.19513189792633057,18.0,4.8080635700940615,0.63525390625,0.6327242851257324,0.5263266563415527,0.5001964569091797,0.4895782470703125,0.025416618899279524,0.9960179369235204,0.002529621124267578,180.0,150.0,30.0,1.0,1.0
2007-12-13,1.2831569444444446,1.1028208333333334,1.6007666666666664,1.2213569444444443,1.7277319444444446,1.194739402362752,1.4282597222222222,0.23902954794683612,1.5135395208036886,0.31872890760376005,3,12,0,2007-12-13,2007-12-12,149.0,5.034585952758789,509.77462935447693,3.4213062372783685,3.0402824878692627,0.8367568516606914,2.8402554988861084,4.290747165679932,15.0,4.9747097191298995,172.0,0.6675419807434082,29.55366063117981,0.17182360832081284,0.12734925746917725,0.1471053808550932,0.054253578186035156,0.2292250394821167,18.0,4.80789604188669,0.6675419807434082,0.63525390625,0.6327242851257324,0.5694179534912109,0.5404596328735352,0.022587455038958378,0.9516313948413393,0.0322880744934082,180.0,150.0,30.0,1.0,1.0
2007-12-14,1.3713944444444444,1.2831569444444446,1.1028208333333334,1.6007666666666664,1.2284833333333334,1.6192555555555557,1.3647490079365079,0.20246262090509082,1.5198550595238096,0.31274586962914025,4,12,0,2007-12-13,2007-12-12,149.0,5.034585952758789,509.77462935447693,3.4213062372783685,3.0402824878692627,0.8367568516606914,2.8402554988861084,4.290747165679932,15.0,4.9747097191298995,172.0,0.6675419807434082,29.55366063117981,0.17182360832081284,0.12734925746917725,0.1471053808550932,0.054253578186035156,0.2292250394821167,18.0,4.80789604188669,0.6675419807434082,0.63525390625,0.6327242851257324,0.5694179534912109,0.5404596328735352,0.022587455038958378,0.9516313948413393,0.0322880744934082,180.0,150.0,30.0,1.0,1.0
2007-12-15,1.9006083333333335,1.3713944444444444,1.2831569444444446,1.1028208333333334,1.5370861111111112,2.1770430555555556,1.3851648809523809,0.19343597124840067,1.5021506944444447,0.31370019967986484,5,12,1,2007-12-13,2007-12-12,149.0,5.034585952758789,509.77462935447693,3.4213062372783685,3.0402824878692627,0.8367568516606914,2.8402554988861084,4.290747165679932,15.0,4.9747097191298995,172.0,0.6675419807434082,29.55366063117981,0.17182360832081284,0.12734925746917725,0.1471053808550932,0.054253578186035156,0.2292250394821167,18.0,4.80789604188669,0.6675419807434082,0.63525390625,0.6327242851257324,0.5694179534912109,0.5404596328735352,0.022587455038958378,0.9516313948413393,0.0322880744934082,180.0,150.0,30.0,1.0,1.0
2007-12-16,1.9182069444444443,1.9006083333333335,1.3713944444444444,1.2831569444444446,1.5795722222222222,2.045963888888889,1.437096626984127,0.2733216659740518,1.482405357142857,0.2741605499169675,6,12,1,2007-12-13,2007-12-12,149.0,5.034585952758789,509.77462935447693,3.4213062372783685,3.0402824878692627,0.8367568516606914,2.8402554988861084,4.290747165679932,15.0,4.9747097191298995,172.0,0.6675419807434082,29.55366063117981,0.17182360832081284,0.12734925746917725,0.1471053808550932,0.054253578186035156,0.2292250394821167,18.0,4.80789604188669,0.6675419807434082,0.63525390625,0.6327242851257324,0.5694179534912109,0.5404596328735352,0.022587455038958378,0.9516313948413393,0.0322880744934082,180.0,150.0,30.0,1.0,1.0
2007-12-17,1.2488297428769979,1.9182069444444443,1.9006083333333335,1.3713944444444444,1.2213569444444443,1.2236527777777777,1.4854730158730158,0.32736684719638376,1.473279861111111,0.25544697658468657,0,12,0,2007-12-13,2007-12-12,149.0,5.034585952758789,509.77462935447693,3.4213062372783685,3.0402824878692627,0.8367568516606914,2.8402554988861084,4.290747165679932,15.0,4.9747097191298995,172.0,0.6675419807434082,29.55366063117981,0.17182360832081284,0.12734925746917725,0.1471053808550932,0.054253578186035156,0.2292250394821167,18.0,4.80789604188669,0.6675419807434082,0.63525390625,0.6327242851257324,0.5694179534912109,0.5404596328735352,0.022587455038958378,0.9516313948413393,0.0322880744934082,180.0,150.0,30.0,1.0,1.0
2007-12-18,1.8216625,1.2488297428769979,1.9182069444444443,1.9006083333333335,1.6007666666666664,1.4358583333333332,1.4893977013633806,0.32381816740104324,1.4750782157610556,0.25363661919108554,1,12,0,2007-12-13,2007-12-12,149.0,5.034585952758789,509.77462935447693,3.4213062372783685,3.0402824878692627,0.8367568516606914,2.8402554988861084,4.290747165679932,15.0,4.9747097191298995,172.0,0.6675419807434082,29.55366063117981,0.17182360832081284,0.12734925746917725,0.1471053808550932,0.054253578186035156,0.2292250394821167,18.0,4.80789604188669,0.6675419807434082,0.63525390625,0.6327242851257324,0.5694179534912109,0.5404596328735352,0.022587455038958378,0.9516313948413393,0.0322880744934082,180.0,150.0,30.0,1.0,1.0
2007-12-19,1.5250361111111113,1.8216625,1.2488297428769979,1.9182069444444443,1.1028208333333334,1.4952222222222222,1.5209542489824284,0.3464523472116325,1.5026356562372458,0.26950961753586716,2,12,0,2007-12-13,2007-12-12,149.0,5.034585952758789,509.77462935447693,3.4213062372783685,3.0402824878692627,0.8367568516606914,2.8402554988861084,4.290747165679932,15.0,4.9747097191298995,172.0,0.6675419807434082,29.55366063117981,0.17182360832081284,0.12734925746917725,0.1471053808550932,0.054253578186035156,0.2292250394821167,18.0,4.80789604188669,0.6675419807434082,0.63525390625,0.6327242851257324,0.5694179534912109,0.5404596328735352,0.022587455038958378,0.9516313948413393,0.0322880744934082,180.0,150.0,30.0,1.0,1.0
2007-12-20,1.353998611111111,1.5250361111111113,1.8216625,1.2488297428769979,1.2831569444444446,1.7277319444444446,1.5812707172363967,0.2943608746783257,1.5047652197293093,0.26956431686956367,3,12,0,2007-12-20,2007-12-19,149.0,5.034585952758789,525.4744877815247,3.526674414641105,3.2381954193115234,0.8261968401793145,2.8759570121765137,4.371657371520996,15.0,4.976876055114841,180.0,0.6998419761657715,33.265198707580566,0.1848066594865587,0.1542677879333496,0.15491004619209447,0.05554759502410889,0.2688044309616089,18.0,4.85726418327555,0.6998419761657715,0.6675419807434082,0.63525390625,0.6327242851257324,0.5621967315673828,0.021038262308840185,0.9538467303728686,0.03229999542236328,180.0,150.0,30.0,1.0,1.0
2007-12-21,1.3767888888888888,1.353998611111111,1.5250361111111113,1.8216625,1.3713944444444444,1.2284833333333334,1.5913909553316348,0.2834177721459305,1.4780699816340712,0.2642381620531849,4,12,0,2007-12-20,2007-12-19,149.0,5.034585952758789,525.4744877815247,3.526674414641105,3.2381954193115234,0.8261968401793145,2.8759570121765137,4.371657371520996,15.0,4.976876055114841,180.0,0.6998419761657715,33.265198707580566,0.1848066594865587,0.1542677879333496,0.15491004619209447,0.05554759502410889,0.2688044309616089,18.0,4.85726418327555,0.6998419761657715,0.6675419807434082,0.63525390625,0.6327242851257324,0.5621967315673828,0.021038262308840185,0.9538467303728686,0.03229999542236328,180.0,150.0,30.0,1.0,1.0
2007-12-22,1.8133777777777778,1.3767888888888888,1.353998611111111,1.5250361111111113,1.9006083333333335,1.5370861111111112,1.5921615902522697,0.2827263772568418,1.4886632356023253,0.25631663231710206,5,12,1,2007-12-20,2007-12-19,149.0,5.034585952758789,525.4744877815247,3.526674414641105,3.2381954193115234,0.8261968401793145,2.8759570121765137,4.371657371520996,15.0,4.976876055114841,180.0,0.6998419761657715,33.265198707580566,0.1848066594865587,0.1542677879333496,0.15491004619209447,0.05554759502410889,0.2688044309616089,18.0,4.85726418327555,0.6998419761657715,0.6675419807434082,0.63525390625,0.6327242851257324,0.5621967315673828,0.021038262308840185,0.9538467303728686,0.03229999542236328,180.0,150.0,30.0,1.0,1.0
2007-12-23,1.67295,1.8133777777777778,1.3767888888888888,1.353998611111111,1.9182069444444443,1.5795722222222222,1.5797000823157616,0.26842609486483465,1.5083983546499444,0.2705718897965635,6,12,1,2007-12-20,2007-12-19,149.0,5.034585952758789,525.4744877815247,3.526674414641105,3.2381954193115234,0.8261968401793145,2.8759570121765137,4.371657371520996,15.0,4.976876055114841,180.0,0.6998419761657715,33.265198707580566,0.1848066594865587,0.1542677879333496,0.15491004619209447,0.05554759502410889,0.2688044309616089,18.0,4.85726418327555,0.6998419761657715,0.6675419807434082,0.63525390625,0.6327242851257324,0.5621967315673828,0.021038262308840185,0.9538467303728686,0.03229999542236328,180.0,150.0,30.0,1.0,1.0
2007-12-24,1.56795,1.67295,1.8133777777777778,1.3767888888888888,1.2488297428769979,1.2213569444444443,1.5446633759665553,0.2301561304577167,1.5150681959197854,0.2735953817271317,0,12,0,2007-12-20,2007-12-19,149.0,5.034585952758789,525.4744877815247,3.526674414641105,3.2381954193115234,0.8261968401793145,2.8759570121765137,4.371657371520996,15.0,4.976876055114841,180.0,0.6998419761657715,33.265198707580566,0.1848066594865587,0.1542677879333496,0.15491004619209447,0.05554759502410889,0.2688044309616089,18.0,4.85726418327555,0.6998419761657715,0.6675419807434082,0.63525390625,0.6327242851257324,0.5621967315673828,0.021038262308840185,0.9538467303728686,0.03229999542236328,180.0,150.0,30.0,1.0,1.0
2007-12-25,1.8715055555555555,1.56795,1.67295,1.8133777777777778,1.8216625,1.6007666666666664,1.5902519841269842,0.18987168753199724,1.5398248427451826,0.26033371066655614,1,12,0,2007-12-20,2007-12-19,149.0,5.034585952758789,525.4744877815247,3.526674414641105,3.2381954193115234,0.8261968401793145,2.8759570121765137,4.371657371520996,15.0,4.976876055114841,180.0,0.6998419761657715,33.265198707580566,0.1848066594865587,0.1542677879333496,0.15491004619209447,0.05554759502410889,0.2688044309616089,18.0,4.85726418327555,0.6998419761657715,0.6675419807434082,0.63525390625,0.6327242851257324,0.5621967315673828,0.021038262308840185,0.9538467303728686,0.03229999542236328,180.0,150.0,30.0,1.0,1.0
2007-12-26,1.7918611111111113,1.8715055555555555,1.56795,1.67295,1.5250361111111113,1.1028208333333334,1.5973724206349205,0.20062626391284405,1.5591633348086744,0.2748593821345323,2,12,0,2007-12-20,2007-12-19,149.0,5.034585952758789,525.4744877815247,3.526674414641105,3.2381954193115234,0.8261968401793145,2.8759570121765137,4.371657371520996,15.0,4.976876055114841,180.0,0.6998419761657715,33.265198707580566,0.1848066594865587,0.1542677879333496,0.15491004619209447,0.05554759502410889,0.2688044309616089,18.0,4.85726418327555,0.6998419761657715,0.6675419807434082,0.63525390625,0.6327242851257324,0.5621967315673828,0.021038262308840185,0.9538467303728686,0.03229999542236328,180.0,150.0,30.0,1.0,1.0
2007-12-27,1.7584708333333332,1.7918611111111113,1.8715055555555555,1.56795,1.353998611111111,1.2831569444444446,1.6354902777777778,0.20973312345503667,1.6083804975070872,0.24715411079885993,3,12,0,2007-12-27,2007-12-26,149.0,5.034585952758789,541.5332009792328,3.6344510132834413,3.4263083934783936,0.7545419234480298,2.9789810180664062,4.371657371520996,15.0,4.982598153736283,188.0,0.7532167434692383,31.873067378997803,0.16953759244147767,0.12297797203063965,0.1512452955120305,0.0559079647064209,0.22857624292373657,19.0,4.873848046267926,0.7532167434692383,0.6327242851257324,0.6187901496887207,0.6075921058654785,0.5621967315673828,0.023631762030081774,0.8400295009527668,0.12049245834350586,180.0,150.0,30.0,1.0,1.0
2007-12-28,2.1618416666666667,1.7584708333333332,1.7918611111111113,1.8715055555555555,1.3767888888888888,1.3713944444444444,1.6932720238095238,0.17148539581446867,1.642331489570579,0.23117199385780135,4,12,0,2007-12-27,2007-12-26,149.0,5.034585952758789,541.5332009792328,3.6344510132834413,3.4263083934783936,0.7545419234480298,2.9789810180664062,4.371657371520996,15.0,4.982598153736283,188.0,0.7532167434692383,31.873067378997803,0.16953759244147767,0.12297797203063965,0.1512452955120305,0.0559079647064209,0.22857624292373657,19.0,4.873848046267926,0.7532167434692383,0.6327242851257324,0.6187901496887207,0.6075921058654785,0.5621967315673828,0.023631762030081774,0.8400295009527668,0.12049245834350586,180.0,150.0,30.0,1.0,1.0
2007-12-29,2.290941666666667,2.1618416666666667,1.7584708333333332,1.7918611111111113,1.8133777777777778,1.9006083333333335,1.8054224206349205,0.18609827190102707,1.698792005443595,0.2551894113161007,5,12,1,2007-12-27,2007-12-26,149.0,5.034585952758789,541.5332009792328,3.6344510132834413,3.4263083934783936,0.7545419234480298,2.9789810180664062,4.371657371520996,15.0,4.982598153736283,188.0,0.7532167434692383,31.873067378997803,0.16953759244147767,0.12297797203063965,0.1512452955120305,0.0559079647064209,0.22857624292373657,19.0,4.873848046267926,0.7532167434692383,0.6327242851257324,0.6187901496887207,0.6075921058654785,0.5621967315673828,0.023631762030081774,0.8400295009527668,0.12049245834350586,180.0,150.0,30.0,1.0,1.0
2007-12-30,1.777025,2.290941666666667,2.1618416666666667,1.7584708333333332,1.67295,1.9182069444444443,1.8736458333333332,0.2616868399142164,1.7266729578245474,0.2968565814596061,6,12,1,2007-12-27,2007-12-26,149.0,5.034585952758789,541.5332009792328,3.6344510132834413,3.4263083934783936,0.7545419234480298,2.9789810180664062,4.371657371520996,15.0,4.982598153736283,188.0,0.7532167434692383,31.873067378997803,0.16953759244147767,0.12297797203063965,0.1512452955120305,0.0559079647064209,0.22857624292373657,19.0,4.873848046267926,0.7532167434692383,0.6327242851257324,0.6187901496887207,0.6075921058654785,0.5621967315673828,0.023631762030081774,0.8400295009527668,0.12049245834350586,180.0,150.0,30.0,1.0,1.0
2007-12-31,1.5392652777777778,1.777025,2.290941666666667,2.1618416666666667,1.56795,1.2488297428769979,1.8885136904761903,0.2511272614931376,1.7165885332213728,0.29221121324153093,0,12,0,2007-12-27,2007-12-26,149.0,5.034585952758789,541.5332009792328,3.6344510132834413,3.4263083934783936,0.7545419234480298,2.9789810180664062,4.371657371520996,15.0,4.982598153736283,188.0,0.7532167434692383,31.873067378997803,0.16953759244147767,0.12297797203063965,0.1512452955120305,0.0559079647064209,0.22857624292373657,19.0,4.873848046267926,0.7532167434692383,0.6327242851257324,0.6187901496887207,0.6075921058654785,0.5621967315673828,0.023631762030081774,0.8400295009527668,0.12049245834350586,180.0,150.0,30.0,1.0,1.0
2008-01-01,1.916484722222222,1.5392652777777778,1.777025,2.290941666666667,1.8715055555555555,1.8216625,1.884415873015873,0.2573859741566271,1.7373339285714287,0.26554098073622,1,1,0,2007-12-27,2007-12-26,149.0,5.034585952758789,541.5332009792328,3.6344510132834413,3.4263083934783936,0.7545419234480298,2.9789810180664062,4.371657371520996,15.0,4.982598153736283,188.0,0.7532167434692383,31.873067378997803,0.16953759244147767,0.12297797203063965,0.1512452955120305,0.0559079647064209,0.22857624292373657,19.0,4.873848046267926,0.7532167434692383,0.6327242851257324,0.6187901496887207,0.6075921058654785,0.5621967315673828,0.023631762030081774,0.8400295009527668,0.12049245834350586,180.0,150.0,30.0,1.0,1.0
2008-01-02,1.1417402777777779,1.916484722222222,1.5392652777777778,1.777025,1.7918611111111113,1.5250361111111113,1.8908414682539683,0.2575713347885986,1.7441069444444444,0.2690435521427848,2,1,0,2007-12-27,2007-12-26,149.0,5.034585952758789,541.5332009792328,3.6344510132834413,3.4263083934783936,0.7545419234480298,2.9789810180664062,4.371657371520996,15.0,4.982598153736283,188.0,0.7532167434692383,31.873067378997803,0.16953759244147767,0.12297797203063965,0.1512452955120305,0.0559079647064209,0.22857624292373657,19.0,4.873848046267926,0.7532167434692383,0.6327242851257324,0.6187901496887207,0.6075921058654785,0.5621967315673828,0.023631762030081774,0.8400295009527668,0.12049245834350586,180.0,150.0,30.0,1.0,1.0
2008-01-03,1.048686111111111,1.1417402777777779,1.916484722222222,1.5392652777777778,1.7584708333333332,1.353998611111111,1.7979670634920635,0.3849315636322583,1.7167286706349205,0.30951043491339136,3,1,0,2008-01-03,2008-01-02,149.0,5.034585952758789,551.0230844020844,3.6981415060542573,3.601915121078491,0.750299453829996,2.9946177005767822,4.4838457107543945,15.0,4.983292465450049,190.0,0.7532167434692383,32.93336582183838,0.17333350432546515,0.11986088752746582,0.1624862578765025,0.05172574520111084,0.2223377823829651,19.0,4.852953047822583,0.7532167434692383,0.7037067413330078,0.6327242851257324,0.6262078285217285,0.6187901496887207,0.02287093118705086,0.9342685852837093,0.04951000213623047,180.0,150.0,30.0,1.0,1.0
2008-01-04,1.5915638888888888,1.048686111111111,1.1417402777777779,1.916484722222222,2.1618416666666667,1.3767888888888888,1.6965692460317459,0.4790485750920594,1.694920634920635,0.34567734183022747,4,1,0,2008-01-03,2008-01-02,149.0,5.034585952758789,551.0230844020844,3.6981415060542573,3.601915121078491,0.750299453829996,2.9946177005767822,4.4838457107543945,15.0,4.983292465450049,190.0,0.7532167434692383,32.93336582183838,0.17333350432546515,0.11986088752746582,0.1624862578765025,0.05172574520111084,0.2223377823829651,19.0,4.852953047822583,0.7532167434692383,0.7037067413330078,0.6327242851257324,0.6262078285217285,0.6187901496887207,0.02287093118705086,0.9342685852837093,0.04951000213623047,180.0,150.0,30.0,1.0,1.0
2008-01-05,1.5161444444444445,1.5915638888888888,1.048686111111111,1.1417402777777779,2.290941666666667,1.8133777777777778,1.6151009920634922,0.4330152785178144,1.7102617063492063,0.33507595591419465,5,1,1,2008-01-03,2008-01-02,149.0,5.034585952758789,551.0230844020844,3.6981415060542573,3.601915121078491,0.750299453829996,2.9946177005767822,4.4838457107543945,15.0,4.983292465450049,190.0,0.7532167434692383,32.93336582183838,0.17333350432546515,0.11986088752746582,0.1624862578765025,0.05172574520111084,0.2223377823829651,19.0,4.852953047822583,0.7532167434692383,0.7037067413330078,0.6327242851257324,0.6262078285217285,0.6187901496887207,0.02287093118705086,0.9342685852837093,0.04951000213623047,180.0,150.0,30.0,1.0,1.0
2008-01-06,1.2674888888888889,1.5161444444444445,1.5915638888888888,1.048686111111111,1.777025,1.67295,1.5044156746031747,0.31418850311522856,1.6890307539682539,0.3374479665245335,6,1,1,2008-01-03,2008-01-02,149.0,5.034585952758789,551.0230844020844,3.6981415060542573,3.601915121078491,0.750299453829996,2.9946177005767822,4.4838457107543945,15.0,4.983292465450049,190.0,0.7532167434692383,32.93336582183838,0.17333350432546515,0.11986088752746582,0.1624862578765025,0.05172574520111084,0.2223377823829651,19.0,4.852953047822583,0.7532167434692383,0.7037067413330078,0.6327242851257324,0.6262078285217285,0.6187901496887207,0.02287093118705086,0.9342685852837093,0.04951000213623047,180.0,150.0,30.0,1.0,1.0
2008-01-07,1.177648611111111,1.2674888888888889,1.5161444444444445,1.5915638888888888,1.5392652777777778,1.56795,1.4316248015873014,0.2991697879336043,1.660069246031746,0.3558328129061421,0,1,0,2008-01-03,2008-01-02,149.0,5.034585952758789,551.0230844020844,3.6981415060542573,3.601915121078491,0.750299453829996,2.9946177005767822,4.4838457107543945,15.0,4.983292465450049,190.0,0.7532167434692383,32.93336582183838,0.17333350432546515,0.11986088752746582,0.1624862578765025,0.05172574520111084,0.2223377823829651,19.0,4.852953047822583,0.7532167434692383,0.7037067413330078,0.6327242851257324,0.6262078285217285,0.6187901496887207,0.02287093118705086,0.9342685852837093,0.04951000213623047,180.0,150.0,30.0,1.0,1.0
2008-01-08,1.4191319444444443,1.177648611111111,1.2674888888888889,1.5161444444444445,1.916484722222222,1.8715055555555555,1.3799652777777778,0.3085589788263405,1.6321905753968253,0.3781924122888988,1,1,0,2008-01-03,2008-01-02,149.0,5.034585952758789,551.0230844020844,3.6981415060542573,3.601915121078491,0.750299453829996,2.9946177005767822,4.4838457107543945,15.0,4.983292465450049,190.0,0.7532167434692383,32.93336582183838,0.17333350432546515,0.11986088752746582,0.1624862578765025,0.05172574520111084,0.2223377823829651,19.0,4.852953047822583,0.7532167434692383,0.7037067413330078,0.6327242851257324,0.6262078285217285,0.6187901496887207,0.02287093118705086,0.9342685852837093,0.04951000213623047,180.0,150.0,30.0,1.0,1.0
2008-01-09,1.2419722222222223,1.4191319444444443,1.177648611111111,1.2674888888888889,1.1417402777777779,1.7918611111111113,1.308914880952381,0.2039590080439372,1.5998781746031747,0.37548825161708205,2,1,0,2008-01-03,2008-01-02,149.0,5.034585952758789,551.0230844020844,3.6981415060542573,3.601915121078491,0.750299453829996,2.9946177005767822,4.4838457107543945,15.0,4.983292465450049,190.0,0.7532167434692383,32.93336582183838,0.17333350432546515,0.11986088752746582,0.1624862578765025,0.05172574520111084,0.2223377823829651,19.0,4.852953047822583,0.7532167434692383,0.7037067413330078,0.6327242851257324,0.6262078285217285,0.6187901496887207,0.02287093118705086,0.9342685852837093,0.04951000213623047,180.0,150.0,30.0,1.0,1.0
2008-01-10,1.3153305555555557,1.2419722222222223,1.4191319444444443,1.177648611111111,1.048686111111111,1.7584708333333332,1.32323373015873,0.1935176250744441,1.560600396825397,0.3825551103175704,3,1,0,2008-01-10,2008-01-09,149.0,5.034585952758789,562.2130827903748,3.773242166378354,3.6395246982574463,0.7388828797084799,3.090120792388916,4.522197723388672,15.0,4.984463355029398,195.0,0.7681045532226562,37.50671339035034,0.19234211995051456,0.1206662654876709,0.18737965753894475,0.04808545112609863,0.2746739387512207,20.0,4.835846130883357,0.7681045532226562,0.7532167434692383,0.7340044975280762,0.676699161529541,0.6327242851257324,0.020479121836899546,0.9806174697299284,0.014887809753417969,180.0,150.0,30.0,1.0,1.0
2008-01-11,1.1845958333333333,1.3153305555555557,1.2419722222222223,1.4191319444444443,1.5915638888888888,2.1618416666666667,1.3613257936507939,0.15232829416714155,1.5289475198412699,0.3832560182963291,4,1,0,2008-01-10,2008-01-09,149.0,5.034585952758789,562.2130827903748,3.773242166378354,3.6395246982574463,0.7388828797084799,3.090120792388916,4.522197723388672,15.0,4.984463355029398,195.0,0.7681045532226562,37.50671339035034,0.19234211995051456,0.1206662654876709,0.18737965753894475,0.04808545112609863,0.2746739387512207,20.0,4.835846130883357,0.7681045532226562,0.7532167434692383,0.7340044975280762,0.676699161529541,0.6327242851257324,0.020479121836899546,0.9806174697299284,0.014887809753417969,180.0,150.0,30.0,1.0,1.0
2008-01-12,1.9940333333333333,1.1845958333333333,1.3153305555555557,1.2419722222222223,1.5161444444444445,2.290941666666667,1.3031875,0.1250246144283795,1.459144246031746,0.346334143535075,5,1,1,2008-01-10,2008-01-09,149.0,5.034585952758789,562.2130827903748,3.773242166378354,3.6395246982574463,0.7388828797084799,3.090120792388916,4.522197723388672,15.0,4.984463355029398,195.0,0.7681045532226562,37.50671339035034,0.19234211995051456,0.1206662654876709,0.18737965753894475,0.04808545112609863,0.2746739387512207,20.0,4.835846130883357,0.7681045532226562,0.7532167434692383,0.7340044975280762,0.676699161529541,0.6327242851257324,0.020479121836899546,0.9806174697299284,0.014887809753417969,180.0,150.0,30.0,1.0,1.0
2008-01-13,2.0025406532314105,1.9940333333333333,1.1845958333333333,1.3153305555555557,1.2674888888888889,1.777025,1.3714573412698414,0.2866702030602527,1.4379365079365078,0.2970674669918049,6,1,1,2008-01-10,2008-01-09,149.0,5.034585952758789,562.2130827903748,3.773242166378354,3.6395246982574463,0.7388828797084799,3.090120792388916,4.522197723388672,15.0,4.984463355029398,195.0,0.7681045532226562,37.50671339035034,0.19234211995051456,0.1206662654876709,0.18737965753894475,0.04808545112609863,0.2746739387512207,20.0,4.835846130883357,0.7681045532226562,0.7532167434692383,0.7340044975280762,0.676699161529541,0.6327242851257324,0.020479121836899546,0.9806174697299284,0.014887809753417969,180.0,150.0,30.0,1.0,1.0
2008-01-14,1.4062027777777777,2.0025406532314105,1.9940333333333333,1.1845958333333333,1.177648611111111,1.5392652777777778,1.4764647361759156,0.3659120269014607,1.4540447688816087,0.3219414913075033,0,1,0,2008-01-10,2008-01-09,149.0,5.034585952758789,562.2130827903748,3.773242166378354,3.6395246982574463,0.7388828797084799,3.090120792388916,4.522197723388672,15.0,4.984463355029398,195.0,0.7681045532226562,37.50671339035034,0.19234211995051456,0.1206662654876709,0.18737965753894475,0.04808545112609863,0.2746739387512207,20.0,4.835846130883357,0.7681045532226562,0.7532167434692383,0.7340044975280762,0.676699161529541,0.6327242851257324,0.020479121836899546,0.9806174697299284,0.014887809753417969,180.0,150.0,30.0,1.0,1.0
2008-01-15,1.865911111111111,1.4062027777777777,2.0025406532314105,1.9940333333333333,1.4191319444444443,1.916484722222222,1.509115331414011,0.34436727128658134,1.4445403045958944,0.32119534469829436,1,1,0,2008-01-10,2008-01-09,149.0,5.034585952758789,562.2130827903748,3.773242166378354,3.6395246982574463,0.7388828797084799,3.090120792388916,4.522197723388672,15.0,4.984463355029398,195.0,0.7681045532226562,37.50671339035034,0.19234211995051456,0.1206662654876709,0.18737965753894475,0.04808545112609863,0.2746739387512207,20.0,4.835846130883357,0.7681045532226562,0.7532167434692383,0.7340044975280762,0.676699161529541,0.6327242851257324,0.020479121836899546,0.9806174697299284,0.014887809753417969,180.0,150.0,30.0,1.0,1.0
2008-01-16,1.4832305555555554,1.865911111111111,1.4062027777777777,2.0025406532314105,1.2419722222222223,1.1417402777777779,1.5729409266521064,0.3656553881791942,1.4409279038022438,0.3157168855926077,2,1,0,2008-01-10,2008-01-09,149.0,5.034585952758789,562.2130827903748,3.773242166378354,3.6395246982574463,0.7388828797084799,3.090120792388916,4.522197723388672,15.0,4.984463355029398,195.0,0.7681045532226562,37.50671339035034,0.19234211995051456,0.1206662654876709,0.18737965753894475,0.04808545112609863,0.2746739387512207,20.0,4.835846130883357,0.7681045532226562,0.7532167434692383,0.7340044975280762,0.676699161529541,0.6327242851257324,0.020479121836899546,0.9806174697299284,0.014887809753417969,180.0,150.0,30.0,1.0,1.0
2008-01-17,1.0918625,1.4832305555555554,1.865911111111111,1.4062027777777777,1.3153305555555557,1.048686111111111,1.6074064028425823,0.3397096214548278,1.4653200665006563,0.3037901054741034,3,1,0,2008-01-17,2008-01-16,149.0,5.034585952758789,572.2848086357117,3.8408376418504138,4.013964653015137,0.7367197726562248,3.090120792388916,4.540478229522705,15.0,4.985019667525827,192.0,0.7808279991149902,43.48441433906555,0.22648132468263307,0.1594855785369873,0.21280135670890687,0.05543100833892822,0.36715567111968994,20.0,4.830520999399256,0.7808279991149902,0.7693891525268555,0.7579765319824219,0.7532167434692383,0.7531976699829102,0.01795650259944997,0.9853503632027798,0.011438846588134766,180.0,150.0,30.0,1.0,1.0
2008-01-18,1.5187416666666667,1.0918625,1.4832305555555554,1.865911111111111,1.1845958333333333,1.5915638888888888,1.5754823949060746,0.37985939957316445,1.468404094278434,0.2994229206582795,4,1,0,2008-01-17,2008-01-16,149.0,5.034585952758789,572.2848086357117,3.8408376418504138,4.013964653015137,0.7367197726562248,3.090120792388916,4.540478229522705,15.0,4.985019667525827,192.0,0.7808279991149902,43.48441433906555,0.22648132468263307,0.1594855785369873,0.21280135670890687,0.05543100833892822,0.36715567111968994,20.0,4.830520999399256,0.7808279991149902,0.7693891525268555,0.7579765319824219,0.7532167434692383,0.7531976699829102,0.01795650259944997,0.9853503632027798,0.011438846588134766,180.0,150.0,30.0,1.0,1.0
2008-01-19,1.3752125,1.5187416666666667,1.0918625,1.4832305555555554,1.9940333333333333,1.5161444444444445,1.6232175139536937,0.3416225245681887,1.4632025069768468,0.29774664700573017,5,1,1,2008-01-17,2008-01-16,149.0,5.034585952758789,572.2848086357117,3.8408376418504138,4.013964653015137,0.7367197726562248,3.090120792388916,4.540478229522705,15.0,4.985019667525827,192.0,0.7808279991149902,43.48441433906555,0.22648132468263307,0.1594855785369873,0.21280135670890687,0.05543100833892822,0.36715567111968994,20.0,4.830520999399256,0.7808279991149902,0.7693891525268555,0.7579765319824219,0.7532167434692383,0.7531976699829102,0.01795650259944997,0.9853503632027798,0.011438846588134766,180.0,150.0,30.0,1.0,1.0
2008-01-20,1.208588888888889,1.3752125,1.5187416666666667,1.0918625,2.0025406532314105,1.2674888888888889,1.5348145377632174,0.3080941975550918,1.4531359395165295,0.2982010869169574,6,1,1,2008-01-17,2008-01-16,149.0,5.034585952758789,572.2848086357117,3.8408376418504138,4.013964653015137,0.7367197726562248,3.090120792388916,4.540478229522705,15.0,4.985019667525827,192.0,0.7808279991149902,43.48441433906555,0.22648132468263307,0.1594855785369873,0.21280135670890687,0.05543100833892822,0.36715567111968994,20.0,4.830520999399256,0.7808279991149902,0.7693891525268555,0.7579765319824219,0.7532167434692383,0.7531976699829102,0.01795650259944997,0.9853503632027798,0.011438846588134766,180.0,150.0,30.0,1.0,1.0
2008-01-21,1.2909708333333334,1.208588888888889,1.3752125,1.5187416666666667,1.4062027777777777,1.177648611111111,1.4213928571428571,0.24736488529160575,1.4489287966593862,0.30141986802842646,0,1,0,2008-01-17,2008-01-16,149.0,5.034585952758789,572.2848086357117,3.8408376418504138,4.013964653015137,0.7367197726562248,3.090120792388916,4.540478229522705,15.0,4.985019667525827,192.0,0.7808279991149902,43.48441433906555,0.22648132468263307,0.1594855785369873,0.21280135670890687,0.05543100833892822,0.36715567111968994,20.0,4.830520999399256,0.7808279991149902,0.7693891525268555,0.7579765319824219,0.7532167434692383,0.7531976699829102,0.01795650259944997,0.9853503632027798,0.011438846588134766,180.0,150.0,30.0,1.0,1.0
2008-01-22,1.6145958333333335,1.2909708333333334,1.208588888888889,1.3752125,1.865911111111111,1.4191319444444443,1.4049311507936508,0.25232867791960595,1.4570232411038309,0.295028248663708,1,1,0,2008-01-17,2008-01-16,149.0,5.034585952758789,572.2848086357117,3.8408376418504138,4.013964653015137,0.7367197726562248,3.090120792388916,4.540478229522705,15.0,4.985019667525827,192.0,0.7808279991149902,43.48441433906555,0.22648132468263307,0.1594855785369873,0.21280135670890687,0.05543100833892822,0.36715567111968994,20.0,4.830520999399256,0.7808279991149902,0.7693891525268555,0.7579765319824219,0.7532167434692383,0.7531976699829102,0.01795650259944997,0.9853503632027798,0.011438846588134766,180.0,150.0,30.0,1.0,1.0
2008-01-23,1.3071583333333334,1.6145958333333335,1.2909708333333334,1.208588888888889,1.4832305555555554,1.2419722222222223,1.3690289682539682,0.18459530443483052,1.4709849474530372,0.29770998273556387,2,1,0,2008-01-17,2008-01-16,149.0,5.034585952758789,572.2848086357117,3.8408376418504138,4.013964653015137,0.7367197726562248,3.090120792388916,4.540478229522705,15.0,4.985019667525827,192.0,0.7808279991149902,43.48441433906555,0.22648132468263307,0.1594855785369873,0.21280135670890687,0.05543100833892822,0.36715567111968994,20.0,4.830520999399256,0.7808279991149902,0.7693891525268555,0.7579765319824219,0.7532167434692383,0.7531976699829102,0.01795650259944997,0.9853503632027798,0.011438846588134766,180.0,150.0,30.0,1.0,1.0
2008-01-24,1.142376388888889,1.3071583333333334,1.6145958333333335,1.2909708333333334,1.0918625,1.3153305555555557,1.3438757936507937,0.17833010406326152,1.475641098246688,0.29434344859215883,3,1,0,2008-01-24,2008-01-23,149.0,5.034585952758789,579.2829539775848,3.8878050602522474,4.1332879066467285,0.7368384570331343,3.090120792388916,4.539458274841309,15.0,4.985276894658584,201.0,0.936302661895752,52.91905212402344,0.2632788662886738,0.17276239395141602,0.2383746908537731,0.06503009796142578,0.4614295959472656,21.0,4.89342732588695,0.936302661895752,0.8068170547485352,0.7998223304748535,0.7808279991149902,0.7693891525268555,0.017693110974501047,0.8617053946156208,0.1294856071472168,180.0,150.0,30.0,1.0,1.0
2008-01-25,1.5554555555555558,1.142376388888889,1.3071583333333334,1.6145958333333335,1.5187416666666667,1.1845958333333333,1.3510920634920633,0.16710103938486282,1.463287229199069,0.30502510587185794,4,1,0,2008-01-24,2008-01-23,149.0,5.034585952758789,579.2829539775848,3.8878050602522474,4.1332879066467285,0.7368384570331343,3.090120792388916,4.539458274841309,15.0,4.985276894658584,201.0,0.936302661895752,52.91905212402344,0.2632788662886738,0.17276239395141602,0.2383746908537731,0.06503009796142578,0.4614295959472656,21.0,4.89342732588695,0.936302661895752,0.8068170547485352,0.7998223304748535,0.7808279991149902,0.7693891525268555,0.017693110974501047,0.8617053946156208,0.1294856071472168,180.0,150.0,30.0,1.0,1.0
2008-01-26,1.9687416666666666,1.5554555555555558,1.142376388888889,1.3071583333333334,1.3752125,1.9940333333333333,1.356336904761905,0.1736865150710571,1.489777209357799,0.2948958274124064,5,1,1,2008-01-24,2008-01-23,149.0,5.034585952758789,579.2829539775848,3.8878050602522474,4.1332879066467285,0.7368384570331343,3.090120792388916,4.539458274841309,15.0,4.985276894658584,201.0,0.936302661895752,52.91905212402344,0.2632788662886738,0.17276239395141602,0.2383746908537731,0.06503009796142578,0.4614295959472656,21.0,4.89342732588695,0.936302661895752,0.8068170547485352,0.7998223304748535,0.7808279991149902,0.7693891525268555,0.017693110974501047,0.8617053946156208,0.1294856071472168,180.0,150.0,30.0,1.0,1.0
2008-01-27,1.6540041666666667,1.9687416666666666,1.5554555555555558,1.142376388888889,1.208588888888889,2.0025406532314105,1.4411267857142858,0.29021832874285514,1.4879706617387514,0.2916284727481409,6,1,1,2008-01-24,2008-01-23,149.0,5.034585952758789,579.2829539775848,3.8878050602522474,4.1332879066467285,0.7368384570331343,3.090120792388916,4.539458274841309,15.0,4.985276894658584,201.0,0.936302661895752,52.91905212402344,0.2632788662886738,0.17276239395141602,0.2383746908537731,0.06503009796142578,0.4614295959472656,21.0,4.89342732588695,0.936302661895752,0.8068170547485352,0.7998223304748535,0.7808279991149902,0.7693891525268555,0.017693110974501047,0.8617053946156208,0.1294856071472168,180.0,150.0,30.0,1.0,1.0
2008-01-28,1.6029138888888887,1.6540041666666667,1.9687416666666666,1.5554555555555558,1.2909708333333334,1.4062027777777777,1.50475753968254,0.27936262752229507,1.4630751984126984,0.25716218031865834,0,1,0,2008-01-24,2008-01-23,149.0,5.034585952758789,579.2829539775848,3.8878050602522474,4.1332879066467285,0.7368384570331343,3.090120792388916,4.539458274841309,15.0,4.985276894658584,201.0,0.936302661895752,52.91905212402344,0.2632788662886738,0.17276239395141602,0.2383746908537731,0.06503009796142578,0.4614295959472656,21.0,4.89342732588695,0.936302661895752,0.8068170547485352,0.7998223304748535,0.7808279991149902,0.7693891525268555,0.017693110974501047,0.8617053946156208,0.1294856071472168,180.0,150.0,30.0,1.0,1.0
2008-01-29,1.85835,1.6029138888888887,1.6540041666666667,1.9687416666666666,1.6145958333333335,1.865911111111111,1.5493208333333333,0.26403584637563676,1.4771259920634918,0.2591817702984321,1,1,0,2008-01-24,2008-01-23,149.0,5.034585952758789,579.2829539775848,3.8878050602522474,4.1332879066467285,0.7368384570331343,3.090120792388916,4.539458274841309,15.0,4.985276894658584,201.0,0.936302661895752,52.91905212402344,0.2632788662886738,0.17276239395141602,0.2383746908537731,0.06503009796142578,0.4614295959472656,21.0,4.89342732588695,0.936302661895752,0.8068170547485352,0.7998223304748535,0.7808279991149902,0.7693891525268555,0.017693110974501047,0.8617053946156208,0.1294856071472168,180.0,150.0,30.0,1.0,1.0
2008-01-30,1.1393375,1.85835,1.6029138888888887,1.6540041666666667,1.3071583333333334,1.4832305555555554,1.5841428571428573,0.288975130376921,1.4765859126984127,0.25831573741474345,2,1,0,2008-01-24,2008-01-23,149.0,5.034585952758789,579.2829539775848,3.8878050602522474,4.1332879066467285,0.7368384570331343,3.090120792388916,4.539458274841309,15.0,4.985276894658584,201.0,0.936302661895752,52.91905212402344,0.2632788662886738,0.17276239395141602,0.2383746908537731,0.06503009796142578,0.4614295959472656,21.0,4.89342732588695,0.936302661895752,0.8068170547485352,0.7998223304748535,0.7808279991149902,0.7693891525268555,0.017693110974501047,0.8617053946156208,0.1294856071472168,180.0,150.0,30.0,1.0,1.0
2008-01-31,1.3568902777777778,1.1393375,1.85835,1.6029138888888887,1.142376388888889,1.0918625,1.5601684523809525,0.3209744877154915,1.452022123015873,0.27353755000963303,3,1,0,2008-01-31,2008-01-30,149.0,5.034585952758789,582.2809607982635,3.907925911397742,4.189276695251465,0.7093958824263357,3.3494601249694824,4.484652996063232,15.0,4.986715307019486,204.0,0.8243446350097656,57.59412240982056,0.2823241294599047,0.19144010543823242,0.2435385750323926,0.06942123174667358,0.4802582263946533,21.0,4.930543793333433,0.8243446350097656,0.8107280731201172,0.8068170547485352,0.7993912696838379,0.7626323699951172,0.014312999322118398,0.9834819548628625,0.013616561889648438,180.0,150.0,30.0,1.0,1.0
2008-02-01,1.0657305555555556,1.3568902777777778,1.1393375,1.85835,1.5554555555555558,1.5187416666666667,1.5908132936507935,0.2823549168638647,1.4709526785714286,0.25525466579100714,4,2,0,2008-01-31,2008-01-30,149.0,5.034585952758789,582.2809607982635,3.907925911397742,4.189276695251465,0.7093958824263357,3.3494601249694824,4.484652996063232,15.0,4.986715307019486,204.0,0.8243446350097656,57.59412240982056,0.2823241294599047,0.19144010543823242,0.2435385750323926,0.06942123174667358,0.4802582263946533,21.0,4.930543793333433,0.8243446350097656,0.8107280731201172,0.8068170547485352,0.7993912696838379,0.7626323699951172,0.014312999322118398,0.9834819548628625,0.013616561889648438,180.0,150.0,30.0,1.0,1.0
2008-02-02,2.040329395413482,1.0657305555555556,1.3568902777777778,1.1393375,1.9687416666666666,1.3752125,1.5208525793650793,0.346060205711378,1.438594742063492,0.27655531567045777,5,2,1,2008-01-31,2008-01-30,149.0,5.034585952758789,582.2809607982635,3.907925911397742,4.189276695251465,0.7093958824263357,3.3494601249694824,4.484652996063232,15.0,4.986715307019486,204.0,0.8243446350097656,57.59412240982056,0.2823241294599047,0.19144010543823242,0.2435385750323926,0.06942123174667358,0.4802582263946533,21.0,4.930543793333433,0.8243446350097656,0.8107280731201172,0.8068170547485352,0.7993912696838379,0.7626323699951172,0.014312999322118398,0.9834819548628625,0.013616561889648438,180.0,150.0,30.0,1.0,1.0
2008-02-03,1.4476166666666668,2.040329395413482,1.0657305555555556,1.3568902777777778,1.6540041666666667,1.208588888888889,1.5310793977574815,0.3621844394432498,1.4861030917358835,0.3187409887143169,6,2,1,2008-01-31,2008-01-30,149.0,5.034585952758789,582.2809607982635,3.907925911397742,4.189276695251465,0.7093958824263357,3.3494601249694824,4.484652996063232,15.0,4.986715307019486,204.0,0.8243446350097656,57.59412240982056,0.2823241294599047,0.19144010543823242,0.2435385750323926,0.06942123174667358,0.4802582263946533,21.0,4.930543793333433,0.8243446350097656,0.8107280731201172,0.8068170547485352,0.7993912696838379,0.7626323699951172,0.014312999322118398,0.9834819548628625,0.013616561889648438,180.0,150.0,30.0,1.0,1.0
2008-02-04,1.130651388888889,1.4476166666666668,2.040329395413482,1.0657305555555556,1.6029138888888887,1.2909708333333334,1.5015954691860531,0.3588954869714049,1.5031765044342964,0.3089848994022405,0,2,0,2008-01-31,2008-01-30,149.0,5.034585952758789,582.2809607982635,3.907925911397742,4.189276695251465,0.7093958824263357,3.3494601249694824,4.484652996063232,15.0,4.986715307019486,204.0,0.8243446350097656,57.59412240982056,0.2823241294599047,0.19144010543823242,0.2435385750323926,0.06942123174667358,0.4802582263946533,21.0,4.930543793333433,0.8243446350097656,0.8107280731201172,0.8068170547485352,0.7993912696838379,0.7626323699951172,0.014312999322118398,0.9834819548628625,0.013616561889648438,180.0,150.0,30.0,1.0,1.0
2008-02-05,1.7169833333333335,1.130651388888889,1.4476166666666668,2.040329395413482,1.85835,1.6145958333333335,1.4341293977574814,0.38041823834411576,1.4917251155454074,0.32022101974464323,1,2,0,2008-01-31,2008-01-30,149.0,5.034585952758789,582.2809607982635,3.907925911397742,4.189276695251465,0.7093958824263357,3.3494601249694824,4.484652996063232,15.0,4.986715307019486,204.0,0.8243446350097656,57.59412240982056,0.2823241294599047,0.19144010543823242,0.2435385750323926,0.06942123174667358,0.4802582263946533,21.0,4.930543793333433,0.8243446350097656,0.8107280731201172,0.8068170547485352,0.7993912696838379,0.7626323699951172,0.014312999322118398,0.9834819548628625,0.013616561889648438,180.0,150.0,30.0,1.0,1.0
2008-02-06,1.1594027777777778,1.7169833333333335,1.130651388888889,1.4476166666666668,1.1393375,1.3071583333333334,1.4139341596622435,0.3571872787023454,1.4990385084025504,0.32438519015587264,2,2,0,2008-01-31,2008-01-30,149.0,5.034585952758789,582.2809607982635,3.907925911397742,4.189276695251465,0.7093958824263357,3.3494601249694824,4.484652996063232,15.0,4.986715307019486,204.0,0.8243446350097656,57.59412240982056,0.2823241294599047,0.19144010543823242,0.2435385750323926,0.06942123174667358,0.4802582263946533,21.0,4.930543793333433,0.8243446350097656,0.8107280731201172,0.8068170547485352,0.7993912696838379,0.7626323699951172,0.014312999322118398,0.9834819548628625,0.013616561889648438,180.0,150.0,30.0,1.0,1.0
2008-02-07,1.0543819444444444,1.1594027777777778,1.7169833333333335,1.130651388888889,1.3568902777777778,1.142376388888889,1.4168006279162118,0.3546881011972159,1.488484540148582,0.33338702286494304,3,2,0,2008-02-07,2008-02-06,149.0,5.034585952758789,579.3450219631195,3.888221623913554,4.073703289031982,0.6701994874836658,3.5210816860198975,4.388512134552002,15.0,4.988478914414481,194.0,0.8243446350097656,53.47884154319763,0.27566413166596715,0.22539997100830078,0.21537890937536006,0.07940590381622314,0.4299856424331665,20.0,4.940582295997068,0.8243446350097656,0.8107280731201172,0.7993912696838379,0.7349882125854492,0.7263317108154297,0.01541440710423579,0.9834819548628625,0.013616561889648438,180.0,150.0,30.0,1.0,1.0
2008-02-08,1.3545583333333333,1.0543819444444444,1.1594027777777778,1.7169833333333335,1.0657305555555556,1.5554555555555558,1.3735851517257356,0.380680729129724,1.4821992226882645,0.3411531270674099,4,2,0,2008-02-07,2008-02-06,149.0,5.034585952758789,579.3450219631195,3.888221623913554,4.073703289031982,0.6701994874836658,3.5210816860198975,4.388512134552002,15.0,4.988478914414481,194.0,0.8243446350097656,53.47884154319763,0.27566413166596715,0.22539997100830078,0.21537890937536006,0.07940590381622314,0.4299856424331665,20.0,4.940582295997068,0.8243446350097656,0.8107280731201172,0.7993912696838379,0.7349882125854492,0.7263317108154297,0.01541440710423579,0.9834819548628625,0.013616561889648438,180.0,150.0,30.0,1.0,1.0
2008-02-09,1.4599138888888887,1.3545583333333333,1.0543819444444444,1.1594027777777778,2.040329395413482,1.9687416666666666,1.4148462628368468,0.35664574337115895,1.4678494211009632,0.34205867697878134,5,2,1,2008-02-07,2008-02-06,149.0,5.034585952758789,579.3450219631195,3.888221623913554,4.073703289031982,0.6701994874836658,3.5210816860198975,4.388512134552002,15.0,4.988478914414481,194.0,0.8243446350097656,53.47884154319763,0.27566413166596715,0.22539997100830078,0.21537890937536006,0.07940590381622314,0.4299856424331665,20.0,4.940582295997068,0.8243446350097656,0.8107280731201172,0.7993912696838379,0.7349882125854492,0.7263317108154297,0.01541440710423579,0.9834819548628625,0.013616561889648438,180.0,150.0,30.0,1.0,1.0
2008-02-10,1.5171625,1.4599138888888887,1.3545583333333333,1.0543819444444444,1.4476166666666668,1.6540041666666667,1.3319297619047619,0.23304256995984698,1.4315045798311217,0.31030140021013086,6,2,1,2008-02-07,2008-02-06,149.0,5.034585952758789,579.3450219631195,3.888221623913554,4.073703289031982,0.6701994874836658,3.5210816860198975,4.388512134552002,15.0,4.988478914414481,194.0,0.8243446350097656,53.47884154319763,0.27566413166596715,0.22539997100830078,0.21537890937536006,0.07940590381622314,0.4299856424331665,20.0,4.940582295997068,0.8243446350097656,0.8107280731201172,0.7993912696838379,0.7349882125854492,0.7263317108154297,0.01541440710423579,0.9834819548628625,0.013616561889648438,180.0,150.0,30.0,1.0,1.0
2008-02-11,1.1750111111111112,1.5171625,1.4599138888888887,1.3545583333333333,1.130651388888889,1.6029138888888887,1.341864880952381,0.2401700084233311,1.4217301750692173,0.3048611454351179,0,2,0,2008-02-07,2008-02-06,149.0,5.034585952758789,579.3450219631195,3.888221623913554,4.073703289031982,0.6701994874836658,3.5210816860198975,4.388512134552002,15.0,4.988478914414481,194.0,0.8243446350097656,53.47884154319763,0.27566413166596715,0.22539997100830078,0.21537890937536006,0.07940590381622314,0.4299856424331665,20.0,4.940582295997068,0.8243446350097656,0.8107280731201172,0.7993912696838379,0.7349882125854492,0.7263317108154297,0.01541440710423579,0.9834819548628625,0.013616561889648438,180.0,150.0,30.0,1.0,1.0
2008-02-12,1.3804152777777778,1.1750111111111112,1.5171625,1.4599138888888887,1.7169833333333335,1.85835,1.348201984126984,0.23417860947734154,1.391165690942233,0.30674322319086256,1,2,0,2008-02-07,2008-02-06,149.0,5.034585952758789,579.3450219631195,3.888221623913554,4.073703289031982,0.6701994874836658,3.5210816860198975,4.388512134552002,15.0,4.988478914414481,194.0,0.8243446350097656,53.47884154319763,0.27566413166596715,0.22539997100830078,0.21537890937536006,0.07940590381622314,0.4299856424331665,20.0,4.940582295997068,0.8243446350097656,0.8107280731201172,0.7993912696838379,0.7349882125854492,0.7263317108154297,0.01541440710423579,0.9834819548628625,0.013616561889648438,180.0,150.0,30.0,1.0,1.0
2008-02-13,1.319790277777778,1.3804152777777778,1.1750111111111112,1.5171625,1.1594027777777778,1.1393375,1.3001208333333332,0.17218844335704364,1.3570274964977884,0.27578235969276155,2,2,0,2008-02-07,2008-02-06,149.0,5.034585952758789,579.3450219631195,3.888221623913554,4.073703289031982,0.6701994874836658,3.5210816860198975,4.388512134552002,15.0,4.988478914414481,194.0,0.8243446350097656,53.47884154319763,0.27566413166596715,0.22539997100830078,0.21537890937536006,0.07940590381622314,0.4299856424331665,20.0,4.940582295997068,0.8243446350097656,0.8107280731201172,0.7993912696838379,0.7349882125854492,0.7263317108154297,0.01541440710423579,0.9834819548628625,0.013616561889648438,180.0,150.0,30.0,1.0,1.0
2008-02-14,1.1143208333333334,1.319790277777778,1.3804152777777778,1.1750111111111112,1.0543819444444444,1.3568902777777778,1.3230333333333333,0.16062565042462243,1.3699169806247726,0.26895789799179726,3,2,0,2008-02-14,2008-02-13,149.0,5.034585952758789,580.8832809925079,3.898545510016832,3.95314884185791,0.6244509430913516,3.5554556846618652,4.371657371520996,15.0,4.9906065524151515,194.0,0.7263317108154297,51.161442279815674,0.26371877463822513,0.22219467163085938,0.19284825498290542,0.08929508924484253,0.41513001918792725,20.0,4.978833428822954,0.7263317108154297,0.7133173942565918,0.6629643440246582,0.6366767883300781,0.6327242851257324,0.014196857603093487,0.9820821308431831,0.01301431655883789,180.0,150.0,30.0,1.0,1.0
2008-02-15,1.3925055555555557,1.1143208333333334,1.319790277777778,1.3804152777777778,1.3545583333333333,1.0657305555555556,1.331596031746032,0.1447283073679618,1.3525905917358834,0.27753799526361667,4,2,0,2008-02-14,2008-02-13,149.0,5.034585952758789,580.8832809925079,3.898545510016832,3.95314884185791,0.6244509430913516,3.5554556846618652,4.371657371520996,15.0,4.9906065524151515,194.0,0.7263317108154297,51.161442279815674,0.26371877463822513,0.22219467163085938,0.19284825498290542,0.08929508924484253,0.41513001918792725,20.0,4.978833428822954,0.7263317108154297,0.7133173942565918,0.6629643440246582,0.6366767883300781,0.6327242851257324,0.014196857603093487,0.9820821308431831,0.01301431655883789,180.0,150.0,30.0,1.0,1.0
2008-02-16,1.6298249999999999,1.3925055555555557,1.1143208333333334,1.319790277777778,1.4599138888888887,2.040329395413482,1.3370170634920637,0.14643240045708678,1.3759316631644551,0.2650156236261713,5,2,1,2008-02-14,2008-02-13,149.0,5.034585952758789,580.8832809925079,3.898545510016832,3.95314884185791,0.6244509430913516,3.5554556846618652,4.371657371520996,15.0,4.9906065524151515,194.0,0.7263317108154297,51.161442279815674,0.26371877463822513,0.22219467163085938,0.19284825498290542,0.08929508924484253,0.41513001918792725,20.0,4.978833428822954,0.7263317108154297,0.7133173942565918,0.6629643440246582,0.6366767883300781,0.6327242851257324,0.014196857603093487,0.9820821308431831,0.01301431655883789,180.0,150.0,30.0,1.0,1.0
2008-02-17,1.3426166666666666,1.6298249999999999,1.3925055555555557,1.1143208333333334,1.5171625,1.4476166666666668,1.3612900793650795,0.18035302895255376,1.3466099206349205,0.20077416046583133,6,2,1,2008-02-14,2008-02-13,149.0,5.034585952758789,580.8832809925079,3.898545510016832,3.95314884185791,0.6244509430913516,3.5554556846618652,4.371657371520996,15.0,4.9906065524151515,194.0,0.7263317108154297,51.161442279815674,0.26371877463822513,0.22219467163085938,0.19284825498290542,0.08929508924484253,0.41513001918792725,20.0,4.978833428822954,0.7263317108154297,0.7133173942565918,0.6629643440246582,0.6366767883300781,0.6327242851257324,0.014196857603093487,0.9820821308431831,0.01301431655883789,180.0,150.0,30.0,1.0,1.0
2008-02-18,1.0516694444444445,1.3426166666666666,1.6298249999999999,1.3925055555555557,1.1750111111111112,1.130651388888889,1.3363549603174605,0.16676503131049739,1.3391099206349206,0.19866080658967925,0,2,0,2008-02-14,2008-02-13,149.0,5.034585952758789,580.8832809925079,3.898545510016832,3.95314884185791,0.6244509430913516,3.5554556846618652,4.371657371520996,15.0,4.9906065524151515,194.0,0.7263317108154297,51.161442279815674,0.26371877463822513,0.22219467163085938,0.19284825498290542,0.08929508924484253,0.41513001918792725,20.0,4.978833428822954,0.7263317108154297,0.7133173942565918,0.6629643440246582,0.6366767883300781,0.6327242851257324,0.014196857603093487,0.9820821308431831,0.01301431655883789,180.0,150.0,30.0,1.0,1.0
2008-02-19,1.477025,1.0516694444444445,1.3426166666666666,1.6298249999999999,1.3804152777777778,1.7169833333333335,1.3187347222222223,0.19135662593936167,1.3334683531746034,0.20602109580189398,1,2,0,2008-02-14,2008-02-13,149.0,5.034585952758789,580.8832809925079,3.898545510016832,3.95314884185791,0.6244509430913516,3.5554556846618652,4.371657371520996,15.0,4.9906065524151515,194.0,0.7263317108154297,51.161442279815674,0.26371877463822513,0.22219467163085938,0.19284825498290542,0.08929508924484253,0.41513001918792725,20.0,4.978833428822954,0.7263317108154297,0.7133173942565918,0.6629643440246582,0.6366767883300781,0.6327242851257324,0.014196857603093487,0.9820821308431831,0.01301431655883789,180.0,150.0,30.0,1.0,1.0
2008-02-20,1.5651319444444445,1.477025,1.0516694444444445,1.3426166666666666,1.319790277777778,1.1594027777777778,1.3325361111111111,0.19984248901900573,1.3163284722222222,0.17999848471052501,2,2,0,2008-02-14,2008-02-13,149.0,5.034585952758789,580.8832809925079,3.898545510016832,3.95314884185791,0.6244509430913516,3.5554556846618652,4.371657371520996,15.0,4.9906065524151515,194.0,0.7263317108154297,51.161442279815674,0.26371877463822513,0.22219467163085938,0.19284825498290542,0.08929508924484253,0.41513001918792725,20.0,4.978833428822954,0.7263317108154297,0.7133173942565918,0.6629643440246582,0.6366767883300781,0.6327242851257324,0.014196857603093487,0.9820821308431831,0.01301431655883789,180.0,150.0,30.0,1.0,1.0
2008-02-21,1.1346180555555554,1.5651319444444445,1.477025,1.0516694444444445,1.1143208333333334,1.0543819444444444,1.3675849206349207,0.21793024670647929,1.3453091269841269,0.18537116732529804,3,2,0,2008-02-21,2008-02-20,149.0,5.003268718719482,583.9439611434937,3.9190869875402257,3.9054131507873535,0.5294258306556952,3.566174268722534,4.315174102783203,15.0,4.994638741408163,186.0,0.7373347282409668,46.24646711349487,0.2486369199650262,0.21539080142974854,0.18313358188193993,0.08929508924484253,0.380765438079834,19.0,4.936444424450027,0.7373347282409668,0.7319345474243164,0.6905956268310547,0.6327242851257324,0.6322340965270996,0.01594359038132472,0.9926760796557984,0.005400180816650391,180.0,150.0,30.0,1.0,1.0
2008-02-22,1.2031694444444445,1.1346180555555554,1.5651319444444445,1.477025,1.3925055555555557,1.3545583333333333,1.3704845238095236,0.2141002736241018,1.3510402777777777,0.17672324355622684,4,2,0,2008-02-21,2008-02-20,149.0,5.003268718719482,583.9439611434937,3.9190869875402257,3.9054131507873535,0.5294258306556952,3.566174268722534,4.315174102783203,15.0,4.994638741408163,186.0,0.7373347282409668,46.24646711349487,0.2486369199650262,0.21539080142974854,0.18313358188193993,0.08929508924484253,0.380765438079834,19.0,4.936444424450027,0.7373347282409668,0.7319345474243164,0.6905956268310547,0.6327242851257324,0.6322340965270996,0.01594359038132472,0.9926760796557984,0.005400180816650391,180.0,150.0,30.0,1.0,1.0
2008-02-23,1.2753616133518777,1.2031694444444445,1.1346180555555554,1.5651319444444445,1.6298249999999999,1.4599138888888887,1.3434365079365078,0.22264388860562584,1.3402267857142858,0.18106962678159444,5,2,1,2008-02-21,2008-02-20,149.0,5.003268718719482,583.9439611434937,3.9190869875402257,3.9054131507873535,0.5294258306556952,3.566174268722534,4.315174102783203,15.0,4.994638741408163,186.0,0.7373347282409668,46.24646711349487,0.2486369199650262,0.21539080142974854,0.18313358188193993,0.08929508924484253,0.380765438079834,19.0,4.936444424450027,0.7373347282409668,0.7319345474243164,0.6905956268310547,0.6327242851257324,0.6322340965270996,0.01594359038132472,0.9926760796557984,0.005400180816650391,180.0,150.0,30.0,1.0,1.0
2008-02-24,0.8770888888888889,1.2753616133518777,1.2031694444444445,1.1346180555555554,1.3426166666666666,1.5171625,1.2927988812724904,0.18352495064148736,1.3270444803187849,0.178383853641188,6,2,1,2008-02-21,2008-02-20,149.0,5.003268718719482,583.9439611434937,3.9190869875402257,3.9054131507873535,0.5294258306556952,3.566174268722534,4.315174102783203,15.0,4.994638741408163,186.0,0.7373347282409668,46.24646711349487,0.2486369199650262,0.21539080142974854,0.18313358188193993,0.08929508924484253,0.380765438079834,19.0,4.936444424450027,0.7373347282409668,0.7319345474243164,0.6905956268310547,0.6327242851257324,0.6322340965270996,0.01594359038132472,0.9926760796557984,0.005400180816650391,180.0,150.0,30.0,1.0,1.0
2008-02-25,0.35033888888888887,0.8770888888888889,1.2753616133518777,1.2031694444444445,1.0516694444444445,1.1750111111111112,1.2262949130185223,0.2385588629385075,1.281324936667991,0.20582324186003265,0,2,0,2008-02-21,2008-02-20,149.0,5.003268718719482,583.9439611434937,3.9190869875402257,3.9054131507873535,0.5294258306556952,3.566174268722534,4.315174102783203,15.0,4.994638741408163,186.0,0.7373347282409668,46.24646711349487,0.2486369199650262,0.21539080142974854,0.18313358188193993,0.08929508924484253,0.380765438079834,19.0,4.936444424450027,0.7373347282409668,0.7319345474243164,0.6905956268310547,0.6327242851257324,0.6322340965270996,0.01594359038132472,0.9926760796557984,0.005400180816650391,180.0,150.0,30.0,1.0,1.0
2008-02-26,0.3521666666666667,0.35033888888888887,0.8770888888888889,1.2753616133518777,1.477025,1.3804152777777778,1.126104833653443,0.4098781372617746,1.2224197779378323,0.32315471801403756,1,2,0,2008-02-21,2008-02-20,149.0,5.003268718719482,583.9439611434937,3.9190869875402257,3.9054131507873535,0.5294258306556952,3.566174268722534,4.315174102783203,15.0,4.994638741408163,186.0,0.7373347282409668,46.24646711349487,0.2486369199650262,0.21539080142974854,0.18313358188193993,0.08929508924484253,0.380765438079834,19.0,4.936444424450027,0.7373347282409668,0.7319345474243164,0.6905956268310547,0.6327242851257324,0.6322340965270996,0.01594359038132472,0.9926760796557984,0.005400180816650391,180.0,150.0,30.0,1.0,1.0
2008-02-27,0.39355555555555555,0.3521666666666667,0.35033888888888887,0.8770888888888889,1.5651319444444445,1.319790277777778,0.9654107860343952,0.46602535857681565,1.1489734485727532,0.39364504184687227,2,2,0,2008-02-21,2008-02-20,149.0,5.003268718719482,583.9439611434937,3.9190869875402257,3.9054131507873535,0.5294258306556952,3.566174268722534,4.315174102783203,15.0,4.994638741408163,186.0,0.7373347282409668,46.24646711349487,0.2486369199650262,0.21539080142974854,0.18313358188193993,0.08929508924484253,0.380765438079834,19.0,4.936444424450027,0.7373347282409668,0.7319345474243164,0.6905956268310547,0.6327242851257324,0.6322340965270996,0.01594359038132472,0.9926760796557984,0.005400180816650391,180.0,150.0,30.0,1.0,1.0
2008-02-28,0.35359999999999997,0.39355555555555555,0.3521666666666667,0.35033888888888887,1.1346180555555554,1.1143208333333334,0.7980427304788397,0.4231521167890019,1.0828138255568802,0.43805794405294285,3,2,0,2008-02-28,2008-02-27,149.0,5.003268718719482,586.6184918880463,3.9370368583090354,3.8812777996063232,0.45905634849319643,3.5946710109710693,4.276727199554443,15.0,4.997142035966764,189.0,0.9198479652404785,46.18624424934387,0.24437166269494112,0.1802971363067627,0.19752980717174098,0.07868194580078125,0.3851933479309082,19.0,4.915361341003377,0.9198479652404785,0.8573393821716309,0.756497859954834,0.7211861610412598,0.7034626007080078,0.01991605899528291,0.9320446579968181,0.06250858306884766,180.0,150.0,30.0,1.0,1.0
2008-02-29,0.9259361111111111,0.35359999999999997,0.39355555555555555,0.3521666666666667,1.2031694444444445,1.3925055555555557,0.6864687225423317,0.42258162133761323,1.0284766231759277,0.47910626575311444,4,2,0,2008-02-28,2008-02-27,149.0,5.003268718719482,586.6184918880463,3.9370368583090354,3.8812777996063232,0.45905634849319643,3.5946710109710693,4.276727199554443,15.0,4.997142035966764,189.0,0.9198479652404785,46.18624424934387,0.24437166269494112,0.1802971363067627,0.19752980717174098,0.07868194580078125,0.3851933479309082,19.0,4.915361341003377,0.9198479652404785,0.8573393821716309,0.756497859954834,0.7211861610412598,0.7034626007080078,0.01991605899528291,0.9320446579968181,0.06250858306884766,180.0,150.0,30.0,1.0,1.0
2008-03-01,0.7929694444444444,0.9259361111111111,0.35359999999999997,0.39355555555555555,1.2753616133518777,1.6298249999999999,0.6468639606375698,0.37657150586332017,0.995150234287039,0.4679336736979896,5,3,1,2008-02-28,2008-02-27,149.0,5.003268718719482,586.6184918880463,3.9370368583090354,3.8812777996063232,0.45905634849319643,3.5946710109710693,4.276727199554443,15.0,4.997142035966764,189.0,0.9198479652404785,46.18624424934387,0.24437166269494112,0.1802971363067627,0.19752980717174098,0.07868194580078125,0.3851933479309082,19.0,4.915361341003377,0.9198479652404785,0.8573393821716309,0.756497859954834,0.7211861610412598,0.7034626007080078,0.01991605899528291,0.9320446579968181,0.06250858306884766,180.0,150.0,30.0,1.0,1.0
2008-03-02,0.8071013888888889,0.7929694444444444,0.9259361111111111,0.35359999999999997,0.8770888888888889,1.3426166666666666,0.5779507936507936,0.27200825202280965,0.935374837461642,0.43275029568279977,6,3,1,2008-02-28,2008-02-27,149.0,5.003268718719482,586.6184918880463,3.9370368583090354,3.8812777996063232,0.45905634849319643,3.5946710109710693,4.276727199554443,15.0,4.997142035966764,189.0,0.9198479652404785,46.18624424934387,0.24437166269494112,0.1802971363067627,0.19752980717174098,0.07868194580078125,0.3851933479309082,19.0,4.915361341003377,0.9198479652404785,0.8573393821716309,0.756497859954834,0.7211861610412598,0.7034626007080078,0.01991605899528291,0.9320446579968181,0.06250858306884766,180.0,150.0,30.0,1.0,1.0
2008-03-03,0.7226041666666666,0.8071013888888889,0.7929694444444444,0.9259361111111111,0.35033888888888887,1.0516694444444445,0.5679525793650794,0.2602106775493024,0.8971237461918008,0.41737925621705974,0,3,0,2008-02-28,2008-02-27,149.0,5.003268718719482,586.6184918880463,3.9370368583090354,3.8812777996063232,0.45905634849319643,3.5946710109710693,4.276727199554443,15.0,4.997142035966764,189.0,0.9198479652404785,46.18624424934387,0.24437166269494112,0.1802971363067627,0.19752980717174098,0.07868194580078125,0.3851933479309082,19.0,4.915361341003377,0.9198479652404785,0.8573393821716309,0.756497859954834,0.7211861610412598,0.7034626007080078,0.01991605899528291,0.9320446579968181,0.06250858306884766,180.0,150.0,30.0,1.0,1.0
2008-03-04,1.1590208333333334,0.7226041666666666,0.8071013888888889,0.7929694444444444,0.3521666666666667,1.477025,0.6211333333333334,0.24597480470155608,0.8736190834933881,0.41727217719495974,1,3,0,2008-02-28,2008-02-27,149.0,5.003268718719482,586.6184918880463,3.9370368583090354,3.8812777996063232,0.45905634849319643,3.5946710109710693,4.276727199554443,15.0,4.997142035966764,189.0,0.9198479652404785,46.18624424934387,0.24437166269494112,0.1802971363067627,0.19752980717174098,0.07868194580078125,0.3851933479309082,19.0,4.915361341003377,0.9198479652404785,0.8573393821716309,0.756497859954834,0.7211861610412598,0.7034626007080078,0.01991605899528291,0.9320446579968181,0.06250858306884766,180.0,150.0,30.0,1.0,1.0
2008-03-05,1.4147277777777778,1.1590208333333334,0.7226041666666666,0.8071013888888889,0.39355555555555555,1.5651319444444445,0.7363982142857142,0.2848975174513107,0.8509045001600547,0.38963898821519644,2,3,0,2008-02-28,2008-02-27,149.0,5.003268718719482,586.6184918880463,3.9370368583090354,3.8812777996063232,0.45905634849319643,3.5946710109710693,4.276727199554443,15.0,4.997142035966764,189.0,0.9198479652404785,46.18624424934387,0.24437166269494112,0.1802971363067627,0.19752980717174098,0.07868194580078125,0.3851933479309082,19.0,4.915361341003377,0.9198479652404785,0.8573393821716309,0.756497859954834,0.7211861610412598,0.7034626007080078,0.01991605899528291,0.9320446579968181,0.06250858306884766,180.0,150.0,30.0,1.0,1.0
2008-03-06,1.7383388888888889,1.4147277777777778,1.1590208333333334,0.7226041666666666,0.35359999999999997,1.1346180555555554,0.8822799603174604,0.33680337834429797,0.84016134539815,0.3700105056472099,3,3,0,2008-03-06,2008-03-05,149.0,5.003268718719482,591.0419659614563,3.966724603768163,3.8812777996063232,0.4055900261956119,3.617406129837036,4.226566314697266,15.0,4.998797331389168,190.0,0.9198479652404785,47.77495312690735,0.251447121720565,0.17474126815795898,0.2104887301470268,0.06842482089996338,0.40028154850006104,19.0,4.8936548809462925,0.9198479652404785,0.8573393821716309,0.812744140625,0.756497859954834,0.7211861610412598,0.019253770125049283,0.9320446579968181,0.06250858306884766,180.0,150.0,30.0,1.0,1.0
2008-03-07,1.2937194444444444,1.7383388888888889,1.4147277777777778,1.1590208333333334,0.9259361111111111,1.2031694444444445,1.0800998015873016,0.37859931667710156,0.8832842620648167,0.436223743582749,4,3,0,2008-03-06,2008-03-05,149.0,5.003268718719482,591.0419659614563,3.966724603768163,3.8812777996063232,0.4055900261956119,3.617406129837036,4.226566314697266,15.0,4.998797331389168,190.0,0.9198479652404785,47.77495312690735,0.251447121720565,0.17474126815795898,0.2104887301470268,0.06842482089996338,0.40028154850006104,19.0,4.8936548809462925,0.9198479652404785,0.8573393821716309,0.812744140625,0.756497859954834,0.7211861610412598,0.019253770125049283,0.9320446579968181,0.06250858306884766,180.0,150.0,30.0,1.0,1.0
2008-03-08,1.5615694444444443,1.2937194444444444,1.7383388888888889,1.4147277777777778,0.7929694444444444,1.2753616133518777,1.1326402777777778,0.37915872938544937,0.8897521192076738,0.4419650049333168,5,3,1,2008-03-06,2008-03-05,149.0,5.003268718719482,591.0419659614563,3.966724603768163,3.8812777996063232,0.4055900261956119,3.617406129837036,4.226566314697266,15.0,4.998797331389168,190.0,0.9198479652404785,47.77495312690735,0.251447121720565,0.17474126815795898,0.2104887301470268,0.06842482089996338,0.40028154850006104,19.0,4.8936548809462925,0.9198479652404785,0.8573393821716309,0.812744140625,0.756497859954834,0.7211861610412598,0.019253770125049283,0.9320446579968181,0.06250858306884766,180.0,150.0,30.0,1.0,1.0
2008-03-09,1.083651388888889,1.5615694444444443,1.2937194444444444,1.7383388888888889,0.8071013888888889,0.8770888888888889,1.2424402777777777,0.37567266944667205,0.9101955357142858,0.46707952075635717,6,3,1,2008-03-06,2008-03-05,149.0,5.003268718719482,591.0419659614563,3.966724603768163,3.8812777996063232,0.4055900261956119,3.617406129837036,4.226566314697266,15.0,4.998797331389168,190.0,0.9198479652404785,47.77495312690735,0.251447121720565,0.17474126815795898,0.2104887301470268,0.06842482089996338,0.40028154850006104,19.0,4.8936548809462925,0.9198479652404785,0.8573393821716309,0.812744140625,0.756497859954834,0.7211861610412598,0.019253770125049283,0.9320446579968181,0.06250858306884766,180.0,150.0,30.0,1.0,1.0
2008-03-10,1.1240875,1.083651388888889,1.5615694444444443,1.2937194444444444,0.7226041666666666,0.35033888888888887,1.2819474206349208,0.3345514385246669,0.9249499999999999,0.46921094051915724,0,3,0,2008-03-06,2008-03-05,149.0,5.003268718719482,591.0419659614563,3.966724603768163,3.8812777996063232,0.4055900261956119,3.617406129837036,4.226566314697266,15.0,4.998797331389168,190.0,0.9198479652404785,47.77495312690735,0.251447121720565,0.17474126815795898,0.2104887301470268,0.06842482089996338,0.40028154850006104,19.0,4.8936548809462925,0.9198479652404785,0.8573393821716309,0.812744140625,0.756497859954834,0.7211861610412598,0.019253770125049283,0.9320446579968181,0.06250858306884766,180.0,150.0,30.0,1.0,1.0
2008-03-11,1.5278069444444444,1.1240875,1.083651388888889,1.5615694444444443,1.1590208333333334,0.3521666666666667,1.3393021825396825,0.2451448170315352,0.9802177579365079,0.44104598147591084,1,3,0,2008-03-06,2008-03-05,149.0,5.003268718719482,591.0419659614563,3.966724603768163,3.8812777996063232,0.4055900261956119,3.617406129837036,4.226566314697266,15.0,4.998797331389168,190.0,0.9198479652404785,47.77495312690735,0.251447121720565,0.17474126815795898,0.2104887301470268,0.06842482089996338,0.40028154850006104,19.0,4.8936548809462925,0.9198479652404785,0.8573393821716309,0.812744140625,0.756497859954834,0.7211861610412598,0.019253770125049283,0.9320446579968181,0.06250858306884766,180.0,150.0,30.0,1.0,1.0
2008-03-12,1.2321055555555556,1.5278069444444444,1.1240875,1.083651388888889,1.4147277777777778,0.39355555555555555,1.3919859126984129,0.23950627699832613,1.0641920634920636,0.4238525159964071,2,3,0,2008-03-06,2008-03-05,149.0,5.003268718719482,591.0419659614563,3.966724603768163,3.8812777996063232,0.4055900261956119,3.617406129837036,4.226566314697266,15.0,4.998797331389168,190.0,0.9198479652404785,47.77495312690735,0.251447121720565,0.17474126815795898,0.2104887301470268,0.06842482089996338,0.40028154850006104,19.0,4.8936548809462925,0.9198479652404785,0.8573393821716309,0.812744140625,0.756497859954834,0.7211861610412598,0.019253770125049283,0.9320446579968181,0.06250858306884766,180.0,150.0,30.0,1.0,1.0
2008-03-13,1.1635513888888889,1.2321055555555556,1.5278069444444444,1.1240875,1.7383388888888889,0.35359999999999997,1.3658970238095238,0.24646151343845266,1.1240884920634922,0.3786288911703354,3,3,0,2008-03-13,2008-03-12,149.0,5.095252513885498,587.0279774665833,3.939785083668344,3.8727235794067383,0.39044495082981395,3.622485876083374,4.189276695251465,15.0,4.999150426799665,171.0,0.9198479652404785,46.11319184303284,0.2696677885557476,0.23408937454223633,0.21379174743096582,0.07658576965332031,0.4161717891693115,18.0,4.810652104184852,0.9198479652404785,0.8573393821716309,0.7898516654968262,0.756497859954834,0.7211861610412598,0.019947609967481718,0.9320446579968181,0.06250858306884766,180.0,150.0,30.0,1.0,1.0
2008-03-14,1.5348749999999998,1.1635513888888889,1.2321055555555556,1.5278069444444444,1.2937194444444444,0.9259361111111111,1.2837845238095238,0.19126475548835623,1.1819421626984126,0.30693572703742605,4,3,0,2008-03-13,2008-03-12,149.0,5.095252513885498,587.0279774665833,3.939785083668344,3.8727235794067383,0.39044495082981395,3.622485876083374,4.189276695251465,15.0,4.999150426799665,171.0,0.9198479652404785,46.11319184303284,0.2696677885557476,0.23408937454223633,0.21379174743096582,0.07658576965332031,0.4161717891693115,18.0,4.810652104184852,0.9198479652404785,0.8573393821716309,0.7898516654968262,0.756497859954834,0.7211861610412598,0.019947609967481718,0.9320446579968181,0.06250858306884766,180.0,150.0,30.0,1.0,1.0
2008-03-15,1.0946527777777777,1.5348749999999998,1.1635513888888889,1.2321055555555556,1.5615694444444443,0.7929694444444444,1.3182353174603174,0.21374945007939986,1.2254377976190476,0.3109860660386142,5,3,1,2008-03-13,2008-03-12,149.0,5.095252513885498,587.0279774665833,3.939785083668344,3.8727235794067383,0.39044495082981395,3.622485876083374,4.189276695251465,15.0,4.999150426799665,171.0,0.9198479652404785,46.11319184303284,0.2696677885557476,0.23408937454223633,0.21379174743096582,0.07658576965332031,0.4161717891693115,18.0,4.810652104184852,0.9198479652404785,0.8573393821716309,0.7898516654968262,0.756497859954834,0.7211861610412598,0.019947609967481718,0.9320446579968181,0.06250858306884766,180.0,150.0,30.0,1.0,1.0
2008-03-16,1.2513611111111111,1.0946527777777777,1.5348749999999998,1.1635513888888889,1.083651388888889,0.8071013888888889,1.2515329365079364,0.19738547978436605,1.246986607142857,0.2883421126081192,6,3,1,2008-03-13,2008-03-12,149.0,5.095252513885498,587.0279774665833,3.939785083668344,3.8727235794067383,0.39044495082981395,3.622485876083374,4.189276695251465,15.0,4.999150426799665,171.0,0.9198479652404785,46.11319184303284,0.2696677885557476,0.23408937454223633,0.21379174743096582,0.07658576965332031,0.4161717891693115,18.0,4.810652104184852,0.9198479652404785,0.8573393821716309,0.7898516654968262,0.756497859954834,0.7211861610412598,0.019947609967481718,0.9320446579968181,0.06250858306884766,180.0,150.0,30.0,1.0,1.0
2008-03-17,1.1853597222222223,1.2513611111111111,1.0946527777777777,1.5348749999999998,1.1240875,0.7226041666666666,1.2754914682539682,0.1832866164268628,1.2787194444444443,0.25917884681977565,0,3,0,2008-03-13,2008-03-12,149.0,5.095252513885498,587.0279774665833,3.939785083668344,3.8727235794067383,0.39044495082981395,3.622485876083374,4.189276695251465,15.0,4.999150426799665,171.0,0.9198479652404785,46.11319184303284,0.2696677885557476,0.23408937454223633,0.21379174743096582,0.07658576965332031,0.4161717891693115,18.0,4.810652104184852,0.9198479652404785,0.8573393821716309,0.7898516654968262,0.756497859954834,0.7211861610412598,0.019947609967481718,0.9320446579968181,0.06250858306884766,180.0,150.0,30.0,1.0,1.0
2008-03-18,1.3316430555555556,1.1853597222222223,1.2513611111111111,1.0946527777777777,1.5278069444444444,1.1590208333333334,1.2842446428571428,0.17617611744477668,1.3117734126984126,0.20706998044467373,1,3,0,2008-03-13,2008-03-12,149.0,5.095252513885498,587.0279774665833,3.939785083668344,3.8727235794067383,0.39044495082981395,3.622485876083374,4.189276695251465,15.0,4.999150426799665,171.0,0.9198479652404785,46.11319184303284,0.2696677885557476,0.23408937454223633,0.21379174743096582,0.07658576965332031,0.4161717891693115,18.0,4.810652104184852,0.9198479652404785,0.8573393821716309,0.7898516654968262,0.756497859954834,0.7211861610412598,0.019947609967481718,0.9320446579968181,0.06250858306884766,180.0,150.0,30.0,1.0,1.0
2008-03-19,0.9086444444444445,1.3316430555555556,1.1853597222222223,1.2513611111111111,1.2321055555555556,1.4147277777777778,1.25622123015873,0.143558918975486,1.3241035714285714,0.2023604345681394,2,3,0,2008-03-13,2008-03-12,149.0,5.095252513885498,587.0279774665833,3.939785083668344,3.8727235794067383,0.39044495082981395,3.622485876083374,4.189276695251465,15.0,4.999150426799665,171.0,0.9198479652404785,46.11319184303284,0.2696677885557476,0.23408937454223633,0.21379174743096582,0.07658576965332031,0.4161717891693115,18.0,4.810652104184852,0.9198479652404785,0.8573393821716309,0.7898516654968262,0.756497859954834,0.7211861610412598,0.019947609967481718,0.9320446579968181,0.06250858306884766,180.0,150.0,30.0,1.0,1.0
2008-03-20,0.8703291666666667,0.9086444444444445,1.3316430555555556,1.1853597222222223,1.1635513888888889,1.7383388888888889,1.2100125,0.19533574016301294,1.287954761904762,0.22844725373705468,3,3,0,2008-03-20,2008-03-19,149.0,5.145368576049805,586.0709824562073,3.9333622983638072,3.8765268325805664,0.37667843569460485,3.636190176010132,4.135095119476318,15.0,4.9994855797596625,150.0,0.9198479652404785,40.93863582611084,0.2729242388407389,0.23897457122802734,0.22003550558683163,0.07723355293273926,0.4303807020187378,15.0,4.669216795584084,0.9198479652404785,0.8573393821716309,0.8452095985412598,0.756497859954834,0.7211861610412598,0.022468945207348493,0.9320446579968181,0.06250858306884766,180.0,150.0,30.0,1.0,1.0
2008-03-21,1.4350291666666666,0.8703291666666667,0.9086444444444445,1.3316430555555556,1.5348749999999998,1.2937194444444444,1.1681236111111113,0.23447803284548788,1.2259540674603175,0.2141519932945616,4,3,0,2008-03-20,2008-03-19,149.0,5.145368576049805,586.0709824562073,3.9333622983638072,3.8765268325805664,0.37667843569460485,3.636190176010132,4.135095119476318,15.0,4.9994855797596625,150.0,0.9198479652404785,40.93863582611084,0.2729242388407389,0.23897457122802734,0.22003550558683163,0.07723355293273926,0.4303807020187378,15.0,4.669216795584084,0.9198479652404785,0.8573393821716309,0.8452095985412598,0.756497859954834,0.7211861610412598,0.022468945207348493,0.9320446579968181,0.06250858306884766,180.0,150.0,30.0,1.0,1.0
2008-03-22,1.4260527777777778,1.4350291666666666,0.8703291666666667,0.9086444444444445,1.0946527777777777,1.5615694444444443,1.1538599206349207,0.21023301025093757,1.236047619047619,0.2208180463701956,5,3,1,2008-03-20,2008-03-19,149.0,5.145368576049805,586.0709824562073,3.9333622983638072,3.8765268325805664,0.37667843569460485,3.636190176010132,4.135095119476318,15.0,4.9994855797596625,150.0,0.9198479652404785,40.93863582611084,0.2729242388407389,0.23897457122802734,0.22003550558683163,0.07723355293273926,0.4303807020187378,15.0,4.669216795584084,0.9198479652404785,0.8573393821716309,0.8452095985412598,0.756497859954834,0.7211861610412598,0.022468945207348493,0.9320446579968181,0.06250858306884766,180.0,150.0,30.0,1.0,1.0
2008-03-23,1.6152708333333332,1.4260527777777778,1.4350291666666666,0.8703291666666667,1.2513611111111111,1.083651388888889,1.2012027777777778,0.23096953422914457,1.2263678571428571,0.20805207508304252,6,3,1,2008-03-20,2008-03-19,149.0,5.145368576049805,586.0709824562073,3.9333622983638072,3.8765268325805664,0.37667843569460485,3.636190176010132,4.135095119476318,15.0,4.9994855797596625,150.0,0.9198479652404785,40.93863582611084,0.2729242388407389,0.23897457122802734,0.22003550558683163,0.07723355293273926,0.4303807020187378,15.0,4.669216795584084,0.9198479652404785,0.8573393821716309,0.8452095985412598,0.756497859954834,0.7211861610412598,0.022468945207348493,0.9320446579968181,0.06250858306884766,180.0,150.0,30.0,1.0,1.0
2008-03-24,1.3722501737317583,1.6152708333333332,1.4260527777777778,1.4350291666666666,1.1853597222222223,1.1240875,1.253189880952381,0.27991053285098705,1.2643406746031745,0.2275968270292819,0,3,0,2008-03-20,2008-03-19,149.0,5.145368576049805,586.0709824562073,3.9333622983638072,3.8765268325805664,0.37667843569460485,3.636190176010132,4.135095119476318,15.0,4.9994855797596625,150.0,0.9198479652404785,40.93863582611084,0.2729242388407389,0.23897457122802734,0.22003550558683163,0.07723355293273926,0.4303807020187378,15.0,4.669216795584084,0.9198479652404785,0.8573393821716309,0.8452095985412598,0.756497859954834,0.7211861610412598,0.022468945207348493,0.9320446579968181,0.06250858306884766,180.0,150.0,30.0,1.0,1.0
2008-03-25,1.3999,1.3722501737317583,1.6152708333333332,1.4260527777777778,1.3316430555555556,1.5278069444444444,1.2798885168823146,0.2812721520654743,1.282066579869729,0.22548728477370078,1,3,0,2008-03-20,2008-03-19,149.0,5.145368576049805,586.0709824562073,3.9333622983638072,3.8765268325805664,0.37667843569460485,3.636190176010132,4.135095119476318,15.0,4.9994855797596625,150.0,0.9198479652404785,40.93863582611084,0.2729242388407389,0.23897457122802734,0.22003550558683163,0.07723355293273926,0.4303807020187378,15.0,4.669216795584084,0.9198479652404785,0.8573393821716309,0.8452095985412598,0.756497859954834,0.7211861610412598,0.022468945207348493,0.9320446579968181,0.06250858306884766,180.0,150.0,30.0,1.0,1.0
2008-03-26,1.1343555555555556,1.3999,1.3722501737317583,1.6152708333333332,0.9086444444444445,1.2321055555555556,1.2896395089458068,0.2845296680630833,1.2729303695522685,0.21720364533397668,2,3,0,2008-03-20,2008-03-19,149.0,5.145368576049805,586.0709824562073,3.9333622983638072,3.8765268325805664,0.37667843569460485,3.636190176010132,4.135095119476318,15.0,4.9994855797596625,150.0,0.9198479652404785,40.93863582611084,0.2729242388407389,0.23897457122802734,0.22003550558683163,0.07723355293273926,0.4303807020187378,15.0,4.669216795584084,0.9198479652404785,0.8573393821716309,0.8452095985412598,0.756497859954834,0.7211861610412598,0.022468945207348493,0.9320446579968181,0.06250858306884766,180.0,150.0,30.0,1.0,1.0
2008-03-27,0.9519597222222222,1.1343555555555556,1.3999,1.3722501737317583,0.8703291666666667,1.1635513888888889,1.321883953390251,0.24406991132048034,1.2659482266951254,0.22016782327524168,3,3,0,2008-03-27,2008-03-26,149.0,4.904338836669922,583.9971239566803,3.9194437849441632,3.882755756378174,0.3194931219076285,3.6466948986053467,4.132787227630615,15.0,5.000657821813791,134.0,1.199202060699463,33.18171834945679,0.2476247638019163,0.17968177795410156,0.22026615222197035,0.06573307514190674,0.40028154850006104,14.0,4.511592173759455,1.199202060699463,0.9303045272827148,0.7561454772949219,0.6905956268310547,0.6736774444580078,0.03614044480969729,0.7757696202924241,0.26889753341674805,180.0,150.0,30.0,1.0,1.0
2008-03-28,1.3093222222222223,0.9519597222222222,1.1343555555555556,1.3999,1.4350291666666666,1.5348749999999998,1.333545461326759,0.2196250614466716,1.2508345362189353,0.2345316204474073,4,3,0,2008-03-27,2008-03-26,149.0,4.904338836669922,583.9971239566803,3.9194437849441632,3.882755756378174,0.3194931219076285,3.6466948986053467,4.132787227630615,15.0,5.000657821813791,134.0,1.199202060699463,33.18171834945679,0.2476247638019163,0.17968177795410156,0.22026615222197035,0.06573307514190674,0.40028154850006104,14.0,4.511592173759455,1.199202060699463,0.9303045272827148,0.7561454772949219,0.6905956268310547,0.6736774444580078,0.03614044480969729,0.7757696202924241,0.26889753341674805,180.0,150.0,30.0,1.0,1.0
2008-03-29,1.716076388888889,1.3093222222222223,0.9519597222222222,1.1343555555555556,1.4260527777777778,1.0946527777777777,1.3155873264061242,0.21503541037355134,1.2347236235205226,0.220867871414863,5,3,1,2008-03-27,2008-03-26,149.0,4.904338836669922,583.9971239566803,3.9194437849441632,3.882755756378174,0.3194931219076285,3.6466948986053467,4.132787227630615,15.0,5.000657821813791,134.0,1.199202060699463,33.18171834945679,0.2476247638019163,0.17968177795410156,0.22026615222197035,0.06573307514190674,0.40028154850006104,14.0,4.511592173759455,1.199202060699463,0.9303045272827148,0.7561454772949219,0.6905956268310547,0.6736774444580078,0.03614044480969729,0.7757696202924241,0.26889753341674805,180.0,150.0,30.0,1.0,1.0
2008-03-30,1.4905499999999998,1.716076388888889,1.3093222222222223,0.9519597222222222,1.6152708333333332,1.2513611111111111,1.3570192708505684,0.26255602493105423,1.279111024314173,0.25094763169832573,6,3,1,2008-03-27,2008-03-26,149.0,4.904338836669922,583.9971239566803,3.9194437849441632,3.882755756378174,0.3194931219076285,3.6466948986053467,4.132787227630615,15.0,5.000657821813791,134.0,1.199202060699463,33.18171834945679,0.2476247638019163,0.17968177795410156,0.22026615222197035,0.06573307514190674,0.40028154850006104,14.0,4.511592173759455,1.199202060699463,0.9303045272827148,0.7561454772949219,0.6905956268310547,0.6736774444580078,0.03614044480969729,0.7757696202924241,0.26889753341674805,180.0,150.0,30.0,1.0,1.0
2008-03-31,0.9566458333333333,1.4905499999999998,1.716076388888889,1.3093222222222223,1.3722501737317583,1.1853597222222223,1.3392020089458068,0.24580764827926171,1.296195944949094,0.2569826602483063,0,3,0,2008-03-27,2008-03-26,149.0,4.904338836669922,583.9971239566803,3.9194437849441632,3.882755756378174,0.3194931219076285,3.6466948986053467,4.132787227630615,15.0,5.000657821813791,134.0,1.199202060699463,33.18171834945679,0.2476247638019163,0.17968177795410156,0.22026615222197035,0.06573307514190674,0.40028154850006104,14.0,4.511592173759455,1.199202060699463,0.9303045272827148,0.7561454772949219,0.6905956268310547,0.6736774444580078,0.03614044480969729,0.7757696202924241,0.26889753341674805,180.0,150.0,30.0,1.0,1.0
2008-04-01,1.4785083333333335,0.9566458333333333,1.4905499999999998,1.716076388888889,1.3999,1.3316430555555556,1.2798299603174603,0.28375757402834845,1.2798592385998877,0.27143412829989433,1,4,0,2008-03-27,2008-03-26,149.0,4.904338836669922,583.9971239566803,3.9194437849441632,3.882755756378174,0.3194931219076285,3.6466948986053467,4.132787227630615,15.0,5.000657821813791,134.0,1.199202060699463,33.18171834945679,0.2476247638019163,0.17968177795410156,0.22026615222197035,0.06573307514190674,0.40028154850006104,14.0,4.511592173759455,1.199202060699463,0.9303045272827148,0.7561454772949219,0.6905956268310547,0.6736774444580078,0.03614044480969729,0.7757696202924241,0.26889753341674805,180.0,150.0,30.0,1.0,1.0
2008-04-02,1.1747722222222223,1.4785083333333335,0.9566458333333333,1.4905499999999998,1.1343555555555556,0.9086444444444445,1.2910597222222222,0.2907701536490424,1.2903496155840146,0.27638233622273184,2,4,0,2008-03-27,2008-03-26,149.0,4.904338836669922,583.9971239566803,3.9194437849441632,3.882755756378174,0.3194931219076285,3.6466948986053467,4.132787227630615,15.0,5.000657821813791,134.0,1.199202060699463,33.18171834945679,0.2476247638019163,0.17968177795410156,0.22026615222197035,0.06573307514190674,0.40028154850006104,14.0,4.511592173759455,1.199202060699463,0.9303045272827148,0.7561454772949219,0.6905956268310547,0.6736774444580078,0.03614044480969729,0.7757696202924241,0.26889753341674805,180.0,150.0,30.0,1.0,1.0
2008-04-03,0.7838583333333334,1.1747722222222223,1.4785083333333335,0.9566458333333333,0.9519597222222222,0.8703291666666667,1.2968335317460318,0.28752302000279367,1.3093587425681414,0.25655018770468135,3,4,0,2008-04-03,2008-04-02,149.0,4.8491339683532715,584.538449048996,3.9230768392550064,3.8932883739471436,0.32412580392048046,3.6466948986053467,4.111535549163818,15.0,5.000569468749962,143.0,1.5531387329101562,34.74663066864014,0.24298343124923172,0.18093395233154297,0.22115187235480227,0.07312989234924316,0.3721036911010742,15.0,4.593397543457163,1.5531387329101562,1.0199613571166992,0.6905956268310547,0.6322340965270996,0.6216726303100586,0.04469897377163277,0.6567097552229422,0.533177375793457,180.0,150.0,30.0,1.0,1.0
2008-04-04,1.1332763888888888,0.7838583333333334,1.1747722222222223,1.4785083333333335,1.3093222222222223,1.4350291666666666,1.2728190476190477,0.32562393025929137,1.3031822544729035,0.2686867793352366,4,4,0,2008-04-03,2008-04-02,149.0,4.8491339683532715,584.538449048996,3.9230768392550064,3.8932883739471436,0.32412580392048046,3.6466948986053467,4.111535549163818,15.0,5.000569468749962,143.0,1.5531387329101562,34.74663066864014,0.24298343124923172,0.18093395233154297,0.22115187235480227,0.07312989234924316,0.3721036911010742,15.0,4.593397543457163,1.5531387329101562,1.0199613571166992,0.6905956268310547,0.6322340965270996,0.6216726303100586,0.04469897377163277,0.6567097552229422,0.533177375793457,180.0,150.0,30.0,1.0,1.0
2008-04-05,1.3685847222222223,1.1332763888888888,0.7838583333333334,1.1747722222222223,1.716076388888889,1.4260527777777778,1.247669642857143,0.3291144399939712,1.2816284846316335,0.269398774345862,5,4,1,2008-04-03,2008-04-02,149.0,4.8491339683532715,584.538449048996,3.9230768392550064,3.8932883739471436,0.32412580392048046,3.6466948986053467,4.111535549163818,15.0,5.000569468749962,143.0,1.5531387329101562,34.74663066864014,0.24298343124923172,0.18093395233154297,0.22115187235480227,0.07312989234924316,0.3721036911010742,15.0,4.593397543457163,1.5531387329101562,1.0199613571166992,0.6905956268310547,0.6322340965270996,0.6216726303100586,0.04469897377163277,0.6567097552229422,0.533177375793457,180.0,150.0,30.0,1.0,1.0
2008-04-06,1.1779986111111111,1.3685847222222223,1.1332763888888888,0.7838583333333334,1.4905499999999998,1.6152708333333332,1.1980279761904762,0.26704038361234633,1.2775236235205225,0.2674597320469945,6,4,1,2008-04-03,2008-04-02,149.0,4.8491339683532715,584.538449048996,3.9230768392550064,3.8932883739471436,0.32412580392048046,3.6466948986053467,4.111535549163818,15.0,5.000569468749962,143.0,1.5531387329101562,34.74663066864014,0.24298343124923172,0.18093395233154297,0.22115187235480227,0.07312989234924316,0.3721036911010742,15.0,4.593397543457163,1.5531387329101562,1.0199613571166992,0.6905956268310547,0.6322340965270996,0.6216726303100586,0.04469897377163277,0.6567097552229422,0.533177375793457,180.0,150.0,30.0,1.0,1.0
2008-04-07,1.0686375,1.1779986111111111,1.3685847222222223,1.1332763888888888,0.9566458333333333,1.3722501737317583,1.1533777777777778,0.23407262348922953,1.2462898933617923,0.24994239570663065,0,4,0,2008-04-03,2008-04-02,149.0,4.8491339683532715,584.538449048996,3.9230768392550064,3.8932883739471436,0.32412580392048046,3.6466948986053467,4.111535549163818,15.0,5.000569468749962,143.0,1.5531387329101562,34.74663066864014,0.24298343124923172,0.18093395233154297,0.22115187235480227,0.07312989234924316,0.3721036911010742,15.0,4.593397543457163,1.5531387329101562,1.0199613571166992,0.6905956268310547,0.6322340965270996,0.6216726303100586,0.04469897377163277,0.6567097552229422,0.533177375793457,180.0,150.0,30.0,1.0,1.0
2008-04-08,1.8454972222222223,1.0686375,1.1779986111111111,1.3685847222222223,1.4785083333333335,1.3999,1.1693765873015873,0.22189550159646954,1.224603273809524,0.2513403550995273,1,4,0,2008-04-03,2008-04-02,149.0,4.8491339683532715,584.538449048996,3.9230768392550064,3.8932883739471436,0.32412580392048046,3.6466948986053467,4.111535549163818,15.0,5.000569468749962,143.0,1.5531387329101562,34.74663066864014,0.24298343124923172,0.18093395233154297,0.22115187235480227,0.07312989234924316,0.3721036911010742,15.0,4.593397543457163,1.5531387329101562,1.0199613571166992,0.6905956268310547,0.6322340965270996,0.6216726303100586,0.04469897377163277,0.6567097552229422,0.533177375793457,180.0,150.0,30.0,1.0,1.0
2008-04-09,0.8464250000000001,1.8454972222222223,1.0686375,1.1779986111111111,1.1747722222222223,1.1343555555555556,1.2218035714285715,0.32602715574033164,1.2564316468253967,0.2989511642236674,2,4,0,2008-04-03,2008-04-02,149.0,4.8491339683532715,584.538449048996,3.9230768392550064,3.8932883739471436,0.32412580392048046,3.6466948986053467,4.111535549163818,15.0,5.000569468749962,143.0,1.5531387329101562,34.74663066864014,0.24298343124923172,0.18093395233154297,0.22115187235480227,0.07312989234924316,0.3721036911010742,15.0,4.593397543457163,1.5531387329101562,1.0199613571166992,0.6905956268310547,0.6322340965270996,0.6216726303100586,0.04469897377163277,0.6567097552229422,0.533177375793457,180.0,150.0,30.0,1.0,1.0
2008-04-10,1.0262125,0.8464250000000001,1.8454972222222223,1.0686375,0.7838583333333334,0.9519597222222222,1.1748968253968255,0.3561501701055705,1.2358651785714285,0.3173343959914092,3,4,0,2008-04-10,2008-04-09,149.0,4.737188339233398,584.2334384918213,3.9210297885357135,3.9054131507873535,0.2973198045088542,3.6545639038085938,4.091330051422119,15.0,5.00109907635375,153.0,1.1389389038085938,37.48399591445923,0.24499343734940673,0.1945958137512207,0.20021343454582632,0.07328414916992188,0.38749027252197266,16.0,4.688435877459793,1.1389389038085938,0.782470703125,0.7034626007080078,0.6322340965270996,0.618323802947998,0.03038467153842728,0.6870172759121936,0.35646820068359375,180.0,150.0,30.0,1.0,1.0
2008-04-11,1.3039333333333334,1.0262125,0.8464250000000001,1.8454972222222223,1.1332763888888888,1.3093222222222223,1.2095188492063491,0.32193757071108,1.2411689484126984,0.3128126329430518,4,4,0,2008-04-10,2008-04-09,149.0,4.737188339233398,584.2334384918213,3.9210297885357135,3.9054131507873535,0.2973198045088542,3.6545639038085938,4.091330051422119,15.0,5.00109907635375,153.0,1.1389389038085938,37.48399591445923,0.24499343734940673,0.1945958137512207,0.20021343454582632,0.07328414916992188,0.38749027252197266,16.0,4.688435877459793,1.1389389038085938,0.782470703125,0.7034626007080078,0.6322340965270996,0.618323802947998,0.03038467153842728,0.6870172759121936,0.35646820068359375,180.0,150.0,30.0,1.0,1.0
2008-04-12,1.9444541666666668,1.3039333333333334,1.0262125,0.8464250000000001,1.3685847222222223,1.716076388888889,1.2338984126984127,0.32166323923667184,1.240784027777778,0.31272562172256163,5,4,1,2008-04-10,2008-04-09,149.0,4.737188339233398,584.2334384918213,3.9210297885357135,3.9054131507873535,0.2973198045088542,3.6545639038085938,4.091330051422119,15.0,5.00109907635375,153.0,1.1389389038085938,37.48399591445923,0.24499343734940673,0.1945958137512207,0.20021343454582632,0.07328414916992188,0.38749027252197266,16.0,4.688435877459793,1.1389389038085938,0.782470703125,0.7034626007080078,0.6322340965270996,0.618323802947998,0.03038467153842728,0.6870172759121936,0.35646820068359375,180.0,150.0,30.0,1.0,1.0
2008-04-13,1.5506847222222222,1.9444541666666668,1.3039333333333334,1.0262125,1.1779986111111111,1.4905499999999998,1.3161654761904764,0.42035251599746054,1.2570967261904762,0.34383453827981286,6,4,1,2008-04-10,2008-04-09,149.0,4.737188339233398,584.2334384918213,3.9210297885357135,3.9054131507873535,0.2973198045088542,3.6545639038085938,4.091330051422119,15.0,5.00109907635375,153.0,1.1389389038085938,37.48399591445923,0.24499343734940673,0.1945958137512207,0.20021343454582632,0.07328414916992188,0.38749027252197266,16.0,4.688435877459793,1.1389389038085938,0.782470703125,0.7034626007080078,0.6322340965270996,0.618323802947998,0.03038467153842728,0.6870172759121936,0.35646820068359375,180.0,150.0,30.0,1.0,1.0
2008-04-14,1.1038763888888887,1.5506847222222222,1.9444541666666668,1.3039333333333334,1.0686375,0.9566458333333333,1.3694063492063493,0.4235257738063029,1.2613920634920637,0.3473330974648961,0,4,0,2008-04-10,2008-04-09,149.0,4.737188339233398,584.2334384918213,3.9210297885357135,3.9054131507873535,0.2973198045088542,3.6545639038085938,4.091330051422119,15.0,5.00109907635375,153.0,1.1389389038085938,37.48399591445923,0.24499343734940673,0.1945958137512207,0.20021343454582632,0.07328414916992188,0.38749027252197266,16.0,4.688435877459793,1.1389389038085938,0.782470703125,0.7034626007080078,0.6322340965270996,0.618323802947998,0.03038467153842728,0.6870172759121936,0.35646820068359375,180.0,150.0,30.0,1.0,1.0
2008-04-15,1.1600041666666667,1.1038763888888887,1.5506847222222222,1.9444541666666668,1.8454972222222223,1.4785083333333335,1.3744404761904765,0.4195456567528736,1.271908531746032,0.3395377202581688,1,4,0,2008-04-10,2008-04-09,149.0,4.737188339233398,584.2334384918213,3.9210297885357135,3.9054131507873535,0.2973198045088542,3.6545639038085938,4.091330051422119,15.0,5.00109907635375,153.0,1.1389389038085938,37.48399591445923,0.24499343734940673,0.1945958137512207,0.20021343454582632,0.07328414916992188,0.38749027252197266,16.0,4.688435877459793,1.1389389038085938,0.782470703125,0.7034626007080078,0.6322340965270996,0.618323802947998,0.03038467153842728,0.6870172759121936,0.35646820068359375,180.0,150.0,30.0,1.0,1.0
2008-04-16,1.0340722222222223,1.1600041666666667,1.1038763888888887,1.5506847222222222,0.8464250000000001,1.1747722222222223,1.276512896825397,0.36811935244320904,1.2491582341269842,0.33527362757774415,2,4,0,2008-04-10,2008-04-09,149.0,4.737188339233398,584.2334384918213,3.9210297885357135,3.9054131507873535,0.2973198045088542,3.6545639038085938,4.091330051422119,15.0,5.00109907635375,153.0,1.1389389038085938,37.48399591445923,0.24499343734940673,0.1945958137512207,0.20021343454582632,0.07328414916992188,0.38749027252197266,16.0,4.688435877459793,1.1389389038085938,0.782470703125,0.7034626007080078,0.6322340965270996,0.618323802947998,0.03038467153842728,0.6870172759121936,0.35646820068359375,180.0,150.0,30.0,1.0,1.0
2008-04-17,0.9693486111111111,1.0340722222222223,1.1600041666666667,1.1038763888888887,1.0262125,0.7838583333333334,1.303319642857143,0.3371060209429474,1.2391082341269841,0.3397537511298914,3,4,0,2008-04-17,2008-04-16,149.0,4.737188339233398,577.7345719337463,3.8774132344546732,3.8765268325805664,0.30375972516729344,3.5961344242095947,4.073441028594971,15.0,5.000910437540429,166.0,1.0098071098327637,40.09169411659241,0.24151622961802655,0.1859898567199707,0.19297407016572032,0.08215171098709106,0.386771559715271,17.0,4.789724922984731,1.0098071098327637,0.782470703125,0.7034626007080078,0.6413235664367676,0.6322340965270996,0.02518743924604681,0.7748714536725599,0.22733640670776367,180.0,150.0,30.0,1.0,1.0
2008-04-18,1.293326388888889,0.9693486111111111,1.0340722222222223,1.1600041666666667,1.3039333333333334,1.1332763888888888,1.29519623015873,0.34547772931644954,1.25235753968254,0.32388080819932147,4,4,0,2008-04-17,2008-04-16,149.0,4.737188339233398,577.7345719337463,3.8774132344546732,3.8765268325805664,0.30375972516729344,3.5961344242095947,4.073441028594971,15.0,5.000910437540429,166.0,1.0098071098327637,40.09169411659241,0.24151622961802655,0.1859898567199707,0.19297407016572032,0.08215171098709106,0.386771559715271,17.0,4.789724922984731,1.0098071098327637,0.782470703125,0.7034626007080078,0.6413235664367676,0.6322340965270996,0.02518743924604681,0.7748714536725599,0.22733640670776367,180.0,150.0,30.0,1.0,1.0
2008-04-19,1.565076388888889,1.293326388888889,0.9693486111111111,1.0340722222222223,1.9444541666666668,1.3685847222222223,1.2936809523809525,0.3454562817466159,1.2637896825396826,0.3221744062585524,5,4,1,2008-04-17,2008-04-16,149.0,4.737188339233398,577.7345719337463,3.8774132344546732,3.8765268325805664,0.30375972516729344,3.5961344242095947,4.073441028594971,15.0,5.000910437540429,166.0,1.0098071098327637,40.09169411659241,0.24151622961802655,0.1859898567199707,0.19297407016572032,0.08215171098709106,0.386771559715271,17.0,4.789724922984731,1.0098071098327637,0.782470703125,0.7034626007080078,0.6413235664367676,0.6322340965270996,0.02518743924604681,0.7748714536725599,0.22733640670776367,180.0,150.0,30.0,1.0,1.0
2008-04-20,1.2440402777777777,1.565076388888889,1.293326388888889,0.9693486111111111,1.5506847222222222,1.1779986111111111,1.239484126984127,0.24001003136435012,1.2778248015873017,0.33124316187679964,6,4,1,2008-04-17,2008-04-16,149.0,4.737188339233398,577.7345719337463,3.8774132344546732,3.8765268325805664,0.30375972516729344,3.5961344242095947,4.073441028594971,15.0,5.000910437540429,166.0,1.0098071098327637,40.09169411659241,0.24151622961802655,0.1859898567199707,0.19297407016572032,0.08215171098709106,0.386771559715271,17.0,4.789724922984731,1.0098071098327637,0.782470703125,0.7034626007080078,0.6413235664367676,0.6322340965270996,0.02518743924604681,0.7748714536725599,0.22733640670776367,180.0,150.0,30.0,1.0,1.0
2008-04-21,0.8084416666666666,1.2440402777777777,1.565076388888889,1.293326388888889,1.1038763888888887,1.0686375,1.1956777777777778,0.19806180237116505,1.2825420634920637,0.3301807208737908,0,4,0,2008-04-17,2008-04-16,149.0,4.737188339233398,577.7345719337463,3.8774132344546732,3.8765268325805664,0.30375972516729344,3.5961344242095947,4.073441028594971,15.0,5.000910437540429,166.0,1.0098071098327637,40.09169411659241,0.24151622961802655,0.1859898567199707,0.19297407016572032,0.08215171098709106,0.386771559715271,17.0,4.789724922984731,1.0098071098327637,0.782470703125,0.7034626007080078,0.6413235664367676,0.6322340965270996,0.02518743924604681,0.7748714536725599,0.22733640670776367,180.0,150.0,30.0,1.0,1.0
2008-04-22,1.1303305555555556,0.8084416666666666,1.2440402777777777,1.565076388888889,1.1600041666666667,1.8454972222222223,1.1534728174603175,0.2464502537260562,1.2639566468253969,0.3498825281639768,1,4,0,2008-04-17,2008-04-16,149.0,4.737188339233398,577.7345719337463,3.8774132344546732,3.8765268325805664,0.30375972516729344,3.5961344242095947,4.073441028594971,15.0,5.000910437540429,166.0,1.0098071098327637,40.09169411659241,0.24151622961802655,0.1859898567199707,0.19297407016572032,0.08215171098709106,0.386771559715271,17.0,4.789724922984731,1.0098071098327637,0.782470703125,0.7034626007080078,0.6413235664367676,0.6322340965270996,0.02518743924604681,0.7748714536725599,0.22733640670776367,180.0,150.0,30.0,1.0,1.0
2008-04-23,0.9425888888888889,1.1303305555555556,0.8084416666666666,1.2440402777777777,1.0340722222222223,0.8464250000000001,1.14923373015873,0.24657435731282115,1.2128733134920633,0.3081663611528396,2,4,0,2008-04-17,2008-04-16,149.0,4.737188339233398,577.7345719337463,3.8774132344546732,3.8765268325805664,0.30375972516729344,3.5961344242095947,4.073441028594971,15.0,5.000910437540429,166.0,1.0098071098327637,40.09169411659241,0.24151622961802655,0.1859898567199707,0.19297407016572032,0.08215171098709106,0.386771559715271,17.0,4.789724922984731,1.0098071098327637,0.782470703125,0.7034626007080078,0.6413235664367676,0.6322340965270996,0.02518743924604681,0.7748714536725599,0.22733640670776367,180.0,150.0,30.0,1.0,1.0
2008-04-24,0.7248416666666666,0.9425888888888889,1.1303305555555556,0.8084416666666666,0.9693486111111111,1.0262125,1.1361646825396825,0.25594198547682945,1.2197421626984128,0.3003425414128634,3,4,0,2008-04-24,2008-04-23,149.0,4.737188339233398,573.7045390605927,3.850366033963709,3.846790075302124,0.30654677809489944,3.5850980281829834,4.056191921234131,15.0,5.000812900068487,174.0,0.9652795791625977,41.98722791671753,0.24130590756734213,0.19615304470062256,0.18774538815088485,0.09180021286010742,0.3644747734069824,18.0,4.8552821926609635,0.9652795791625977,0.782470703125,0.7034626007080078,0.6367840766906738,0.6322340965270996,0.022989838268848047,0.8106156185380109,0.18280887603759766,180.0,150.0,30.0,1.0,1.0
2008-04-25,0.8803708333333333,0.7248416666666666,0.9425888888888889,1.1303305555555556,1.293326388888889,1.3039333333333334,1.101235119047619,0.29604512618819817,1.1982156746031747,0.3250631492900433,4,4,0,2008-04-24,2008-04-23,149.0,4.737188339233398,573.7045390605927,3.850366033963709,3.846790075302124,0.30654677809489944,3.5850980281829834,4.056191921234131,15.0,5.000812900068487,174.0,0.9652795791625977,41.98722791671753,0.24130590756734213,0.19615304470062256,0.18774538815088485,0.09180021286010742,0.3644747734069824,18.0,4.8552821926609635,0.9652795791625977,0.782470703125,0.7034626007080078,0.6367840766906738,0.6322340965270996,0.022989838268848047,0.8106156185380109,0.18280887603759766,180.0,150.0,30.0,1.0,1.0
2008-04-26,0.6271986111111112,0.8803708333333333,0.7248416666666666,0.9425888888888889,1.565076388888889,1.9444541666666668,1.0422414682539682,0.29251111698413085,1.1679612103174601,0.33405355703356904,5,4,1,2008-04-24,2008-04-23,149.0,4.737188339233398,573.7045390605927,3.850366033963709,3.846790075302124,0.30654677809489944,3.5850980281829834,4.056191921234131,15.0,5.000812900068487,174.0,0.9652795791625977,41.98722791671753,0.24130590756734213,0.19615304470062256,0.18774538815088485,0.09180021286010742,0.3644747734069824,18.0,4.8552821926609635,0.9652795791625977,0.782470703125,0.7034626007080078,0.6367840766906738,0.6322340965270996,0.022989838268848047,0.8106156185380109,0.18280887603759766,180.0,150.0,30.0,1.0,1.0
2008-04-27,0.7001666666666667,0.6271986111111112,0.8803708333333333,0.7248416666666666,1.2440402777777777,1.5506847222222222,0.9082589285714285,0.2185640614737166,1.073871527777778,0.27959253964994224,6,4,1,2008-04-24,2008-04-23,149.0,4.737188339233398,573.7045390605927,3.850366033963709,3.846790075302124,0.30654677809489944,3.5850980281829834,4.056191921234131,15.0,5.000812900068487,174.0,0.9652795791625977,41.98722791671753,0.24130590756734213,0.19615304470062256,0.18774538815088485,0.09180021286010742,0.3644747734069824,18.0,4.8552821926609635,0.9652795791625977,0.782470703125,0.7034626007080078,0.6367840766906738,0.6322340965270996,0.022989838268848047,0.8106156185380109,0.18280887603759766,180.0,150.0,30.0,1.0,1.0
2008-04-28,0.457675,0.7001666666666667,0.6271986111111112,0.8803708333333333,0.8084416666666666,1.1038763888888887,0.8305626984126985,0.17074241785555852,1.0131202380952382,0.25971438143456904,0,4,0,2008-04-24,2008-04-23,149.0,4.737188339233398,573.7045390605927,3.850366033963709,3.846790075302124,0.30654677809489944,3.5850980281829834,4.056191921234131,15.0,5.000812900068487,174.0,0.9652795791625977,41.98722791671753,0.24130590756734213,0.19615304470062256,0.18774538815088485,0.09180021286010742,0.3644747734069824,18.0,4.8552821926609635,0.9652795791625977,0.782470703125,0.7034626007080078,0.6367840766906738,0.6322340965270996,0.022989838268848047,0.8106156185380109,0.18280887603759766,180.0,150.0,30.0,1.0,1.0
2008-04-29,1.3698722222222222,0.457675,0.7001666666666667,0.6271986111111112,1.1303305555555556,1.1600041666666667,0.7804531746031748,0.22207242980540595,0.9669629960317462,0.2970788730673177,1,4,0,2008-04-24,2008-04-23,149.0,4.737188339233398,573.7045390605927,3.850366033963709,3.846790075302124,0.30654677809489944,3.5850980281829834,4.056191921234131,15.0,5.000812900068487,174.0,0.9652795791625977,41.98722791671753,0.24130590756734213,0.19615304470062256,0.18774538815088485,0.09180021286010742,0.3644747734069824,18.0,4.8552821926609635,0.9652795791625977,0.782470703125,0.7034626007080078,0.6367840766906738,0.6322340965270996,0.022989838268848047,0.8106156185380109,0.18280887603759766,180.0,150.0,30.0,1.0,1.0
2008-04-30,0.7650874999999999,1.3698722222222222,0.457675,0.7001666666666667,0.9425888888888889,1.0340722222222223,0.8146734126984126,0.29231844610659524,0.9819535714285715,0.31246551154640484,2,4,0,2008-04-24,2008-04-23,149.0,4.737188339233398,573.7045390605927,3.850366033963709,3.846790075302124,0.30654677809489944,3.5850980281829834,4.056191921234131,15.0,5.000812900068487,174.0,0.9652795791625977,41.98722791671753,0.24130590756734213,0.19615304470062256,0.18774538815088485,0.09180021286010742,0.3644747734069824,18.0,4.8552821926609635,0.9652795791625977,0.782470703125,0.7034626007080078,0.6367840766906738,0.6322340965270996,0.022989838268848047,0.8106156185380109,0.18280887603759766,180.0,150.0,30.0,1.0,1.0
2008-05-01,0.40000972222222225,0.7650874999999999,1.3698722222222222,0.457675,0.7248416666666666,0.9693486111111111,0.7893160714285715,0.2870237719540021,0.962740376984127,0.31724748046318485,3,5,0,2008-05-01,2008-04-30,149.0,4.466876983642578,568.4224288463593,3.8149156298413374,3.7974565029144287,0.2708310152616311,3.5849897861480713,4.012500286102295,15.0,5.001441975290627,164.0,1.714026927947998,42.89634943008423,0.2615631062810014,0.21765851974487305,0.22826997184608425,0.1007375717163086,0.37764060497283936,17.0,4.771575467415314,1.714026927947998,1.156991958618164,1.0455255508422852,0.782470703125,0.7034626007080078,0.03995740781489229,0.6750138750756348,0.557034969329834,180.0,150.0,30.0,1.0,1.0
2008-05-02,1.0401166666666666,0.40000972222222225,0.7650874999999999,1.3698722222222222,0.8803708333333333,1.293326388888889,0.742911507936508,0.32316782896635615,0.9220733134920636,0.35102775591448215,4,5,0,2008-05-01,2008-04-30,149.0,4.466876983642578,568.4224288463593,3.8149156298413374,3.7974565029144287,0.2708310152616311,3.5849897861480713,4.012500286102295,15.0,5.001441975290627,164.0,1.714026927947998,42.89634943008423,0.2615631062810014,0.21765851974487305,0.22826997184608425,0.1007375717163086,0.37764060497283936,17.0,4.771575467415314,1.714026927947998,1.156991958618164,1.0455255508422852,0.782470703125,0.7034626007080078,0.03995740781489229,0.6750138750756348,0.557034969329834,180.0,150.0,30.0,1.0,1.0
2008-05-03,0.8955555555555554,1.0401166666666666,0.40000972222222225,0.7650874999999999,0.6271986111111112,1.565076388888889,0.7657323412698412,0.33970943007027904,0.9039869047619048,0.3366568720176474,5,5,1,2008-05-01,2008-04-30,149.0,4.466876983642578,568.4224288463593,3.8149156298413374,3.7974565029144287,0.2708310152616311,3.5849897861480713,4.012500286102295,15.0,5.001441975290627,164.0,1.714026927947998,42.89634943008423,0.2615631062810014,0.21765851974487305,0.22826997184608425,0.1007375717163086,0.37764060497283936,17.0,4.771575467415314,1.714026927947998,1.156991958618164,1.0455255508422852,0.782470703125,0.7034626007080078,0.03995740781489229,0.6750138750756348,0.557034969329834,180.0,150.0,30.0,1.0,1.0
2008-05-04,1.0215069444444445,0.8955555555555554,1.0401166666666666,0.40000972222222225,0.7001666666666667,1.2440402777777777,0.8040690476190476,0.33659806210372273,0.8561639880952381,0.2779603438517313,6,5,1,2008-05-01,2008-04-30,149.0,4.466876983642578,568.4224288463593,3.8149156298413374,3.7974565029144287,0.2708310152616311,3.5849897861480713,4.012500286102295,15.0,5.001441975290627,164.0,1.714026927947998,42.89634943008423,0.2615631062810014,0.21765851974487305,0.22826997184608425,0.1007375717163086,0.37764060497283936,17.0,4.771575467415314,1.714026927947998,1.156991958618164,1.0455255508422852,0.782470703125,0.7034626007080078,0.03995740781489229,0.6750138750756348,0.557034969329834,180.0,150.0,30.0,1.0,1.0
2008-05-05,0.9492583333333333,1.0215069444444445,0.8955555555555554,1.0401166666666666,0.457675,0.8084416666666666,0.8499748015873015,0.341936080515158,0.84026875,0.25984587778189816,0,5,0,2008-05-01,2008-04-30,149.0,4.466876983642578,568.4224288463593,3.8149156298413374,3.7974565029144287,0.2708310152616311,3.5849897861480713,4.012500286102295,15.0,5.001441975290627,164.0,1.714026927947998,42.89634943008423,0.2615631062810014,0.21765851974487305,0.22826997184608425,0.1007375717163086,0.37764060497283936,17.0,4.771575467415314,1.714026927947998,1.156991958618164,1.0455255508422852,0.782470703125,0.7034626007080078,0.03995740781489229,0.6750138750756348,0.557034969329834,180.0,150.0,30.0,1.0,1.0
2008-05-06,1.2430416666666666,0.9492583333333333,1.0215069444444445,0.8955555555555554,1.3698722222222222,1.1303305555555556,0.920200992063492,0.2952280924690137,0.8503270833333333,0.2612408007467781,1,5,0,2008-05-01,2008-04-30,149.0,4.466876983642578,568.4224288463593,3.8149156298413374,3.7974565029144287,0.2708310152616311,3.5849897861480713,4.012500286102295,15.0,5.001441975290627,164.0,1.714026927947998,42.89634943008423,0.2615631062810014,0.21765851974487305,0.22826997184608425,0.1007375717163086,0.37764060497283936,17.0,4.771575467415314,1.714026927947998,1.156991958618164,1.0455255508422852,0.782470703125,0.7034626007080078,0.03995740781489229,0.6750138750756348,0.557034969329834,180.0,150.0,30.0,1.0,1.0
2008-05-07,0.81685,1.2430416666666666,0.9492583333333333,1.0215069444444445,0.7650874999999999,0.9425888888888889,0.9020823412698412,0.2654184265447817,0.8583778769841269,0.2720468304257555,2,5,0,2008-05-01,2008-04-30,149.0,4.466876983642578,568.4224288463593,3.8149156298413374,3.7974565029144287,0.2708310152616311,3.5849897861480713,4.012500286102295,15.0,5.001441975290627,164.0,1.714026927947998,42.89634943008423,0.2615631062810014,0.21765851974487305,0.22826997184608425,0.1007375717163086,0.37764060497283936,17.0,4.771575467415314,1.714026927947998,1.156991958618164,1.0455255508422852,0.782470703125,0.7034626007080078,0.03995740781489229,0.6750138750756348,0.557034969329834,180.0,150.0,30.0,1.0,1.0
2008-05-08,1.4699291666666665,0.81685,1.2430416666666666,0.9492583333333333,0.40000972222222225,0.7248416666666666,0.9094769841269841,0.2616600361665059,0.8493965277777777,0.2711268477543807,3,5,0,2008-05-08,2008-05-07,149.0,4.466876983642578,573.4017298221588,3.8483337571956966,3.865912437438965,0.2845194793788435,3.5911202430725098,4.056191921234131,15.0,5.001226696592412,161.0,1.714026927947998,43.43724727630615,0.26979656693357856,0.20008230209350586,0.24310917005462215,0.09530496597290039,0.4004073143005371,17.0,4.728938095917335,1.714026927947998,1.156991958618164,1.0554237365722656,1.0455255508422852,0.782470703125,0.039459842311024014,0.6750138750756348,0.557034969329834,180.0,150.0,30.0,1.0,1.0
2008-05-09,1.2133833333333333,1.4699291666666665,0.81685,1.2430416666666666,1.0401166666666666,0.8803708333333333,1.062322619047619,0.22428147802878598,0.9026170634920635,0.31446167249002827,4,5,0,2008-05-08,2008-05-07,149.0,4.466876983642578,573.4017298221588,3.8483337571956966,3.865912437438965,0.2845194793788435,3.5911202430725098,4.056191921234131,15.0,5.001226696592412,161.0,1.714026927947998,43.43724727630615,0.26979656693357856,0.20008230209350586,0.24310917005462215,0.09530496597290039,0.4004073143005371,17.0,4.728938095917335,1.714026927947998,1.156991958618164,1.0554237365722656,1.0455255508422852,0.782470703125,0.039459842311024014,0.6750138750756348,0.557034969329834,180.0,150.0,30.0,1.0,1.0
2008-05-10,1.3257833333333333,1.2133833333333333,1.4699291666666665,0.81685,0.8955555555555554,0.6271986111111112,1.087075,0.23088617717407278,0.9264036706349206,0.3250656037043264,5,5,1,2008-05-08,2008-05-07,149.0,4.466876983642578,573.4017298221588,3.8483337571956966,3.865912437438965,0.2845194793788435,3.5911202430725098,4.056191921234131,15.0,5.001226696592412,161.0,1.714026927947998,43.43724727630615,0.26979656693357856,0.20008230209350586,0.24310917005462215,0.09530496597290039,0.4004073143005371,17.0,4.728938095917335,1.714026927947998,1.156991958618164,1.0554237365722656,1.0455255508422852,0.782470703125,0.039459842311024014,0.6750138750756348,0.557034969329834,180.0,150.0,30.0,1.0,1.0
2008-05-11,1.1186944444444444,1.3257833333333333,1.2133833333333333,1.4699291666666665,1.0215069444444445,0.7001666666666667,1.1485361111111112,0.22865922767651717,0.9763025793650792,0.3291949666978473,6,5,1,2008-05-08,2008-05-07,149.0,4.466876983642578,573.4017298221588,3.8483337571956966,3.865912437438965,0.2845194793788435,3.5911202430725098,4.056191921234131,15.0,5.001226696592412,161.0,1.714026927947998,43.43724727630615,0.26979656693357856,0.20008230209350586,0.24310917005462215,0.09530496597290039,0.4004073143005371,17.0,4.728938095917335,1.714026927947998,1.156991958618164,1.0554237365722656,1.0455255508422852,0.782470703125,0.039459842311024014,0.6750138750756348,0.557034969329834,180.0,150.0,30.0,1.0,1.0
2008-05-12,1.058475,1.1186944444444444,1.3257833333333333,1.2133833333333333,0.9492583333333333,0.457675,1.1624200396825397,0.22252903405589916,1.0061974206349207,0.32109354241702354,0,5,0,2008-05-08,2008-05-07,149.0,4.466876983642578,573.4017298221588,3.8483337571956966,3.865912437438965,0.2845194793788435,3.5911202430725098,4.056191921234131,15.0,5.001226696592412,161.0,1.714026927947998,43.43724727630615,0.26979656693357856,0.20008230209350586,0.24310917005462215,0.09530496597290039,0.4004073143005371,17.0,4.728938095917335,1.714026927947998,1.156991958618164,1.0554237365722656,1.0455255508422852,0.782470703125,0.039459842311024014,0.6750138750756348,0.557034969329834,180.0,150.0,30.0,1.0,1.0
2008-05-13,1.0256208333333334,1.058475,1.1186944444444444,1.3257833333333333,1.2430416666666666,1.3698722222222222,1.1780224206349206,0.20847767433162012,1.0491117063492064,0.2796133340158271,1,5,0,2008-05-08,2008-05-07,149.0,4.466876983642578,573.4017298221588,3.8483337571956966,3.865912437438965,0.2845194793788435,3.5911202430725098,4.056191921234131,15.0,5.001226696592412,161.0,1.714026927947998,43.43724727630615,0.26979656693357856,0.20008230209350586,0.24310917005462215,0.09530496597290039,0.4004073143005371,17.0,4.728938095917335,1.714026927947998,1.156991958618164,1.0554237365722656,1.0455255508422852,0.782470703125,0.039459842311024014,0.6750138750756348,0.557034969329834,180.0,150.0,30.0,1.0,1.0
2008-05-14,1.1001819444444445,1.0256208333333334,1.058475,1.1186944444444444,0.81685,0.7650874999999999,1.1469623015873016,0.21331638031300926,1.0245223214285715,0.26393277085912453,2,5,0,2008-05-08,2008-05-07,149.0,4.466876983642578,573.4017298221588,3.8483337571956966,3.865912437438965,0.2845194793788435,3.5911202430725098,4.056191921234131,15.0,5.001226696592412,161.0,1.714026927947998,43.43724727630615,0.26979656693357856,0.20008230209350586,0.24310917005462215,0.09530496597290039,0.4004073143005371,17.0,4.728938095917335,1.714026927947998,1.156991958618164,1.0554237365722656,1.0455255508422852,0.782470703125,0.039459842311024014,0.6750138750756348,0.557034969329834,180.0,150.0,30.0,1.0,1.0
2008-05-15,0.8074777777777778,1.1001819444444445,1.0256208333333334,1.058475,1.4699291666666665,0.40000972222222225,1.187438293650794,0.1606079062393608,1.0484576388888889,0.2535871808838651,3,5,0,2008-05-15,2008-05-14,149.0,4.4864325523376465,578.5231199264526,3.8827055028620983,3.882755756378174,0.3048408339467995,3.5911202430725098,4.112941741943359,15.0,5.000872821898873,164.0,1.714026927947998,47.692431926727295,0.2908075117483372,0.24855780601501465,0.2466984574755164,0.0982367992401123,0.4438967704772949,17.0,4.769119493196452,1.714026927947998,1.156991958618164,1.0554237365722656,1.0455255508422852,0.782470703125,0.03593918067716402,0.6750138750756348,0.557034969329834,180.0,150.0,30.0,1.0,1.0
2008-05-16,1.14605702364395,0.8074777777777778,1.1001819444444445,1.0256208333333334,1.2133833333333333,1.0401166666666666,1.092802380952381,0.16157898262611028,1.0775625,0.1884575548376,4,5,0,2008-05-15,2008-05-14,149.0,4.4864325523376465,578.5231199264526,3.8827055028620983,3.882755756378174,0.3048408339467995,3.5911202430725098,4.112941741943359,15.0,5.000872821898873,164.0,1.714026927947998,47.692431926727295,0.2908075117483372,0.24855780601501465,0.2466984574755164,0.0982367992401123,0.4438967704772949,17.0,4.769119493196452,1.714026927947998,1.156991958618164,1.0554237365722656,1.0455255508422852,0.782470703125,0.03593918067716402,0.6750138750756348,0.557034969329834,180.0,150.0,30.0,1.0,1.0
2008-05-17,1.1510097222222222,1.14605702364395,0.8074777777777778,1.1001819444444445,1.3257833333333333,0.8955555555555554,1.0831843367110405,0.15507812505575128,1.0851296683555203,0.18896456535919517,5,5,1,2008-05-15,2008-05-14,149.0,4.4864325523376465,578.5231199264526,3.8827055028620983,3.882755756378174,0.3048408339467995,3.5911202430725098,4.112941741943359,15.0,5.000872821898873,164.0,1.714026927947998,47.692431926727295,0.2908075117483372,0.24855780601501465,0.2466984574755164,0.0982367992401123,0.4438967704772949,17.0,4.769119493196452,1.714026927947998,1.156991958618164,1.0554237365722656,1.0455255508422852,0.782470703125,0.03593918067716402,0.6750138750756348,0.557034969329834,180.0,150.0,30.0,1.0,1.0
2008-05-18,1.2527486111111112,1.1510097222222222,1.14605702364395,0.8074777777777778,1.1186944444444444,1.0215069444444445,1.0582166779808817,0.11949732989010001,1.1033763945459965,0.18143435462961993,6,5,1,2008-05-15,2008-05-14,149.0,4.4864325523376465,578.5231199264526,3.8827055028620983,3.882755756378174,0.3048408339467995,3.5911202430725098,4.112941741943359,15.0,5.000872821898873,164.0,1.714026927947998,47.692431926727295,0.2908075117483372,0.24855780601501465,0.2466984574755164,0.0982367992401123,0.4438967704772949,17.0,4.769119493196452,1.714026927947998,1.156991958618164,1.0554237365722656,1.0455255508422852,0.782470703125,0.03593918067716402,0.6750138750756348,0.557034969329834,180.0,150.0,30.0,1.0,1.0
2008-05-19,0.7154597222222222,1.2527486111111112,1.1510097222222222,1.14605702364395,1.058475,0.9492583333333333,1.0773672732189772,0.1398186723285616,1.1198936564507584,0.18391668234207098,0,5,0,2008-05-15,2008-05-14,149.0,4.4864325523376465,578.5231199264526,3.8827055028620983,3.882755756378174,0.3048408339467995,3.5911202430725098,4.112941741943359,15.0,5.000872821898873,164.0,1.714026927947998,47.692431926727295,0.2908075117483372,0.24855780601501465,0.2466984574755164,0.0982367992401123,0.4438967704772949,17.0,4.769119493196452,1.714026927947998,1.156991958618164,1.0554237365722656,1.0455255508422852,0.782470703125,0.03593918067716402,0.6750138750756348,0.557034969329834,180.0,150.0,30.0,1.0,1.0
2008-05-20,1.0981486111111112,0.7154597222222222,1.2527486111111112,1.1510097222222222,1.0256208333333334,1.2430416666666666,1.0283650906792945,0.19625970337618587,1.1031937556571076,0.2094453258227954,1,5,0,2008-05-15,2008-05-14,149.0,4.4864325523376465,578.5231199264526,3.8827055028620983,3.882755756378174,0.3048408339467995,3.5911202430725098,4.112941741943359,15.0,5.000872821898873,164.0,1.714026927947998,47.692431926727295,0.2908075117483372,0.24855780601501465,0.2466984574755164,0.0982367992401123,0.4438967704772949,17.0,4.769119493196452,1.714026927947998,1.156991958618164,1.0554237365722656,1.0455255508422852,0.782470703125,0.03593918067716402,0.6750138750756348,0.557034969329834,180.0,150.0,30.0,1.0,1.0
2008-05-21,0.9195222222222222,1.0981486111111112,0.7154597222222222,1.2527486111111112,1.1001819444444445,0.81685,1.0387262017904055,0.19799746102207572,1.0928442516888537,0.20554691072908723,2,5,0,2008-05-15,2008-05-14,149.0,4.4864325523376465,578.5231199264526,3.8827055028620983,3.882755756378174,0.3048408339467995,3.5911202430725098,4.112941741943359,15.0,5.000872821898873,164.0,1.714026927947998,47.692431926727295,0.2908075117483372,0.24855780601501465,0.2466984574755164,0.0982367992401123,0.4438967704772949,17.0,4.769119493196452,1.714026927947998,1.156991958618164,1.0554237365722656,1.0455255508422852,0.782470703125,0.03593918067716402,0.6750138750756348,0.557034969329834,180.0,150.0,30.0,1.0,1.0
2008-05-22,0.6783805555555555,0.9195222222222222,1.0981486111111112,0.7154597222222222,0.8074777777777778,1.4699291666666665,1.0129176700443738,0.20041132107520804,1.1001779818475839,0.19657816045730125,3,5,0,2008-05-22,2008-05-21,149.0,4.4864325523376465,583.703266620636,3.9174715880579596,3.916964292526245,0.30398743447608545,3.6256353855133057,4.164333820343018,15.0,5.000931627879352,174.0,1.558403491973877,50.17580318450928,0.28836668496844414,0.2411046028137207,0.233531376545968,0.10627543926239014,0.42656636238098145,18.0,4.856459373240539,1.558403491973877,1.156991958618164,1.0554237365722656,1.0455255508422852,0.782470703125,0.031058864892371096,0.7424213078172173,0.4014115333557129,180.0,150.0,30.0,1.0,1.0
2008-05-23,1.0311916666666667,0.6783805555555555,0.9195222222222222,1.0981486111111112,1.14605702364395,1.2133833333333333,0.9944752097269136,0.22668511454170917,1.0436387953396473,0.19588109949108023,4,5,0,2008-05-22,2008-05-21,149.0,4.4864325523376465,583.703266620636,3.9174715880579596,3.916964292526245,0.30398743447608545,3.6256353855133057,4.164333820343018,15.0,5.000931627879352,174.0,1.558403491973877,50.17580318450928,0.28836668496844414,0.2411046028137207,0.233531376545968,0.10627543926239014,0.42656636238098145,18.0,4.856459373240539,1.558403491973877,1.156991958618164,1.0554237365722656,1.0455255508422852,0.782470703125,0.031058864892371096,0.7424213078172173,0.4014115333557129,180.0,150.0,30.0,1.0,1.0
2008-05-24,1.0973444444444445,1.0311916666666667,0.6783805555555555,0.9195222222222222,1.1510097222222222,1.3257833333333333,0.978065873015873,0.2178696225228451,1.030625104863457,0.18969063957848248,5,5,1,2008-05-22,2008-05-21,149.0,4.4864325523376465,583.703266620636,3.9174715880579596,3.916964292526245,0.30398743447608545,3.6256353855133057,4.164333820343018,15.0,5.000931627879352,174.0,1.558403491973877,50.17580318450928,0.28836668496844414,0.2411046028137207,0.233531376545968,0.10627543926239014,0.42656636238098145,18.0,4.856459373240539,1.558403491973877,1.156991958618164,1.0554237365722656,1.0455255508422852,0.782470703125,0.031058864892371096,0.7424213078172173,0.4014115333557129,180.0,150.0,30.0,1.0,1.0
2008-05-25,1.4225722222222221,1.0973444444444445,1.0311916666666667,0.6783805555555555,1.2527486111111112,1.1186944444444444,0.9703994047619048,0.2116244369887335,1.0143080413713934,0.17127994230198104,6,5,1,2008-05-22,2008-05-21,149.0,4.4864325523376465,583.703266620636,3.9174715880579596,3.916964292526245,0.30398743447608545,3.6256353855133057,4.164333820343018,15.0,5.000931627879352,174.0,1.558403491973877,50.17580318450928,0.28836668496844414,0.2411046028137207,0.233531376545968,0.10627543926239014,0.42656636238098145,18.0,4.856459373240539,1.558403491973877,1.156991958618164,1.0554237365722656,1.0455255508422852,0.782470703125,0.031058864892371096,0.7424213078172173,0.4014115333557129,180.0,150.0,30.0,1.0,1.0
2008-05-26,0.8956319444444445,1.4225722222222221,1.0973444444444445,1.0311916666666667,0.7154597222222222,1.058475,0.9946599206349206,0.25473142329906084,1.0360135969269488,0.20202169085487673,0,5,0,2008-05-22,2008-05-21,149.0,4.4864325523376465,583.703266620636,3.9174715880579596,3.916964292526245,0.30398743447608545,3.6256353855133057,4.164333820343018,15.0,5.000931627879352,174.0,1.558403491973877,50.17580318450928,0.28836668496844414,0.2411046028137207,0.233531376545968,0.10627543926239014,0.42656636238098145,18.0,4.856459373240539,1.558403491973877,1.156991958618164,1.0554237365722656,1.0455255508422852,0.782470703125,0.031058864892371096,0.7424213078172173,0.4014115333557129,180.0,150.0,30.0,1.0,1.0
2008-05-27,1.1865972222222223,0.8956319444444445,1.4225722222222221,1.0973444444444445,1.0981486111111112,1.0256208333333334,1.0203988095238097,0.22968998837630467,1.0243819501015519,0.20529046725624606,1,5,0,2008-05-22,2008-05-21,149.0,4.4864325523376465,583.703266620636,3.9174715880579596,3.916964292526245,0.30398743447608545,3.6256353855133057,4.164333820343018,15.0,5.000931627879352,174.0,1.558403491973877,50.17580318450928,0.28836668496844414,0.2411046028137207,0.233531376545968,0.10627543926239014,0.42656636238098145,18.0,4.856459373240539,1.558403491973877,1.156991958618164,1.0554237365722656,1.0455255508422852,0.782470703125,0.031058864892371096,0.7424213078172173,0.4014115333557129,180.0,150.0,30.0,1.0,1.0
2008-05-28,0.7738694444444445,1.1865972222222223,0.8956319444444445,1.4225722222222221,0.9195222222222222,1.1001819444444445,1.0330343253968253,0.23699656518917755,1.0358802635936155,0.2098232937855086,2,5,0,2008-05-22,2008-05-21,149.0,4.4864325523376465,583.703266620636,3.9174715880579596,3.916964292526245,0.30398743447608545,3.6256353855133057,4.164333820343018,15.0,5.000931627879352,174.0,1.558403491973877,50.17580318450928,0.28836668496844414,0.2411046028137207,0.233531376545968,0.10627543926239014,0.42656636238098145,18.0,4.856459373240539,1.558403491973877,1.156991958618164,1.0554237365722656,1.0455255508422852,0.782470703125,0.031058864892371096,0.7424213078172173,0.4014115333557129,180.0,150.0,30.0,1.0,1.0
2008-05-29,0.7882472222222222,0.7738694444444445,1.1865972222222223,0.8956319444444445,0.6783805555555555,0.8074777777777778,1.012226785714286,0.25437996300392346,1.0125722278793299,0.22000784073125107,3,5,0,2008-05-29,2008-05-28,149.0,4.4864325523376465,585.1896240711212,3.9274471414169208,3.95314884185791,0.2948890844509029,3.6478867530822754,4.142556667327881,15.0,5.001115628506479,184.0,1.156991958618164,51.394054889678955,0.2793155157047769,0.2101457118988037,0.2274911602426745,0.10023689270019531,0.4114137887954712,19.0,4.900889231307769,1.156991958618164,1.129967212677002,1.0554237365722656,1.0029420852661133,1.0006461143493652,0.022512175019109324,0.9766422352896569,0.02702474594116211,180.0,150.0,30.0,1.0,1.0
2008-05-30,0.9703083333333333,0.7882472222222222,0.7738694444444445,1.1865972222222223,1.0311916666666667,1.14605702364395,1.027922023809524,0.2328247371758784,1.0111986167682188,0.2214421975591577,4,5,0,2008-05-29,2008-05-28,149.0,4.4864325523376465,585.1896240711212,3.9274471414169208,3.95314884185791,0.2948890844509029,3.6478867530822754,4.142556667327881,15.0,5.001115628506479,184.0,1.156991958618164,51.394054889678955,0.2793155157047769,0.2101457118988037,0.2274911602426745,0.10023689270019531,0.4114137887954712,19.0,4.900889231307769,1.156991958618164,1.129967212677002,1.0554237365722656,1.0029420852661133,1.0006461143493652,0.022512175019109324,0.9766422352896569,0.02702474594116211,180.0,150.0,30.0,1.0,1.0
2008-05-31,1.1399097222222223,0.9703083333333333,0.7882472222222222,0.7738694444444445,1.0973444444444445,1.1510097222222222,1.0192244047619048,0.23381732762005022,0.998645138888889,0.21816637568889533,5,5,1,2008-05-29,2008-05-28,149.0,4.4864325523376465,585.1896240711212,3.9274471414169208,3.95314884185791,0.2948890844509029,3.6478867530822754,4.142556667327881,15.0,5.001115628506479,184.0,1.156991958618164,51.394054889678955,0.2793155157047769,0.2101457118988037,0.2274911602426745,0.10023689270019531,0.4114137887954712,19.0,4.900889231307769,1.156991958618164,1.129967212677002,1.0554237365722656,1.0029420852661133,1.0006461143493652,0.022512175019109324,0.9766422352896569,0.02702474594116211,180.0,150.0,30.0,1.0,1.0
2008-06-01,1.2839416666666668,1.1399097222222223,0.9703083333333333,0.7882472222222222,1.4225722222222221,1.2527486111111112,1.0253051587301587,0.23672298594244096,0.9978522817460317,0.2175894675038083,6,6,1,2008-05-29,2008-05-28,149.0,4.4864325523376465,585.1896240711212,3.9274471414169208,3.95314884185791,0.2948890844509029,3.6478867530822754,4.142556667327881,15.0,5.001115628506479,184.0,1.156991958618164,51.394054889678955,0.2793155157047769,0.2101457118988037,0.2274911602426745,0.10023689270019531,0.4114137887954712,19.0,4.900889231307769,1.156991958618164,1.129967212677002,1.0554237365722656,1.0029420852661133,1.0006461143493652,0.022512175019109324,0.9766422352896569,0.02702474594116211,180.0,150.0,30.0,1.0,1.0
2008-06-02,0.7458416666666666,1.2839416666666668,1.1399097222222223,0.9703083333333333,0.8956319444444445,0.7154597222222222,1.0055007936507938,0.20106088041918915,1.0000803571428571,0.220540034696742,0,6,0,2008-05-29,2008-05-28,149.0,4.4864325523376465,585.1896240711212,3.9274471414169208,3.95314884185791,0.2948890844509029,3.6478867530822754,4.142556667327881,15.0,5.001115628506479,184.0,1.156991958618164,51.394054889678955,0.2793155157047769,0.2101457118988037,0.2274911602426745,0.10023689270019531,0.4114137887954712,19.0,4.900889231307769,1.156991958618164,1.129967212677002,1.0554237365722656,1.0029420852661133,1.0006461143493652,0.022512175019109324,0.9766422352896569,0.02702474594116211,180.0,150.0,30.0,1.0,1.0
2008-06-03,1.1095944444444445,0.7458416666666666,1.2839416666666668,1.1399097222222223,1.1865972222222223,1.0981486111111112,0.9841021825396826,0.22162252446727065,1.002250496031746,0.2176545008504191,1,6,0,2008-05-29,2008-05-28,149.0,4.4864325523376465,585.1896240711212,3.9274471414169208,3.95314884185791,0.2948890844509029,3.6478867530822754,4.142556667327881,15.0,5.001115628506479,184.0,1.156991958618164,51.394054889678955,0.2793155157047769,0.2101457118988037,0.2274911602426745,0.10023689270019531,0.4114137887954712,19.0,4.900889231307769,1.156991958618164,1.129967212677002,1.0554237365722656,1.0029420852661133,1.0006461143493652,0.022512175019109324,0.9766422352896569,0.02702474594116211,180.0,150.0,30.0,1.0,1.0
2008-06-04,1.1034111111111111,1.1095944444444445,0.7458416666666666,1.2839416666666668,0.7738694444444445,0.9195222222222222,0.9731017857142857,0.21157987683819798,1.0030680555555556,0.21806353692317598,2,6,0,2008-05-29,2008-05-28,149.0,4.4864325523376465,585.1896240711212,3.9274471414169208,3.95314884185791,0.2948890844509029,3.6478867530822754,4.142556667327881,15.0,5.001115628506479,184.0,1.156991958618164,51.394054889678955,0.2793155157047769,0.2101457118988037,0.2274911602426745,0.10023689270019531,0.4114137887954712,19.0,4.900889231307769,1.156991958618164,1.129967212677002,1.0554237365722656,1.0029420852661133,1.0006461143493652,0.022512175019109324,0.9766422352896569,0.02702474594116211,180.0,150.0,30.0,1.0,1.0
2008-06-05,0.7778319444444445,1.1034111111111111,1.1095944444444445,0.7458416666666666,0.7882472222222222,0.6783805555555555,1.0201791666666666,0.19594612422524357,1.0162029761904763,0.21818228728968353,3,6,0,2008-06-05,2008-06-04,149.0,4.4864325523376465,576.119610786438,3.8665745690364965,3.886087417602539,0.27652708169218493,3.6182148456573486,4.069944858551025,15.0,5.001389616844824,165.0,1.0767426490783691,47.74096131324768,0.2893391594742284,0.23853063583374023,0.23025063610130994,0.10156011581420898,0.43846797943115234,17.0,4.792364425221727,1.0767426490783691,1.0002765655517578,0.9998092651367188,0.866490364074707,0.8126239776611328,0.022553853534984913,0.9289838815318944,0.07646608352661133,180.0,150.0,30.0,1.0,1.0
2008-06-06,0.8456347222222221,0.7778319444444445,1.1034111111111111,1.1095944444444445,0.9703083333333333,1.0311916666666667,1.0186912698412698,0.1980292714052111,1.0233066468253968,0.20770465853662953,4,6,0,2008-06-05,2008-06-04,149.0,4.4864325523376465,576.119610786438,3.8665745690364965,3.886087417602539,0.27652708169218493,3.6182148456573486,4.069944858551025,15.0,5.001389616844824,165.0,1.0767426490783691,47.74096131324768,0.2893391594742284,0.23853063583374023,0.23025063610130994,0.10156011581420898,0.43846797943115234,17.0,4.792364425221727,1.0767426490783691,1.0002765655517578,0.9998092651367188,0.866490364074707,0.8126239776611328,0.022553853534984913,0.9289838815318944,0.07646608352661133,180.0,150.0,30.0,1.0,1.0
2008-06-07,1.3072805555555556,0.8456347222222221,0.7778319444444445,1.1034111111111111,1.1399097222222223,1.0973444444444445,1.000880753968254,0.20843892502710237,1.0100525793650792,0.21301529058633226,5,6,1,2008-06-05,2008-06-04,149.0,4.4864325523376465,576.119610786438,3.8665745690364965,3.886087417602539,0.27652708169218493,3.6182148456573486,4.069944858551025,15.0,5.001389616844824,165.0,1.0767426490783691,47.74096131324768,0.2893391594742284,0.23853063583374023,0.23025063610130994,0.10156011581420898,0.43846797943115234,17.0,4.792364425221727,1.0767426490783691,1.0002765655517578,0.9998092651367188,0.866490364074707,0.8126239776611328,0.022553853534984913,0.9289838815318944,0.07646608352661133,180.0,150.0,30.0,1.0,1.0
2008-06-08,1.0710569444444444,1.3072805555555556,0.8456347222222221,0.7778319444444445,1.2839416666666668,1.4225722222222221,1.024790873015873,0.2349576701761406,1.025048015873016,0.22658980199791337,6,6,1,2008-06-05,2008-06-04,149.0,4.4864325523376465,576.119610786438,3.8665745690364965,3.886087417602539,0.27652708169218493,3.6182148456573486,4.069944858551025,15.0,5.001389616844824,165.0,1.0767426490783691,47.74096131324768,0.2893391594742284,0.23853063583374023,0.23025063610130994,0.10156011581420898,0.43846797943115234,17.0,4.792364425221727,1.0767426490783691,1.0002765655517578,0.9998092651367188,0.866490364074707,0.8126239776611328,0.022553853534984913,0.9289838815318944,0.07646608352661133,180.0,150.0,30.0,1.0,1.0
2008-06-09,0.9206236111111111,1.0710569444444444,1.3072805555555556,0.8456347222222221,0.7458416666666666,0.8956319444444445,0.9943787698412699,0.20806160306772845,0.9999397817460318,0.19664955119039026,0,6,0,2008-06-05,2008-06-04,149.0,4.4864325523376465,576.119610786438,3.8665745690364965,3.886087417602539,0.27652708169218493,3.6182148456573486,4.069944858551025,15.0,5.001389616844824,165.0,1.0767426490783691,47.74096131324768,0.2893391594742284,0.23853063583374023,0.23025063610130994,0.10156011581420898,0.43846797943115234,17.0,4.792364425221727,1.0767426490783691,1.0002765655517578,0.9998092651367188,0.866490364074707,0.8126239776611328,0.022553853534984913,0.9289838815318944,0.07646608352661133,180.0,150.0,30.0,1.0,1.0
2008-06-10,0.7410347222222222,0.9206236111111111,1.0710569444444444,1.3072805555555556,1.1095944444444445,1.1865972222222223,1.019347619047619,0.18213676720015484,1.0017249007936508,0.19574117814592662,1,6,0,2008-06-05,2008-06-04,149.0,4.4864325523376465,576.119610786438,3.8665745690364965,3.886087417602539,0.27652708169218493,3.6182148456573486,4.069944858551025,15.0,5.001389616844824,165.0,1.0767426490783691,47.74096131324768,0.2893391594742284,0.23853063583374023,0.23025063610130994,0.10156011581420898,0.43846797943115234,17.0,4.792364425221727,1.0767426490783691,1.0002765655517578,0.9998092651367188,0.866490364074707,0.8126239776611328,0.022553853534984913,0.9289838815318944,0.07646608352661133,180.0,150.0,30.0,1.0,1.0
2008-06-11,0.7800041666666666,0.7410347222222222,0.9206236111111111,1.0710569444444444,1.1034111111111111,0.7738694444444445,0.9666962301587302,0.20369552833349683,0.969899007936508,0.1995554837579829,2,6,0,2008-06-05,2008-06-04,149.0,4.4864325523376465,576.119610786438,3.8665745690364965,3.886087417602539,0.27652708169218493,3.6182148456573486,4.069944858551025,15.0,5.001389616844824,165.0,1.0767426490783691,47.74096131324768,0.2893391594742284,0.23853063583374023,0.23025063610130994,0.10156011581420898,0.43846797943115234,17.0,4.792364425221727,1.0767426490783691,1.0002765655517578,0.9998092651367188,0.866490364074707,0.8126239776611328,0.022553853534984913,0.9289838815318944,0.07646608352661133,180.0,150.0,30.0,1.0,1.0
2008-06-12,0.8745361111111112,0.7800041666666666,0.7410347222222222,0.9206236111111111,0.7778319444444445,0.7882472222222222,0.9204952380952381,0.2041945378807172,0.9703372023809524,0.19909813139974022,3,6,0,2008-06-12,2008-06-11,149.0,4.432908535003662,561.8897635936737,3.771072238883716,3.7434189319610596,0.3149655532812607,3.565019369125366,4.019794940948486,15.0,5.000383613473405,148.0,1.0767426490783691,40.800166845321655,0.2756768030089301,0.20819330215454102,0.22446328913512645,0.09230530261993408,0.40517139434814453,15.0,4.673786625518687,1.0767426490783691,0.9998092651367188,0.848029613494873,0.786529541015625,0.7283849716186523,0.026390643282426518,0.9285498870064254,0.07693338394165039,180.0,150.0,30.0,1.0,1.0
2008-06-13,1.3024878387769283,0.8745361111111112,0.7800041666666666,0.7410347222222222,0.8456347222222221,0.9703083333333333,0.9343101190476191,0.19604248062162008,0.9765006944444444,0.1943054899223897,4,6,0,2008-06-12,2008-06-11,149.0,4.432908535003662,561.8897635936737,3.771072238883716,3.7434189319610596,0.3149655532812607,3.565019369125366,4.019794940948486,15.0,5.000383613473405,148.0,1.0767426490783691,40.800166845321655,0.2756768030089301,0.20819330215454102,0.22446328913512645,0.09230530261993408,0.40517139434814453,15.0,4.673786625518687,1.0767426490783691,0.9998092651367188,0.848029613494873,0.786529541015625,0.7283849716186523,0.026390643282426518,0.9285498870064254,0.07693338394165039,180.0,150.0,30.0,1.0,1.0
2008-06-14,0.9617500000000001,1.3024878387769283,0.8745361111111112,0.7800041666666666,1.3072805555555556,1.1399097222222223,0.9995748499840056,0.23397686382176458,1.00022780197613,0.21288453325149212,5,6,1,2008-06-12,2008-06-11,149.0,4.432908535003662,561.8897635936737,3.771072238883716,3.7434189319610596,0.3149655532812607,3.565019369125366,4.019794940948486,15.0,5.000383613473405,148.0,1.0767426490783691,40.800166845321655,0.2756768030089301,0.20819330215454102,0.22446328913512645,0.09230530261993408,0.40517139434814453,15.0,4.673786625518687,1.0767426490783691,0.9998092651367188,0.848029613494873,0.786529541015625,0.7283849716186523,0.026390643282426518,0.9285498870064254,0.07693338394165039,180.0,150.0,30.0,1.0,1.0
2008-06-15,1.5896541666666666,0.9617500000000001,1.3024878387769283,0.8745361111111112,1.0710569444444444,1.2839416666666668,0.9502133420474977,0.19068431398425492,0.9875021075316853,0.2091852353011826,6,6,1,2008-06-12,2008-06-11,149.0,4.432908535003662,561.8897635936737,3.771072238883716,3.7434189319610596,0.3149655532812607,3.565019369125366,4.019794940948486,15.0,5.000383613473405,148.0,1.0767426490783691,40.800166845321655,0.2756768030089301,0.20819330215454102,0.22446328913512645,0.09230530261993408,0.40517139434814453,15.0,4.673786625518687,1.0767426490783691,0.9998092651367188,0.848029613494873,0.786529541015625,0.7283849716186523,0.026390643282426518,0.9285498870064254,0.07693338394165039,180.0,150.0,30.0,1.0,1.0
2008-06-16,0.9048916666666668,1.5896541666666666,0.9617500000000001,1.3024878387769283,0.9206236111111111,0.7458416666666666,1.0242986595078152,0.30930675111310807,1.0093387146745425,0.2537253180149655,0,6,0,2008-06-12,2008-06-11,149.0,4.432908535003662,561.8897635936737,3.771072238883716,3.7434189319610596,0.3149655532812607,3.565019369125366,4.019794940948486,15.0,5.000383613473405,148.0,1.0767426490783691,40.800166845321655,0.2756768030089301,0.20819330215454102,0.22446328913512645,0.09230530261993408,0.40517139434814453,15.0,4.673786625518687,1.0767426490783691,0.9998092651367188,0.848029613494873,0.786529541015625,0.7283849716186523,0.026390643282426518,0.9285498870064254,0.07693338394165039,180.0,150.0,30.0,1.0,1.0
2008-06-17,0.7951972222222222,0.9048916666666668,1.5896541666666666,0.9617500000000001,0.7410347222222222,1.1095944444444445,1.0220512388728946,0.3102413457529509,1.0206994289602567,0.24440926441978922,1,6,0,2008-06-12,2008-06-11,149.0,4.432908535003662,561.8897635936737,3.771072238883716,3.7434189319610596,0.3149655532812607,3.565019369125366,4.019794940948486,15.0,5.000383613473405,148.0,1.0767426490783691,40.800166845321655,0.2756768030089301,0.20819330215454102,0.22446328913512645,0.09230530261993408,0.40517139434814453,15.0,4.673786625518687,1.0767426490783691,0.9998092651367188,0.848029613494873,0.786529541015625,0.7283849716186523,0.026390643282426518,0.9285498870064254,0.07693338394165039,180.0,150.0,30.0,1.0,1.0
2008-06-18,1.3150055555555555,0.7951972222222222,0.9048916666666668,1.5896541666666666,0.7800041666666666,1.1034111111111111,1.0297887388728946,0.30264708148378816,0.9982424845158124,0.2499930878210203,2,6,0,2008-06-12,2008-06-11,149.0,4.432908535003662,561.8897635936737,3.771072238883716,3.7434189319610596,0.3149655532812607,3.565019369125366,4.019794940948486,15.0,5.000383613473405,148.0,1.0767426490783691,40.800166845321655,0.2756768030089301,0.20819330215454102,0.22446328913512645,0.09230530261993408,0.40517139434814453,15.0,4.673786625518687,1.0767426490783691,0.9998092651367188,0.848029613494873,0.786529541015625,0.7283849716186523,0.026390643282426518,0.9285498870064254,0.07693338394165039,180.0,150.0,30.0,1.0,1.0
2008-06-19,1.1028347222222221,1.3150055555555555,0.7951972222222222,0.9048916666666668,0.8745361111111112,0.7778319444444445,1.1062175087141644,0.2965463250978179,1.013356373404701,0.26290323749206185,3,6,0,2008-06-19,2008-06-18,149.0,4.432908535003662,548.4134266376495,3.6806270244137553,3.661257743835449,0.35278822354158884,3.5060596466064453,3.952796697616577,15.0,4.9992121560885625,146.0,1.0767426490783691,37.918405055999756,0.259715103123286,0.20499849319458008,0.21851923833091713,0.09389996528625488,0.36654067039489746,15.0,4.648709947604495,1.0767426490783691,0.9998092651367188,0.848029613494873,0.786529541015625,0.7283849716186523,0.02839630642396965,0.9285498870064254,0.07693338394165039,180.0,150.0,30.0,1.0,1.0
2008-06-20,1.1639611111111112,1.1028347222222221,1.3150055555555555,0.7951972222222222,1.3024878387769283,0.8456347222222221,1.1388315960157516,0.2788451661136404,1.0365708575316854,0.25472840832988625,4,6,0,2008-06-19,2008-06-18,149.0,4.432908535003662,548.4134266376495,3.6806270244137553,3.661257743835449,0.35278822354158884,3.5060596466064453,3.952796697616577,15.0,4.9992121560885625,146.0,1.0767426490783691,37.918405055999756,0.259715103123286,0.20499849319458008,0.21851923833091713,0.09389996528625488,0.36654067039489746,15.0,4.648709947604495,1.0767426490783691,0.9998092651367188,0.848029613494873,0.786529541015625,0.7283849716186523,0.02839630642396965,0.9285498870064254,0.07693338394165039,180.0,150.0,30.0,1.0,1.0
2008-06-21,1.2043430555555554,1.1639611111111112,1.1028347222222221,1.3150055555555555,0.9617500000000001,1.3072805555555556,1.1190420634920635,0.2700723691720862,1.0593084567380346,0.25054693974864745,5,6,1,2008-06-19,2008-06-18,149.0,4.432908535003662,548.4134266376495,3.6806270244137553,3.661257743835449,0.35278822354158884,3.5060596466064453,3.952796697616577,15.0,4.9992121560885625,146.0,1.0767426490783691,37.918405055999756,0.259715103123286,0.20499849319458008,0.21851923833091713,0.09389996528625488,0.36654067039489746,15.0,4.648709947604495,1.0767426490783691,0.9998092651367188,0.848029613494873,0.786529541015625,0.7283849716186523,0.02839630642396965,0.9285498870064254,0.07693338394165039,180.0,150.0,30.0,1.0,1.0
2008-06-22,1.087788888888889,1.2043430555555554,1.1639611111111112,1.1028347222222221,1.5896541666666666,1.0710569444444444,1.1536982142857144,0.2619677562970748,1.051955778166606,0.2441385174189987,6,6,1,2008-06-19,2008-06-18,149.0,4.432908535003662,548.4134266376495,3.6806270244137553,3.661257743835449,0.35278822354158884,3.5060596466064453,3.952796697616577,15.0,4.9992121560885625,146.0,1.0767426490783691,37.918405055999756,0.259715103123286,0.20499849319458008,0.21851923833091713,0.09389996528625488,0.36654067039489746,15.0,4.648709947604495,1.0767426490783691,0.9998092651367188,0.848029613494873,0.786529541015625,0.7283849716186523,0.02839630642396965,0.9285498870064254,0.07693338394165039,180.0,150.0,30.0,1.0,1.0
2008-06-23,0.8693027777777778,1.087788888888889,1.2043430555555554,1.1639611111111112,0.9048916666666668,0.9206236111111111,1.0820031746031746,0.17798306463830316,1.053150917055495,0.24428012989684875,0,6,0,2008-06-19,2008-06-18,149.0,4.432908535003662,548.4134266376495,3.6806270244137553,3.661257743835449,0.35278822354158884,3.5060596466064453,3.952796697616577,15.0,4.9992121560885625,146.0,1.0767426490783691,37.918405055999756,0.259715103123286,0.20499849319458008,0.21851923833091713,0.09389996528625488,0.36654067039489746,15.0,4.648709947604495,1.0767426490783691,0.9998092651367188,0.848029613494873,0.786529541015625,0.7283849716186523,0.02839630642396965,0.9285498870064254,0.07693338394165039,180.0,150.0,30.0,1.0,1.0
2008-06-24,1.2183694444444444,0.8693027777777778,1.087788888888889,1.2043430555555554,0.7951972222222222,0.7410347222222222,1.0769190476190476,0.18428232955805285,1.049485143245971,0.2467940102034275,1,6,0,2008-06-19,2008-06-18,149.0,4.432908535003662,548.4134266376495,3.6806270244137553,3.661257743835449,0.35278822354158884,3.5060596466064453,3.952796697616577,15.0,4.9992121560885625,146.0,1.0767426490783691,37.918405055999756,0.259715103123286,0.20499849319458008,0.21851923833091713,0.09389996528625488,0.36654067039489746,15.0,4.648709947604495,1.0767426490783691,0.9998092651367188,0.848029613494873,0.786529541015625,0.7283849716186523,0.02839630642396965,0.9285498870064254,0.07693338394165039,180.0,150.0,30.0,1.0,1.0
2008-06-25,0.8762291666666666,1.2183694444444444,0.8693027777777778,1.087788888888889,1.3150055555555555,0.7800041666666666,1.1373722222222222,0.1407235976089226,1.0835804805475584,0.23351824862662576,2,6,0,2008-06-19,2008-06-18,149.0,4.432908535003662,548.4134266376495,3.6806270244137553,3.661257743835449,0.35278822354158884,3.5060596466064453,3.952796697616577,15.0,4.9992121560885625,146.0,1.0767426490783691,37.918405055999756,0.259715103123286,0.20499849319458008,0.21851923833091713,0.09389996528625488,0.36654067039489746,15.0,4.648709947604495,1.0767426490783691,0.9998092651367188,0.848029613494873,0.786529541015625,0.7283849716186523,0.02839630642396965,0.9285498870064254,0.07693338394165039,180.0,150.0,30.0,1.0,1.0
2008-06-26,0.7333472222222223,0.8762291666666666,1.2183694444444444,0.8693027777777778,1.1028347222222221,0.8745361111111112,1.0746898809523808,0.1460350120965775,1.0904536948332726,0.22516227579158332,3,6,0,2008-06-26,2008-06-25,149.0,4.283905029296875,538.7164947986603,3.6155469449574515,3.6192290782928467,0.3706843887195319,3.461155891418457,3.8932883739471436,15.0,4.998521989606397,141.0,1.0767426490783691,36.05398488044739,0.2557020204287049,0.19402694702148438,0.21839492991930548,0.09530496597290039,0.3655257225036621,15.0,4.6134192669092124,1.0767426490783691,0.9998092651367188,0.848029613494873,0.786529541015625,0.7283849716186523,0.02986473347256277,0.9285498870064254,0.07693338394165039,180.0,150.0,30.0,1.0,1.0
2008-06-27,1.2188555555555556,0.7333472222222223,0.8762291666666666,1.2183694444444444,1.1639611111111112,1.3024878387769283,1.0219059523809524,0.19329469095964896,1.080368774198352,0.23835258414579188,4,6,0,2008-06-26,2008-06-25,149.0,4.283905029296875,538.7164947986603,3.6155469449574515,3.6192290782928467,0.3706843887195319,3.461155891418457,3.8932883739471436,15.0,4.998521989606397,141.0,1.0767426490783691,36.05398488044739,0.2557020204287049,0.19402694702148438,0.21839492991930548,0.09530496597290039,0.3655257225036621,15.0,4.6134192669092124,1.0767426490783691,0.9998092651367188,0.848029613494873,0.786529541015625,0.7283849716186523,0.02986473347256277,0.9285498870064254,0.07693338394165039,180.0,150.0,30.0,1.0,1.0
2008-06-28,0.8394444444444444,1.2188555555555556,0.7333472222222223,0.8762291666666666,1.2043430555555554,0.9617500000000001,1.029748015873016,0.20097927657232287,1.0743950396825397,0.2333530701453188,5,6,1,2008-06-26,2008-06-25,149.0,4.283905029296875,538.7164947986603,3.6155469449574515,3.6192290782928467,0.3706843887195319,3.461155891418457,3.8932883739471436,15.0,4.998521989606397,141.0,1.0767426490783691,36.05398488044739,0.2557020204287049,0.19402694702148438,0.21839492991930548,0.09530496597290039,0.3655257225036621,15.0,4.6134192669092124,1.0767426490783691,0.9998092651367188,0.848029613494873,0.786529541015625,0.7283849716186523,0.02986473347256277,0.9285498870064254,0.07693338394165039,180.0,150.0,30.0,1.0,1.0
2008-06-29,0.5203833333333333,0.8394444444444444,1.2188555555555556,0.7333472222222223,1.087788888888889,1.5896541666666666,0.977619642857143,0.19539126054020944,1.0656589285714286,0.24008683073742204,6,6,1,2008-06-26,2008-06-25,149.0,4.283905029296875,538.7164947986603,3.6155469449574515,3.6192290782928467,0.3706843887195319,3.461155891418457,3.8932883739471436,15.0,4.998521989606397,141.0,1.0767426490783691,36.05398488044739,0.2557020204287049,0.19402694702148438,0.21839492991930548,0.09530496597290039,0.3655257225036621,15.0,4.6134192669092124,1.0767426490783691,0.9998092651367188,0.848029613494873,0.786529541015625,0.7283849716186523,0.02986473347256277,0.9285498870064254,0.07693338394165039,180.0,150.0,30.0,1.0,1.0
2008-06-30,0.5584694444444445,0.5203833333333333,0.8394444444444444,1.2188555555555556,0.8693027777777778,0.9048916666666668,0.8965617063492063,0.2516616527046539,0.9892824404761905,0.23045594205319292,0,6,0,2008-06-26,2008-06-25,149.0,4.283905029296875,538.7164947986603,3.6155469449574515,3.6192290782928467,0.3706843887195319,3.461155891418457,3.8932883739471436,15.0,4.998521989606397,141.0,1.0767426490783691,36.05398488044739,0.2557020204287049,0.19402694702148438,0.21839492991930548,0.09530496597290039,0.3655257225036621,15.0,4.6134192669092124,1.0767426490783691,0.9998092651367188,0.848029613494873,0.786529541015625,0.7283849716186523,0.02986473347256277,0.9285498870064254,0.07693338394165039,180.0,150.0,30.0,1.0,1.0
2008-07-01,0.8439166666666666,0.5584694444444445,0.5203833333333333,0.8394444444444444,1.2183694444444444,0.7951972222222222,0.8521569444444445,0.28277269224193474,0.9645379960317461,0.2572540267118058,1,7,0,2008-06-26,2008-06-25,149.0,4.283905029296875,538.7164947986603,3.6155469449574515,3.6192290782928467,0.3706843887195319,3.461155891418457,3.8932883739471436,15.0,4.998521989606397,141.0,1.0767426490783691,36.05398488044739,0.2557020204287049,0.19402694702148438,0.21839492991930548,0.09530496597290039,0.3655257225036621,15.0,4.6134192669092124,1.0767426490783691,0.9998092651367188,0.848029613494873,0.786529541015625,0.7283849716186523,0.02986473347256277,0.9285498870064254,0.07693338394165039,180.0,150.0,30.0,1.0,1.0
2008-07-02,0.7966680555555555,0.8439166666666666,0.5584694444444445,0.5203833333333333,0.8762291666666666,1.3150055555555555,0.7986636904761905,0.23298354103073837,0.9680179563492064,0.25510765616812653,2,7,0,2008-06-26,2008-06-25,149.0,4.283905029296875,538.7164947986603,3.6155469449574515,3.6192290782928467,0.3706843887195319,3.461155891418457,3.8932883739471436,15.0,4.998521989606397,141.0,1.0767426490783691,36.05398488044739,0.2557020204287049,0.19402694702148438,0.21839492991930548,0.09530496597290039,0.3655257225036621,15.0,4.6134192669092124,1.0767426490783691,0.9998092651367188,0.848029613494873,0.786529541015625,0.7283849716186523,0.02986473347256277,0.9285498870064254,0.07693338394165039,180.0,150.0,30.0,1.0,1.0
2008-07-03,0.7627499999999999,0.7966680555555555,0.8439166666666666,0.5584694444444445,0.7333472222222223,1.1028347222222221,0.7872978174603175,0.230496305221118,0.9309938492063491,0.23790889051606148,3,7,0,2008-07-03,2008-07-02,149.0,4.283905029296875,535.1090476512909,3.59133589027712,3.6137945652008057,0.3940975777638974,3.442772626876831,3.9147872924804688,15.0,4.997744381545955,148.0,1.0767426490783691,36.037089586257935,0.24349384855579687,0.16412460803985596,0.21882642866086516,0.0800790786743164,0.35290956497192383,15.0,4.63064926971931,1.0767426490783691,0.9998092651367188,0.848029613494873,0.786529541015625,0.7283849716186523,0.029878734976671498,0.9285498870064254,0.07693338394165039,180.0,150.0,30.0,1.0,1.0
2008-07-04,0.6541805555555555,0.7627499999999999,0.7966680555555555,0.8439166666666666,1.2188555555555556,1.1639611111111112,0.7914982142857142,0.22961551399553612,0.9067020833333334,0.23637059740573668,4,7,0,2008-07-03,2008-07-02,149.0,4.283905029296875,535.1090476512909,3.59133589027712,3.6137945652008057,0.3940975777638974,3.442772626876831,3.9147872924804688,15.0,4.997744381545955,148.0,1.0767426490783691,36.037089586257935,0.24349384855579687,0.16412460803985596,0.21882642866086516,0.0800790786743164,0.35290956497192383,15.0,4.63064926971931,1.0767426490783691,0.9998092651367188,0.848029613494873,0.786529541015625,0.7283849716186523,0.029878734976671498,0.9285498870064254,0.07693338394165039,180.0,150.0,30.0,1.0,1.0
2008-07-05,1.0202,0.6541805555555555,0.7627499999999999,0.7966680555555555,0.8394444444444444,1.2043430555555554,0.7108303571428571,0.1335480098655942,0.8702891865079365,0.2329321622900111,5,7,1,2008-07-03,2008-07-02,149.0,4.283905029296875,535.1090476512909,3.59133589027712,3.6137945652008057,0.3940975777638974,3.442772626876831,3.9147872924804688,15.0,4.997744381545955,148.0,1.0767426490783691,36.037089586257935,0.24349384855579687,0.16412460803985596,0.21882642866086516,0.0800790786743164,0.35290956497192383,15.0,4.63064926971931,1.0767426490783691,0.9998092651367188,0.848029613494873,0.786529541015625,0.7283849716186523,0.029878734976671498,0.9285498870064254,0.07693338394165039,180.0,150.0,30.0,1.0,1.0
2008-07-06,1.2535166666666666,1.0202,0.6541805555555555,0.7627499999999999,0.5203833333333333,1.087788888888889,0.7366525793650792,0.1739304976037099,0.8571361111111111,0.21729195462131048,6,7,1,2008-07-03,2008-07-02,149.0,4.283905029296875,535.1090476512909,3.59133589027712,3.6137945652008057,0.3940975777638974,3.442772626876831,3.9147872924804688,15.0,4.997744381545955,148.0,1.0767426490783691,36.037089586257935,0.24349384855579687,0.16412460803985596,0.21882642866086516,0.0800790786743164,0.35290956497192383,15.0,4.63064926971931,1.0767426490783691,0.9998092651367188,0.848029613494873,0.786529541015625,0.7283849716186523,0.029878734976671498,0.9285498870064254,0.07693338394165039,180.0,150.0,30.0,1.0,1.0
2008-07-07,0.6829097222222222,1.2535166666666666,1.0202,0.6541805555555555,0.5584694444444445,0.8693027777777778,0.8413859126984127,0.23277439298071165,0.8689738095238094,0.23464544801022197,0,7,0,2008-07-03,2008-07-02,149.0,4.283905029296875,535.1090476512909,3.59133589027712,3.6137945652008057,0.3940975777638974,3.442772626876831,3.9147872924804688,15.0,4.997744381545955,148.0,1.0767426490783691,36.037089586257935,0.24349384855579687,0.16412460803985596,0.21882642866086516,0.0800790786743164,0.35290956497192383,15.0,4.63064926971931,1.0767426490783691,0.9998092651367188,0.848029613494873,0.786529541015625,0.7283849716186523,0.029878734976671498,0.9285498870064254,0.07693338394165039,180.0,150.0,30.0,1.0,1.0
2008-07-08,0.7820930555555555,0.6829097222222222,1.2535166666666666,1.0202,0.8439166666666666,1.2183694444444444,0.8591630952380952,0.2113308171132155,0.8556600198412699,0.2398554789159889,1,7,0,2008-07-03,2008-07-02,149.0,4.283905029296875,535.1090476512909,3.59133589027712,3.6137945652008057,0.3940975777638974,3.442772626876831,3.9147872924804688,15.0,4.997744381545955,148.0,1.0767426490783691,36.037089586257935,0.24349384855579687,0.16412460803985596,0.21882642866086516,0.0800790786743164,0.35290956497192383,15.0,4.63064926971931,1.0767426490783691,0.9998092651367188,0.848029613494873,0.786529541015625,0.7283849716186523,0.029878734976671498,0.9285498870064254,0.07693338394165039,180.0,150.0,30.0,1.0,1.0
2008-07-09,0.6384152777777777,0.7820930555555555,0.6829097222222222,1.2535166666666666,0.7966680555555555,0.8762291666666666,0.8503311507936507,0.21335635304353764,0.8244974206349206,0.21628985630867442,2,7,0,2008-07-03,2008-07-02,149.0,4.283905029296875,535.1090476512909,3.59133589027712,3.6137945652008057,0.3940975777638974,3.442772626876831,3.9147872924804688,15.0,4.997744381545955,148.0,1.0767426490783691,36.037089586257935,0.24349384855579687,0.16412460803985596,0.21882642866086516,0.0800790786743164,0.35290956497192383,15.0,4.63064926971931,1.0767426490783691,0.9998092651367188,0.848029613494873,0.786529541015625,0.7283849716186523,0.029878734976671498,0.9285498870064254,0.07693338394165039,180.0,150.0,30.0,1.0,1.0
2008-07-10,0.8689416666666667,0.6384152777777777,0.7820930555555555,0.6829097222222222,0.7627499999999999,0.7333472222222223,0.827723611111111,0.22788026965795546,0.8075107142857142,0.22119737807822334,3,7,0,2008-07-10,2008-07-09,149.0,4.283905029296875,532.8516564369202,3.576185613670605,3.589383363723755,0.39144403629245383,3.4177751541137695,3.9147872924804688,15.0,4.997796422209989,150.0,1.0767426490783691,34.854302406311035,0.23236201604207357,0.16412460803985596,0.20929566791587667,0.07283306121826172,0.3417767286300659,15.0,4.638623068223376,1.0767426490783691,0.8969964981079102,0.7383766174316406,0.7283849716186523,0.7094454765319824,0.03089267535830539,0.8330648914814404,0.17974615097045898,180.0,150.0,30.0,1.0,1.0
2008-07-11,0.8709833333333332,0.8689416666666667,0.6384152777777777,0.7820930555555555,0.6541805555555555,1.2188555555555556,0.8428938492063492,0.22636361195069715,0.8171960317460317,0.22066819923689915,4,7,0,2008-07-10,2008-07-09,149.0,4.283905029296875,532.8516564369202,3.576185613670605,3.589383363723755,0.39144403629245383,3.4177751541137695,3.9147872924804688,15.0,4.997796422209989,150.0,1.0767426490783691,34.854302406311035,0.23236201604207357,0.16412460803985596,0.20929566791587667,0.07283306121826172,0.3417767286300659,15.0,4.638623068223376,1.0767426490783691,0.8969964981079102,0.7383766174316406,0.7283849716186523,0.7094454765319824,0.03089267535830539,0.8330648914814404,0.17974615097045898,180.0,150.0,30.0,1.0,1.0
2008-07-12,0.9228138888888889,0.8709833333333332,0.8689416666666667,0.6384152777777777,1.0202,0.8394444444444444,0.8738656746031747,0.21051699972183757,0.7923480158730157,0.18931997136584092,5,7,1,2008-07-10,2008-07-09,149.0,4.283905029296875,532.8516564369202,3.576185613670605,3.589383363723755,0.39144403629245383,3.4177751541137695,3.9147872924804688,15.0,4.997796422209989,150.0,1.0767426490783691,34.854302406311035,0.23236201604207357,0.16412460803985596,0.20929566791587667,0.07283306121826172,0.3417767286300659,15.0,4.638623068223376,1.0767426490783691,0.8969964981079102,0.7383766174316406,0.7283849716186523,0.7094454765319824,0.03089267535830539,0.8330648914814404,0.17974615097045898,180.0,150.0,30.0,1.0,1.0
2008-07-13,0.8718734353268428,0.9228138888888889,0.8709833333333332,0.8689416666666667,1.2535166666666666,0.5203833333333333,0.8599533730158729,0.20229177400293558,0.7983029761904762,0.1922045142665592,6,7,1,2008-07-10,2008-07-09,149.0,4.283905029296875,532.8516564369202,3.576185613670605,3.589383363723755,0.39144403629245383,3.4177751541137695,3.9147872924804688,15.0,4.997796422209989,150.0,1.0767426490783691,34.854302406311035,0.23236201604207357,0.16412460803985596,0.20929566791587667,0.07283306121826172,0.3417767286300659,15.0,4.638623068223376,1.0767426490783691,0.8969964981079102,0.7383766174316406,0.7283849716186523,0.7094454765319824,0.03089267535830539,0.8330648914814404,0.17974615097045898,180.0,150.0,30.0,1.0,1.0
2008-07-14,0.7902263888888889,0.8718734353268428,0.9228138888888889,0.8709833333333332,0.6829097222222222,0.5584694444444445,0.8054329113958981,0.10799261364014495,0.8234094120471555,0.17532433676990847,0,7,0,2008-07-10,2008-07-09,149.0,4.283905029296875,532.8516564369202,3.576185613670605,3.589383363723755,0.39144403629245383,3.4177751541137695,3.9147872924804688,15.0,4.997796422209989,150.0,1.0767426490783691,34.854302406311035,0.23236201604207357,0.16412460803985596,0.20929566791587667,0.07283306121826172,0.3417767286300659,15.0,4.638623068223376,1.0767426490783691,0.8969964981079102,0.7383766174316406,0.7283849716186523,0.7094454765319824,0.03089267535830539,0.8330648914814404,0.17974615097045898,180.0,150.0,30.0,1.0,1.0
2008-07-15,0.8026805555555555,0.7902263888888889,0.8718734353268428,0.9228138888888889,0.7820930555555555,0.8439166666666666,0.8207638637768505,0.09447086617938247,0.8399634795074729,0.1585204442843435,1,7,0,2008-07-10,2008-07-09,149.0,4.283905029296875,532.8516564369202,3.576185613670605,3.589383363723755,0.39144403629245383,3.4177751541137695,3.9147872924804688,15.0,4.997796422209989,150.0,1.0767426490783691,34.854302406311035,0.23236201604207357,0.16412460803985596,0.20929566791587667,0.07283306121826172,0.3417767286300659,15.0,4.638623068223376,1.0767426490783691,0.8969964981079102,0.7383766174316406,0.7283849716186523,0.7094454765319824,0.03089267535830539,0.8330648914814404,0.17974615097045898,180.0,150.0,30.0,1.0,1.0
2008-07-16,0.7479597222222222,0.8026805555555555,0.7902263888888889,0.8718734353268428,0.6384152777777777,0.7966680555555555,0.823704935205422,0.09338048748694708,0.8370180429995363,0.15882414966340566,2,7,0,2008-07-10,2008-07-09,149.0,4.283905029296875,532.8516564369202,3.576185613670605,3.589383363723755,0.39144403629245383,3.4177751541137695,3.9147872924804688,15.0,4.997796422209989,150.0,1.0767426490783691,34.854302406311035,0.23236201604207357,0.16412460803985596,0.20929566791587667,0.07283306121826172,0.3417767286300659,15.0,4.638623068223376,1.0767426490783691,0.8969964981079102,0.7383766174316406,0.7283849716186523,0.7094454765319824,0.03089267535830539,0.8330648914814404,0.17974615097045898,180.0,150.0,30.0,1.0,1.0
2008-07-17,0.9160569444444445,0.7479597222222222,0.8026805555555555,0.7902263888888889,0.8689416666666667,0.7627499999999999,0.8393541415546284,0.060567165450839205,0.8335388763328696,0.16030265493150853,3,7,0,2008-07-17,2008-07-16,149.0,4.283905029296875,532.240207195282,3.572081927485114,3.595013380050659,0.3894126880310439,3.4048144817352295,3.891341209411621,15.0,4.997847148497531,148.0,1.0767426490783691,34.43580222129822,0.23267433933309606,0.16412460803985596,0.21011852577655624,0.07043462991714478,0.3397289514541626,15.0,4.623986720623485,1.0767426490783691,0.8969964981079102,0.7383766174316406,0.7283849716186523,0.7094454765319824,0.031268115729054045,0.8330648914814404,0.17974615097045898,180.0,150.0,30.0,1.0,1.0
2008-07-18,0.8761,0.9160569444444445,0.7479597222222222,0.8026805555555555,0.8709833333333332,0.6541805555555555,0.8460848955228822,0.0667096521883284,0.8444893723646157,0.1603312951794099,4,7,0,2008-07-17,2008-07-16,149.0,4.283905029296875,532.240207195282,3.572081927485114,3.595013380050659,0.3894126880310439,3.4048144817352295,3.891341209411621,15.0,4.997847148497531,148.0,1.0767426490783691,34.43580222129822,0.23267433933309606,0.16412460803985596,0.21011852577655624,0.07043462991714478,0.3397289514541626,15.0,4.623986720623485,1.0767426490783691,0.8969964981079102,0.7383766174316406,0.7283849716186523,0.7094454765319824,0.031268115729054045,0.8330648914814404,0.17974615097045898,180.0,150.0,30.0,1.0,1.0
2008-07-19,0.9333430555555555,0.8761,0.9160569444444445,0.7479597222222222,0.9228138888888889,1.0202,0.8468158479038347,0.06705507738943085,0.8603407612535046,0.1507528975073333,5,7,1,2008-07-17,2008-07-16,149.0,4.283905029296875,532.240207195282,3.572081927485114,3.595013380050659,0.3894126880310439,3.4048144817352295,3.891341209411621,15.0,4.997847148497531,148.0,1.0767426490783691,34.43580222129822,0.23267433933309606,0.16412460803985596,0.21011852577655624,0.07043462991714478,0.3397289514541626,15.0,4.623986720623485,1.0767426490783691,0.8969964981079102,0.7383766174316406,0.7283849716186523,0.7094454765319824,0.031268115729054045,0.8330648914814404,0.17974615097045898,180.0,150.0,30.0,1.0,1.0
2008-07-20,0.6538430555555556,0.9333430555555555,0.8761,0.9160569444444445,0.8718734353268428,1.2535166666666666,0.8483200145705014,0.06912997207088215,0.8541366937931871,0.14535875031403642,6,7,1,2008-07-17,2008-07-16,149.0,4.283905029296875,532.240207195282,3.572081927485114,3.595013380050659,0.3894126880310439,3.4048144817352295,3.891341209411621,15.0,4.997847148497531,148.0,1.0767426490783691,34.43580222129822,0.23267433933309606,0.16412460803985596,0.21011852577655624,0.07043462991714478,0.3397289514541626,15.0,4.623986720623485,1.0767426490783691,0.8969964981079102,0.7383766174316406,0.7283849716186523,0.7094454765319824,0.031268115729054045,0.8330648914814404,0.17974615097045898,180.0,150.0,30.0,1.0,1.0
2008-07-21,0.8031097222222223,0.6538430555555556,0.9333430555555555,0.8761,0.7902263888888889,0.6829097222222222,0.8171728174603174,0.09928847446939311,0.811302864428108,0.09984835558144062,0,7,0,2008-07-17,2008-07-16,149.0,4.283905029296875,532.240207195282,3.572081927485114,3.595013380050659,0.3894126880310439,3.4048144817352295,3.891341209411621,15.0,4.997847148497531,148.0,1.0767426490783691,34.43580222129822,0.23267433933309606,0.16412460803985596,0.21011852577655624,0.07043462991714478,0.3397289514541626,15.0,4.623986720623485,1.0767426490783691,0.8969964981079102,0.7383766174316406,0.7283849716186523,0.7094454765319824,0.031268115729054045,0.8330648914814404,0.17974615097045898,180.0,150.0,30.0,1.0,1.0
2008-07-22,0.5140569444444444,0.8031097222222223,0.6538430555555556,0.9333430555555555,0.8026805555555555,0.7820930555555555,0.8190132936507937,0.09882404914916769,0.8198885787138221,0.09288386015991797,1,7,0,2008-07-17,2008-07-16,149.0,4.283905029296875,532.240207195282,3.572081927485114,3.595013380050659,0.3894126880310439,3.4048144817352295,3.891341209411621,15.0,4.997847148497531,148.0,1.0767426490783691,34.43580222129822,0.23267433933309606,0.16412460803985596,0.21011852577655624,0.07043462991714478,0.3397289514541626,15.0,4.623986720623485,1.0767426490783691,0.8969964981079102,0.7383766174316406,0.7283849716186523,0.7094454765319824,0.031268115729054045,0.8330648914814404,0.17974615097045898,180.0,150.0,30.0,1.0,1.0
2008-07-23,0.6546041666666667,0.5140569444444444,0.8031097222222223,0.6538430555555556,0.7479597222222222,0.6384152777777777,0.7777813492063492,0.15244029433973513,0.8007431422058856,0.12376440640888056,2,7,0,2008-07-17,2008-07-16,149.0,4.283905029296875,532.240207195282,3.572081927485114,3.595013380050659,0.3894126880310439,3.4048144817352295,3.891341209411621,15.0,4.997847148497531,148.0,1.0767426490783691,34.43580222129822,0.23267433933309606,0.16412460803985596,0.21011852577655624,0.07043462991714478,0.3397289514541626,15.0,4.623986720623485,1.0767426490783691,0.8969964981079102,0.7383766174316406,0.7283849716186523,0.7094454765319824,0.031268115729054045,0.8330648914814404,0.17974615097045898,180.0,150.0,30.0,1.0,1.0
2008-07-24,0.7593402777777778,0.6546041666666667,0.5140569444444444,0.8031097222222223,0.9160569444444445,0.8689416666666667,0.7644448412698412,0.1594085483828477,0.8018994914122348,0.12219678719548963,3,7,0,2008-07-24,2008-07-23,149.0,4.283905029296875,527.955712556839,3.543326929911671,3.5692241191864014,0.4023039101830697,3.318303346633911,3.891341209411621,15.0,4.9973710695712565,163.0,1.0767426490783691,37.41608667373657,0.22954654401065383,0.16847991943359375,0.20500014467369426,0.0731579065322876,0.33874595165252686,17.0,4.723850691829357,1.0767426490783691,0.8969964981079102,0.7383766174316406,0.7283849716186523,0.7094454765319824,0.028777532467984306,0.8330648914814404,0.17974615097045898,180.0,150.0,30.0,1.0,1.0
2008-07-25,0.6010652777777777,0.7593402777777778,0.6546041666666667,0.5140569444444444,0.8761,0.8709833333333332,0.7420567460317461,0.14491247408110836,0.7940708207773142,0.12107699795498657,4,7,0,2008-07-24,2008-07-23,149.0,4.283905029296875,527.955712556839,3.543326929911671,3.5692241191864014,0.4023039101830697,3.318303346633911,3.891341209411621,15.0,4.9973710695712565,163.0,1.0767426490783691,37.41608667373657,0.22954654401065383,0.16847991943359375,0.20500014467369426,0.0731579065322876,0.33874595165252686,17.0,4.723850691829357,1.0767426490783691,0.8969964981079102,0.7383766174316406,0.7283849716186523,0.7094454765319824,0.028777532467984306,0.8330648914814404,0.17974615097045898,180.0,150.0,30.0,1.0,1.0
2008-07-26,0.5664472222222222,0.6010652777777777,0.7593402777777778,0.6546041666666667,0.9333430555555555,0.9228138888888889,0.7027660714285714,0.1397035261285188,0.774790959666203,0.1291114411475808,5,7,1,2008-07-24,2008-07-23,149.0,4.283905029296875,527.955712556839,3.543326929911671,3.5692241191864014,0.4023039101830697,3.318303346633911,3.891341209411621,15.0,4.9973710695712565,163.0,1.0767426490783691,37.41608667373657,0.22954654401065383,0.16847991943359375,0.20500014467369426,0.0731579065322876,0.33874595165252686,17.0,4.723850691829357,1.0767426490783691,0.8969964981079102,0.7383766174316406,0.7283849716186523,0.7094454765319824,0.028777532467984306,0.8330648914814404,0.17974615097045898,180.0,150.0,30.0,1.0,1.0
2008-07-27,0.7968027777777777,0.5664472222222222,0.6010652777777777,0.7593402777777778,0.6538430555555556,0.8718734353268428,0.6503523809523809,0.102704405675511,0.7493361977614412,0.13276121762349147,6,7,1,2008-07-24,2008-07-23,149.0,4.283905029296875,527.955712556839,3.543326929911671,3.5692241191864014,0.4023039101830697,3.318303346633911,3.891341209411621,15.0,4.9973710695712565,163.0,1.0767426490783691,37.41608667373657,0.22954654401065383,0.16847991943359375,0.20500014467369426,0.0731579065322876,0.33874595165252686,17.0,4.723850691829357,1.0767426490783691,0.8969964981079102,0.7383766174316406,0.7283849716186523,0.7094454765319824,0.028777532467984306,0.8330648914814404,0.17974615097045898,180.0,150.0,30.0,1.0,1.0
2008-07-28,0.573475,0.7968027777777777,0.5664472222222222,0.6010652777777777,0.8031097222222223,0.7902263888888889,0.6707751984126984,0.1167654795455182,0.7439740079365079,0.12889088715044208,0,7,0,2008-07-24,2008-07-23,149.0,4.283905029296875,527.955712556839,3.543326929911671,3.5692241191864014,0.4023039101830697,3.318303346633911,3.891341209411621,15.0,4.9973710695712565,163.0,1.0767426490783691,37.41608667373657,0.22954654401065383,0.16847991943359375,0.20500014467369426,0.0731579065322876,0.33874595165252686,17.0,4.723850691829357,1.0767426490783691,0.8969964981079102,0.7383766174316406,0.7283849716186523,0.7094454765319824,0.028777532467984306,0.8330648914814404,0.17974615097045898,180.0,150.0,30.0,1.0,1.0
2008-07-29,0.8101097222222222,0.573475,0.7968027777777777,0.5664472222222222,0.5140569444444444,0.8026805555555555,0.637970238095238,0.10506094084721662,0.7284917658730159,0.13574354263399607,1,7,0,2008-07-24,2008-07-23,149.0,4.283905029296875,527.955712556839,3.543326929911671,3.5692241191864014,0.4023039101830697,3.318303346633911,3.891341209411621,15.0,4.9973710695712565,163.0,1.0767426490783691,37.41608667373657,0.22954654401065383,0.16847991943359375,0.20500014467369426,0.0731579065322876,0.33874595165252686,17.0,4.723850691829357,1.0767426490783691,0.8969964981079102,0.7383766174316406,0.7283849716186523,0.7094454765319824,0.028777532467984306,0.8330648914814404,0.17974615097045898,180.0,150.0,30.0,1.0,1.0
2008-07-30,0.9027138888888888,0.8101097222222222,0.573475,0.7968027777777777,0.6546041666666667,0.7479597222222222,0.680263492063492,0.10644503282897472,0.7290224206349206,0.13607000283512155,2,7,0,2008-07-24,2008-07-23,149.0,4.283905029296875,527.955712556839,3.543326929911671,3.5692241191864014,0.4023039101830697,3.318303346633911,3.891341209411621,15.0,4.9973710695712565,163.0,1.0767426490783691,37.41608667373657,0.22954654401065383,0.16847991943359375,0.20500014467369426,0.0731579065322876,0.33874595165252686,17.0,4.723850691829357,1.0767426490783691,0.8969964981079102,0.7383766174316406,0.7283849716186523,0.7094454765319824,0.028777532467984306,0.8330648914814404,0.17974615097045898,180.0,150.0,30.0,1.0,1.0
2008-07-31,0.9671097222222221,0.9027138888888888,0.8101097222222222,0.573475,0.7593402777777778,0.9160569444444445,0.7157077380952381,0.13417338665225537,0.7400762896825397,0.14379340580527694,3,7,0,2008-07-31,2008-07-30,149.0,4.206279277801514,519.0632457733154,3.483645944787352,3.530306577682495,0.41486766326464775,3.2336387634277344,3.8045103549957275,15.0,4.996717226238165,167.0,1.0767426490783691,36.5077702999115,0.21860940299348203,0.15438318252563477,0.19916728037462367,0.07000243663787842,0.3263275623321533,17.0,4.742121461784363,1.0767426490783691,0.8969964981079102,0.7677373886108398,0.7283849716186523,0.7094454765319824,0.029493519878999,0.8330648914814404,0.17974615097045898,180.0,150.0,30.0,1.0,1.0
2008-08-01,0.5135944444444445,0.9671097222222221,0.9027138888888888,0.8101097222222222,0.6010652777777777,0.8761,0.7453890873015873,0.16489757820299936,0.7437229166666667,0.14914729023385326,4,8,0,2008-07-31,2008-07-30,149.0,4.206279277801514,519.0632457733154,3.483645944787352,3.530306577682495,0.41486766326464775,3.2336387634277344,3.8045103549957275,15.0,4.996717226238165,167.0,1.0767426490783691,36.5077702999115,0.21860940299348203,0.15438318252563477,0.19916728037462367,0.07000243663787842,0.3263275623321533,17.0,4.742121461784363,1.0767426490783691,0.8969964981079102,0.7677373886108398,0.7283849716186523,0.7094454765319824,0.029493519878999,0.8330648914814404,0.17974615097045898,180.0,150.0,30.0,1.0,1.0
2008-08-02,0.35123333333333334,0.5135944444444445,0.9671097222222221,0.9027138888888888,0.5664472222222222,0.9333430555555555,0.732893253968254,0.18025613317824066,0.7178296626984128,0.15571988102751577,5,8,1,2008-07-31,2008-07-30,149.0,4.206279277801514,519.0632457733154,3.483645944787352,3.530306577682495,0.41486766326464775,3.2336387634277344,3.8045103549957275,15.0,4.996717226238165,167.0,1.0767426490783691,36.5077702999115,0.21860940299348203,0.15438318252563477,0.19916728037462367,0.07000243663787842,0.3263275623321533,17.0,4.742121461784363,1.0767426490783691,0.8969964981079102,0.7677373886108398,0.7283849716186523,0.7094454765319824,0.029493519878999,0.8330648914814404,0.17974615097045898,180.0,150.0,30.0,1.0,1.0
2008-08-03,0.35054305555555554,0.35123333333333334,0.5135944444444445,0.9671097222222221,0.7968027777777777,0.6538430555555556,0.7021484126984127,0.22594134119734405,0.6762503968253969,0.1707395697477742,6,8,1,2008-07-31,2008-07-30,149.0,4.206279277801514,519.0632457733154,3.483645944787352,3.530306577682495,0.41486766326464775,3.2336387634277344,3.8045103549957275,15.0,4.996717226238165,167.0,1.0767426490783691,36.5077702999115,0.21860940299348203,0.15438318252563477,0.19916728037462367,0.07000243663787842,0.3263275623321533,17.0,4.742121461784363,1.0767426490783691,0.8969964981079102,0.7677373886108398,0.7283849716186523,0.7094454765319824,0.029493519878999,0.8330648914814404,0.17974615097045898,180.0,150.0,30.0,1.0,1.0
2008-08-04,0.7824322446143156,0.35054305555555554,0.35123333333333334,0.5135944444444445,0.573475,0.8031097222222223,0.6383970238095237,0.25577142765187444,0.654586111111111,0.1917507224270132,0,8,0,2008-07-31,2008-07-30,149.0,4.206279277801514,519.0632457733154,3.483645944787352,3.530306577682495,0.41486766326464775,3.2336387634277344,3.8045103549957275,15.0,4.996717226238165,167.0,1.0767426490783691,36.5077702999115,0.21860940299348203,0.15438318252563477,0.19916728037462367,0.07000243663787842,0.3263275623321533,17.0,4.742121461784363,1.0767426490783691,0.8969964981079102,0.7677373886108398,0.7283849716186523,0.7094454765319824,0.029493519878999,0.8330648914814404,0.17974615097045898,180.0,150.0,30.0,1.0,1.0
2008-08-05,0.5743875,0.7824322446143156,0.35054305555555554,0.35123333333333334,0.8101097222222222,0.5140569444444444,0.668248058754426,0.2591035265629864,0.6531091484248321,0.1905948673733857,1,8,0,2008-07-31,2008-07-30,149.0,4.206279277801514,519.0632457733154,3.483645944787352,3.530306577682495,0.41486766326464775,3.2336387634277344,3.8045103549957275,15.0,4.996717226238165,167.0,1.0767426490783691,36.5077702999115,0.21860940299348203,0.15438318252563477,0.19916728037462367,0.07000243663787842,0.3263275623321533,17.0,4.742121461784363,1.0767426490783691,0.8969964981079102,0.7677373886108398,0.7283849716186523,0.7094454765319824,0.029493519878999,0.8330648914814404,0.17974615097045898,180.0,150.0,30.0,1.0,1.0
2008-08-06,0.22646666666666668,0.5743875,0.7824322446143156,0.35054305555555554,0.9027138888888888,0.6546041666666667,0.6345734555798229,0.2528356005719033,0.6574184738216575,0.18787165086869598,2,8,0,2008-07-31,2008-07-30,149.0,4.206279277801514,519.0632457733154,3.483645944787352,3.530306577682495,0.41486766326464775,3.2336387634277344,3.8045103549957275,15.0,4.996717226238165,167.0,1.0767426490783691,36.5077702999115,0.21860940299348203,0.15438318252563477,0.19916728037462367,0.07000243663787842,0.3263275623321533,17.0,4.742121461784363,1.0767426490783691,0.8969964981079102,0.7677373886108398,0.7283849716186523,0.7094454765319824,0.029493519878999,0.8330648914814404,0.17974615097045898,180.0,150.0,30.0,1.0,1.0
2008-08-07,0.23255833333333334,0.22646666666666668,0.5743875,0.7824322446143156,0.9671097222222221,0.7593402777777778,0.5379667095480769,0.262321958996086,0.6268372238216574,0.22039534468160318,3,8,0,2008-08-07,2008-08-06,149.0,4.206279277801514,510.7509181499481,3.4278585110734774,3.4802234172821045,0.4437114435316661,3.0332751274108887,3.7622897624969482,15.0,4.995414727112332,151.0,0.7283849716186523,27.562143802642822,0.18253075365988625,0.12736296653747559,0.16365141975933775,0.06077837944030762,0.27667319774627686,16.0,4.646733733574443,0.7283849716186523,0.6781244277954102,0.6689310073852539,0.6647043228149414,0.6002907752990723,0.026427007160045746,0.9309972805842619,0.05026054382324219,180.0,150.0,30.0,1.0,1.0
2008-08-08,0.2098611111111111,0.23255833333333334,0.22646666666666668,0.5743875,0.5135944444444445,0.6010652777777777,0.43303079684966417,0.2020340695474425,0.5892099420756257,0.24011869100026784,4,8,0,2008-08-07,2008-08-06,149.0,4.206279277801514,510.7509181499481,3.4278585110734774,3.4802234172821045,0.4437114435316661,3.0332751274108887,3.7622897624969482,15.0,4.995414727112332,151.0,0.7283849716186523,27.562143802642822,0.18253075365988625,0.12736296653747559,0.16365141975933775,0.06077837944030762,0.27667319774627686,16.0,4.646733733574443,0.7283849716186523,0.6781244277954102,0.6689310073852539,0.6647043228149414,0.6002907752990723,0.026427007160045746,0.9309972805842619,0.05026054382324219,180.0,150.0,30.0,1.0,1.0
2008-08-09,0.24925277777777777,0.2098611111111111,0.23255833333333334,0.22646666666666668,0.35123333333333334,0.5664472222222222,0.389640320659188,0.2141034270697297,0.5612667873137209,0.26052820945396127,5,8,1,2008-08-07,2008-08-06,149.0,4.206279277801514,510.7509181499481,3.4278585110734774,3.4802234172821045,0.4437114435316661,3.0332751274108887,3.7622897624969482,15.0,4.995414727112332,151.0,0.7283849716186523,27.562143802642822,0.18253075365988625,0.12736296653747559,0.16365141975933775,0.06077837944030762,0.27667319774627686,16.0,4.646733733574443,0.7283849716186523,0.6781244277954102,0.6689310073852539,0.6647043228149414,0.6002907752990723,0.026427007160045746,0.9309972805842619,0.05026054382324219,180.0,150.0,30.0,1.0,1.0
2008-08-10,0.24446666666666667,0.24925277777777777,0.2098611111111111,0.23255833333333334,0.35054305555555554,0.7968027777777777,0.37507166986553714,0.22052570194772386,0.5386100412819749,0.27351186646274234,6,8,1,2008-08-07,2008-08-06,149.0,4.206279277801514,510.7509181499481,3.4278585110734774,3.4802234172821045,0.4437114435316661,3.0332751274108887,3.7622897624969482,15.0,4.995414727112332,151.0,0.7283849716186523,27.562143802642822,0.18253075365988625,0.12736296653747559,0.16365141975933775,0.06077837944030762,0.27667319774627686,16.0,4.646733733574443,0.7283849716186523,0.6781244277954102,0.6689310073852539,0.6647043228149414,0.6002907752990723,0.026427007160045746,0.9309972805842619,0.05026054382324219,180.0,150.0,30.0,1.0,1.0
2008-08-11,0.258275,0.24446666666666667,0.24925277777777777,0.2098611111111111,0.7824322446143156,0.573475,0.3599179000242673,0.22606712427765474,0.49915746191689553,0.27323973492411524,0,8,0,2008-08-07,2008-08-06,149.0,4.206279277801514,510.7509181499481,3.4278585110734774,3.4802234172821045,0.4437114435316661,3.0332751274108887,3.7622897624969482,15.0,4.995414727112332,151.0,0.7283849716186523,27.562143802642822,0.18253075365988625,0.12736296653747559,0.16365141975933775,0.06077837944030762,0.27667319774627686,16.0,4.646733733574443,0.7283849716186523,0.6781244277954102,0.6689310073852539,0.6647043228149414,0.6002907752990723,0.026427007160045746,0.9309972805842619,0.05026054382324219,180.0,150.0,30.0,1.0,1.0
2008-08-12,0.20068333333333332,0.258275,0.24446666666666667,0.24925277777777777,0.5743875,0.8101097222222222,0.28503829365079364,0.12858349275954917,0.4766431762026099,0.2795579129176689,1,8,0,2008-08-07,2008-08-06,149.0,4.206279277801514,510.7509181499481,3.4278585110734774,3.4802234172821045,0.4437114435316661,3.0332751274108887,3.7622897624969482,15.0,4.995414727112332,151.0,0.7283849716186523,27.562143802642822,0.18253075365988625,0.12736296653747559,0.16365141975933775,0.06077837944030762,0.27667319774627686,16.0,4.646733733574443,0.7283849716186523,0.6781244277954102,0.6689310073852539,0.6647043228149414,0.6002907752990723,0.026427007160045746,0.9309972805842619,0.05026054382324219,180.0,150.0,30.0,1.0,1.0
2008-08-13,0.19623888888888888,0.20068333333333332,0.258275,0.24446666666666667,0.22646666666666668,0.9027138888888888,0.23165198412698412,0.020993639769818707,0.4331127198534035,0.27095407438219865,2,8,0,2008-08-07,2008-08-06,149.0,4.206279277801514,510.7509181499481,3.4278585110734774,3.4802234172821045,0.4437114435316661,3.0332751274108887,3.7622897624969482,15.0,4.995414727112332,151.0,0.7283849716186523,27.562143802642822,0.18253075365988625,0.12736296653747559,0.16365141975933775,0.06077837944030762,0.27667319774627686,16.0,4.646733733574443,0.7283849716186523,0.6781244277954102,0.6689310073852539,0.6647043228149414,0.6002907752990723,0.026427007160045746,0.9309972805842619,0.05026054382324219,180.0,150.0,30.0,1.0,1.0
2008-08-14,0.18767916666666665,0.19623888888888888,0.20068333333333332,0.258275,0.23255833333333334,0.9671097222222221,0.22733373015873015,0.024970202377190526,0.3826502198534035,0.24088664660517028,3,8,0,2008-08-14,2008-08-13,149.0,4.206279277801514,500.6098008155823,3.3597973209099483,3.4456193447113037,0.4711624057365671,2.9128057956695557,3.661257743835449,15.0,4.993928570204035,145.0,0.6781244277954102,24.433647394180298,0.1685079130633124,0.11544299125671387,0.15434373122335002,0.05290865898132324,0.23268866539001465,15.0,4.590800946654465,0.6781244277954102,0.6689310073852539,0.6002907752990723,0.5692853927612305,0.5463271141052246,0.027753712610133208,0.9864428709049102,0.00919342041015625,180.0,150.0,30.0,1.0,1.0
2008-08-15,0.1900375,0.18767916666666665,0.19623888888888888,0.20068333333333332,0.2098611111111111,0.5135944444444445,0.22092242063492065,0.02886323999857005,0.3269766087422924,0.17702020369227664,4,8,0,2008-08-14,2008-08-13,149.0,4.206279277801514,500.6098008155823,3.3597973209099483,3.4456193447113037,0.4711624057365671,2.9128057956695557,3.661257743835449,15.0,4.993928570204035,145.0,0.6781244277954102,24.433647394180298,0.1685079130633124,0.11544299125671387,0.15434373122335002,0.05290865898132324,0.23268866539001465,15.0,4.590800946654465,0.6781244277954102,0.6689310073852539,0.6002907752990723,0.5692853927612305,0.5463271141052246,0.027753712610133208,0.9864428709049102,0.00919342041015625,180.0,150.0,30.0,1.0,1.0
2008-08-16,0.19084305555555556,0.1900375,0.18767916666666665,0.19623888888888888,0.24925277777777777,0.35123333333333334,0.2180904761904762,0.031021245752384866,0.3038653984248321,0.17182690149516183,5,8,1,2008-08-14,2008-08-13,149.0,4.206279277801514,500.6098008155823,3.3597973209099483,3.4456193447113037,0.4711624057365671,2.9128057956695557,3.661257743835449,15.0,4.993928570204035,145.0,0.6781244277954102,24.433647394180298,0.1685079130633124,0.11544299125671387,0.15434373122335002,0.05290865898132324,0.23268866539001465,15.0,4.590800946654465,0.6781244277954102,0.6689310073852539,0.6002907752990723,0.5692853927612305,0.5463271141052246,0.027753712610133208,0.9864428709049102,0.00919342041015625,180.0,150.0,30.0,1.0,1.0
2008-08-17,0.19083055555555556,0.19084305555555556,0.1900375,0.18767916666666665,0.24446666666666667,0.35054305555555554,0.20974623015873015,0.029034043025240514,0.2924089500121337,0.1737617995536218,6,8,1,2008-08-14,2008-08-13,149.0,4.206279277801514,500.6098008155823,3.3597973209099483,3.4456193447113037,0.4711624057365671,2.9128057956695557,3.661257743835449,15.0,4.993928570204035,145.0,0.6781244277954102,24.433647394180298,0.1685079130633124,0.11544299125671387,0.15434373122335002,0.05290865898132324,0.23268866539001465,15.0,4.590800946654465,0.6781244277954102,0.6689310073852539,0.6002907752990723,0.5692853927612305,0.5463271141052246,0.027753712610133208,0.9864428709049102,0.00919342041015625,180.0,150.0,30.0,1.0,1.0
2008-08-18,0.19010972222222222,0.19083055555555556,0.19084305555555556,0.1900375,0.258275,0.7824322446143156,0.20208392857142857,0.025163372526475464,0.2810009142978479,0.17489067109801754,0,8,0,2008-08-14,2008-08-13,149.0,4.206279277801514,500.6098008155823,3.3597973209099483,3.4456193447113037,0.4711624057365671,2.9128057956695557,3.661257743835449,15.0,4.993928570204035,145.0,0.6781244277954102,24.433647394180298,0.1685079130633124,0.11544299125671387,0.15434373122335002,0.05290865898132324,0.23268866539001465,15.0,4.590800946654465,0.6781244277954102,0.6689310073852539,0.6002907752990723,0.5692853927612305,0.5463271141052246,0.027753712610133208,0.9864428709049102,0.00919342041015625,180.0,150.0,30.0,1.0,1.0
2008-08-19,0.19075833333333334,0.19010972222222222,0.19083055555555556,0.19084305555555556,0.20068333333333332,0.5743875,0.19234603174603174,0.004496861289923326,0.2386921626984127,0.09976707958264315,1,8,0,2008-08-14,2008-08-13,149.0,4.206279277801514,500.6098008155823,3.3597973209099483,3.4456193447113037,0.4711624057365671,2.9128057956695557,3.661257743835449,15.0,4.993928570204035,145.0,0.6781244277954102,24.433647394180298,0.1685079130633124,0.11544299125671387,0.15434373122335002,0.05290865898132324,0.23268866539001465,15.0,4.590800946654465,0.6781244277954102,0.6689310073852539,0.6002907752990723,0.5692853927612305,0.5463271141052246,0.027753712610133208,0.9864428709049102,0.00919342041015625,180.0,150.0,30.0,1.0,1.0
2008-08-20,0.18643888888888888,0.19075833333333334,0.19010972222222222,0.19083055555555556,0.19623888888888888,0.22646666666666668,0.1909281746031746,0.002590641011861544,0.21129007936507938,0.025554114988995093,2,8,0,2008-08-14,2008-08-13,149.0,4.206279277801514,500.6098008155823,3.3597973209099483,3.4456193447113037,0.4711624057365671,2.9128057956695557,3.661257743835449,15.0,4.993928570204035,145.0,0.6781244277954102,24.433647394180298,0.1685079130633124,0.11544299125671387,0.15434373122335002,0.05290865898132324,0.23268866539001465,15.0,4.590800946654465,0.6781244277954102,0.6689310073852539,0.6002907752990723,0.5692853927612305,0.5463271141052246,0.027753712610133208,0.9864428709049102,0.00919342041015625,180.0,150.0,30.0,1.0,1.0
2008-08-21,0.18145694444444443,0.18643888888888888,0.19075833333333334,0.19010972222222222,0.18767916666666665,0.23255833333333334,0.1895281746031746,0.001755872295754855,0.20843095238095238,0.025961472451014725,3,8,0,2008-08-21,2008-08-20,149.0,4.206279277801514,489.4374418258667,3.284815045811186,3.4048144817352295,0.49013305929529727,2.85334849357605,3.6240925788879395,15.0,4.992610451625595,143.0,0.6689310073852539,22.867931604385376,0.15991560562507257,0.09799933433532715,0.14955543374688257,0.0517430305480957,0.22558045387268066,15.0,4.567609058404729,0.6689310073852539,0.6002907752990723,0.5692853927612305,0.5463271141052246,0.528656005859375,0.029251924439767575,0.8973881740742061,0.06864023208618164,180.0,150.0,30.0,1.0,1.0
2008-08-22,0.1855027777777778,0.18145694444444443,0.18643888888888888,0.19075833333333334,0.1900375,0.2098611111111111,0.1886392857142857,0.003528304286820318,0.20478085317460318,0.02590057339316763,4,8,0,2008-08-21,2008-08-20,149.0,4.206279277801514,489.4374418258667,3.284815045811186,3.4048144817352295,0.49013305929529727,2.85334849357605,3.6240925788879395,15.0,4.992610451625595,143.0,0.6689310073852539,22.867931604385376,0.15991560562507257,0.09799933433532715,0.14955543374688257,0.0517430305480957,0.22558045387268066,15.0,4.567609058404729,0.6689310073852539,0.6002907752990723,0.5692853927612305,0.5463271141052246,0.528656005859375,0.029251924439767575,0.8973881740742061,0.06864023208618164,180.0,150.0,30.0,1.0,1.0
2008-08-23,0.1768347222222222,0.1855027777777778,0.18145694444444443,0.18643888888888888,0.19084305555555556,0.24925277777777777,0.18799146825396826,0.003643226442228253,0.2030409722222222,0.026347340688080353,5,8,1,2008-08-21,2008-08-20,149.0,4.206279277801514,489.4374418258667,3.284815045811186,3.4048144817352295,0.49013305929529727,2.85334849357605,3.6240925788879395,15.0,4.992610451625595,143.0,0.6689310073852539,22.867931604385376,0.15991560562507257,0.09799933433532715,0.14955543374688257,0.0517430305480957,0.22558045387268066,15.0,4.567609058404729,0.6689310073852539,0.6002907752990723,0.5692853927612305,0.5463271141052246,0.528656005859375,0.029251924439767575,0.8973881740742061,0.06864023208618164,180.0,150.0,30.0,1.0,1.0
2008-08-24,0.1768861111111111,0.1768347222222222,0.1855027777777778,0.18145694444444443,0.19083055555555556,0.24446666666666667,0.18599027777777777,0.00529066287718895,0.19786825396825397,0.02353558527619248,6,8,1,2008-08-21,2008-08-20,149.0,4.206279277801514,489.4374418258667,3.284815045811186,3.4048144817352295,0.49013305929529727,2.85334849357605,3.6240925788879395,15.0,4.992610451625595,143.0,0.6689310073852539,22.867931604385376,0.15991560562507257,0.09799933433532715,0.14955543374688257,0.0517430305480957,0.22558045387268066,15.0,4.567609058404729,0.6689310073852539,0.6002907752990723,0.5692853927612305,0.5463271141052246,0.528656005859375,0.029251924439767575,0.8973881740742061,0.06864023208618164,180.0,150.0,30.0,1.0,1.0
2008-08-25,0.17381805555555555,0.1768861111111111,0.1768347222222222,0.1855027777777778,0.19010972222222222,0.258275,0.18399821428571425,0.005768102303673304,0.19304107142857144,0.01989128846983849,0,8,0,2008-08-21,2008-08-20,149.0,4.206279277801514,489.4374418258667,3.284815045811186,3.4048144817352295,0.49013305929529727,2.85334849357605,3.6240925788879395,15.0,4.992610451625595,143.0,0.6689310073852539,22.867931604385376,0.15991560562507257,0.09799933433532715,0.14955543374688257,0.0517430305480957,0.22558045387268066,15.0,4.567609058404729,0.6689310073852539,0.6002907752990723,0.5692853927612305,0.5463271141052246,0.528656005859375,0.029251924439767575,0.8973881740742061,0.06864023208618164,180.0,150.0,30.0,1.0,1.0
2008-08-26,0.1788638888888889,0.17381805555555555,0.1768861111111111,0.1768347222222222,0.19075833333333334,0.20068333333333332,0.1816708333333333,0.006164335770441572,0.18700843253968255,0.007586345506004047,1,8,0,2008-08-21,2008-08-20,149.0,4.206279277801514,489.4374418258667,3.284815045811186,3.4048144817352295,0.49013305929529727,2.85334849357605,3.6240925788879395,15.0,4.992610451625595,143.0,0.6689310073852539,22.867931604385376,0.15991560562507257,0.09799933433532715,0.14955543374688257,0.0517430305480957,0.22558045387268066,15.0,4.567609058404729,0.6689310073852539,0.6002907752990723,0.5692853927612305,0.5463271141052246,0.528656005859375,0.029251924439767575,0.8973881740742061,0.06864023208618164,180.0,150.0,30.0,1.0,1.0
2008-08-27,0.17924583333333333,0.1788638888888889,0.17381805555555555,0.1768861111111111,0.18643888888888888,0.19623888888888888,0.17997162698412697,0.004709553734844772,0.18544990079365078,0.0067568123941702,2,8,0,2008-08-21,2008-08-20,149.0,4.206279277801514,489.4374418258667,3.284815045811186,3.4048144817352295,0.49013305929529727,2.85334849357605,3.6240925788879395,15.0,4.992610451625595,143.0,0.6689310073852539,22.867931604385376,0.15991560562507257,0.09799933433532715,0.14955543374688257,0.0517430305480957,0.22558045387268066,15.0,4.567609058404729,0.6689310073852539,0.6002907752990723,0.5692853927612305,0.5463271141052246,0.528656005859375,0.029251924439767575,0.8973881740742061,0.06864023208618164,180.0,150.0,30.0,1.0,1.0
2008-08-28,0.18628194444444443,0.17924583333333333,0.1788638888888889,0.17381805555555555,0.18145694444444443,0.18767916666666665,0.1789440476190476,0.00375031649122897,0.1842361111111111,0.006170468576615554,3,8,0,2008-08-28,2008-08-27,149.0,4.206279277801514,477.5559892654419,3.2050737534593416,3.3361048698425293,0.531670782211329,2.7833025455474854,3.5849897861480713,15.0,4.98986675200899,139.0,0.6002907752990723,19.03373122215271,0.13693331814498352,0.09493207931518555,0.12336312033435003,0.047264933586120605,0.191259503364563,14.0,4.570827322091262,0.6002907752990723,0.5074281692504883,0.4798288345336914,0.4445633888244629,0.4390678405761719,0.03153826059077761,0.8453039595647315,0.09286260604858398,180.0,150.0,30.0,1.0,1.0
2008-08-29,0.18582500000000002,0.18628194444444443,0.17924583333333333,0.1788638888888889,0.1855027777777778,0.1900375,0.17963333333333334,0.004629498145947237,0.18413630952380952,0.006121602538982158,4,8,0,2008-08-28,2008-08-27,149.0,4.206279277801514,477.5559892654419,3.2050737534593416,3.3361048698425293,0.531670782211329,2.7833025455474854,3.5849897861480713,15.0,4.98986675200899,139.0,0.6002907752990723,19.03373122215271,0.13693331814498352,0.09493207931518555,0.12336312033435003,0.047264933586120605,0.191259503364563,14.0,4.570827322091262,0.6002907752990723,0.5074281692504883,0.4798288345336914,0.4445633888244629,0.4390678405761719,0.03153826059077761,0.8453039595647315,0.09286260604858398,180.0,150.0,30.0,1.0,1.0
2008-08-30,0.18779444444444443,0.18582500000000002,0.18628194444444443,0.17924583333333333,0.1768347222222222,0.19084305555555556,0.17967936507936508,0.004698670806252321,0.18383541666666667,0.005909069591711297,5,8,1,2008-08-28,2008-08-27,149.0,4.206279277801514,477.5559892654419,3.2050737534593416,3.3361048698425293,0.531670782211329,2.7833025455474854,3.5849897861480713,15.0,4.98986675200899,139.0,0.6002907752990723,19.03373122215271,0.13693331814498352,0.09493207931518555,0.12336312033435003,0.047264933586120605,0.191259503364563,14.0,4.570827322091262,0.6002907752990723,0.5074281692504883,0.4798288345336914,0.4445633888244629,0.4390678405761719,0.03153826059077761,0.8453039595647315,0.09286260604858398,180.0,150.0,30.0,1.0,1.0
2008-08-31,1.04281723419041,0.18779444444444443,0.18582500000000002,0.18628194444444443,0.1768861111111111,0.19083055555555556,0.18124503968253972,0.0053707262924250045,0.18361765873015873,0.005682803909767629,6,8,1,2008-08-28,2008-08-27,149.0,4.206279277801514,477.5559892654419,3.2050737534593416,3.3361048698425293,0.531670782211329,2.7833025455474854,3.5849897861480713,15.0,4.98986675200899,139.0,0.6002907752990723,19.03373122215271,0.13693331814498352,0.09493207931518555,0.12336312033435003,0.047264933586120605,0.191259503364563,14.0,4.570827322091262,0.6002907752990723,0.5074281692504883,0.4798288345336914,0.4445633888244629,0.4390678405761719,0.03153826059077761,0.8453039595647315,0.09286260604858398,180.0,150.0,30.0,1.0,1.0
2008-09-01,0.8663263888888889,1.04281723419041,0.18779444444444443,0.18582500000000002,0.17381805555555555,0.19010972222222222,0.30494948583672526,0.32540774020400737,0.24447385006121977,0.22983991847965413,0,9,0,2008-08-28,2008-08-27,149.0,4.206279277801514,477.5559892654419,3.2050737534593416,3.3361048698425293,0.531670782211329,2.7833025455474854,3.5849897861480713,15.0,4.98986675200899,139.0,0.6002907752990723,19.03373122215271,0.13693331814498352,0.09493207931518555,0.12336312033435003,0.047264933586120605,0.191259503364563,14.0,4.570827322091262,0.6002907752990723,0.5074281692504883,0.4798288345336914,0.4445633888244629,0.4390678405761719,0.03153826059077761,0.8453039595647315,0.09286260604858398,180.0,150.0,30.0,1.0,1.0
2008-09-02,0.9612180555555555,0.8663263888888889,1.04281723419041,0.18779444444444443,0.1788638888888889,0.19075833333333334,0.4038792477414872,0.37964458709148796,0.2927750405374102,0.28254694603503483,1,9,0,2008-08-28,2008-08-27,149.0,4.206279277801514,477.5559892654419,3.2050737534593416,3.3361048698425293,0.531670782211329,2.7833025455474854,3.5849897861480713,15.0,4.98986675200899,139.0,0.6002907752990723,19.03373122215271,0.13693331814498352,0.09493207931518555,0.12336312033435003,0.047264933586120605,0.191259503364563,14.0,4.570827322091262,0.6002907752990723,0.5074281692504883,0.4798288345336914,0.4445633888244629,0.4390678405761719,0.03153826059077761,0.8453039595647315,0.09286260604858398,180.0,150.0,30.0,1.0,1.0
2008-09-03,0.964226388888889,0.9612180555555555,0.8663263888888889,1.04281723419041,0.17924583333333333,0.18643888888888888,0.5156441286938681,0.41579942875605014,0.3478078778389975,0.331875111880697,2,9,0,2008-08-28,2008-08-27,149.0,4.206279277801514,477.5559892654419,3.2050737534593416,3.3361048698425293,0.531670782211329,2.7833025455474854,3.5849897861480713,15.0,4.98986675200899,139.0,0.6002907752990723,19.03373122215271,0.13693331814498352,0.09493207931518555,0.12336312033435003,0.047264933586120605,0.191259503364563,14.0,4.570827322091262,0.6002907752990723,0.5074281692504883,0.4798288345336914,0.4445633888244629,0.4390678405761719,0.03153826059077761,0.8453039595647315,0.09286260604858398,180.0,150.0,30.0,1.0,1.0
2008-09-04,0.8508472222222222,0.964226388888889,0.9612180555555555,0.8663263888888889,0.18628194444444443,0.18145694444444443,0.6277842080589474,0.41580633291700125,0.40336412783899755,0.3661184173596377,3,9,0,2008-09-04,2008-09-03,149.0,4.249056339263916,469.76282489299774,3.152770636865757,3.27687931060791,0.5968034378753129,2.7162938117980957,3.587803363800049,15.0,4.985555949134595,130.0,0.5261468887329102,16.388246059417725,0.12606343122629018,0.07825720310211182,0.11569658651859975,0.043232500553131104,0.18444156646728516,13.0,4.490609784285301,0.5261468887329102,0.5168242454528809,0.4978818893432617,0.4201054573059082,0.4040403366088867,0.03210513723221484,0.9822812916323035,0.009322643280029297,180.0,150.0,30.0,1.0,1.0
2008-09-05,0.6069166666666667,0.8508472222222222,0.964226388888889,0.9612180555555555,0.18582500000000002,0.1855027777777778,0.7227221048843443,0.37173240121956336,0.45117771910883875,0.3784124134473926,4,9,0,2008-09-04,2008-09-03,149.0,4.249056339263916,469.76282489299774,3.152770636865757,3.27687931060791,0.5968034378753129,2.7162938117980957,3.587803363800049,15.0,4.985555949134595,130.0,0.5261468887329102,16.388246059417725,0.12606343122629018,0.07825720310211182,0.11569658651859975,0.043232500553131104,0.18444156646728516,13.0,4.490609784285301,0.5261468887329102,0.5168242454528809,0.4978818893432617,0.4201054573059082,0.4040403366088867,0.03210513723221484,0.9822812916323035,0.009322643280029297,180.0,150.0,30.0,1.0,1.0
2008-09-06,1.2976208333333334,0.6069166666666667,0.8508472222222222,0.964226388888889,0.18779444444444443,0.1768347222222222,0.7828780572652967,0.2969093848124817,0.48127871117233084,0.3723660192373082,5,9,1,2008-09-04,2008-09-03,149.0,4.249056339263916,469.76282489299774,3.152770636865757,3.27687931060791,0.5968034378753129,2.7162938117980957,3.587803363800049,15.0,4.985555949134595,130.0,0.5261468887329102,16.388246059417725,0.12606343122629018,0.07825720310211182,0.11569658651859975,0.043232500553131104,0.18444156646728516,13.0,4.490609784285301,0.5261468887329102,0.5168242454528809,0.4978818893432617,0.4201054573059082,0.4040403366088867,0.03210513723221484,0.9822812916323035,0.009322643280029297,180.0,150.0,30.0,1.0,1.0
2008-09-07,0.9532333333333333,1.2976208333333334,0.6069166666666667,0.8508472222222222,1.04281723419041,0.1768861111111111,0.9414246842494237,0.20968527428361372,0.5613348619659817,0.4193893340562832,6,9,1,2008-09-04,2008-09-03,149.0,4.249056339263916,469.76282489299774,3.152770636865757,3.27687931060791,0.5968034378753129,2.7162938117980957,3.587803363800049,15.0,4.985555949134595,130.0,0.5261468887329102,16.388246059417725,0.12606343122629018,0.07825720310211182,0.11569658651859975,0.043232500553131104,0.18444156646728516,13.0,4.490609784285301,0.5261468887329102,0.5168242454528809,0.4978818893432617,0.4201054573059082,0.4040403366088867,0.03210513723221484,0.9822812916323035,0.009322643280029297,180.0,150.0,30.0,1.0,1.0
2008-09-08,0.9092527777777778,0.9532333333333333,1.2976208333333334,0.6069166666666667,0.8663263888888889,0.17381805555555555,0.9286269841269841,0.20515035649455166,0.6167882349818548,0.4159575490068035,0,9,0,2008-09-04,2008-09-03,149.0,4.249056339263916,469.76282489299774,3.152770636865757,3.27687931060791,0.5968034378753129,2.7162938117980957,3.587803363800049,15.0,4.985555949134595,130.0,0.5261468887329102,16.388246059417725,0.12606343122629018,0.07825720310211182,0.11569658651859975,0.043232500553131104,0.18444156646728516,13.0,4.490609784285301,0.5261468887329102,0.5168242454528809,0.4978818893432617,0.4201054573059082,0.4040403366088867,0.03210513723221484,0.9822812916323035,0.009322643280029297,180.0,150.0,30.0,1.0,1.0
2008-09-09,0.8053152777777778,0.9092527777777778,0.9532333333333333,1.2976208333333334,0.9612180555555555,0.1788638888888889,0.9347593253968255,0.20361351013523227,0.6693192865691563,0.4019135616105711,1,9,0,2008-09-04,2008-09-03,149.0,4.249056339263916,469.76282489299774,3.152770636865757,3.27687931060791,0.5968034378753129,2.7162938117980957,3.587803363800049,15.0,4.985555949134595,130.0,0.5261468887329102,16.388246059417725,0.12606343122629018,0.07825720310211182,0.11569658651859975,0.043232500553131104,0.18444156646728516,13.0,4.490609784285301,0.5261468887329102,0.5168242454528809,0.4978818893432617,0.4201054573059082,0.4040403366088867,0.03210513723221484,0.9822812916323035,0.009322643280029297,180.0,150.0,30.0,1.0,1.0
2008-09-10,0.9033083333333333,0.8053152777777778,0.9092527777777778,0.9532333333333333,0.964226388888889,0.17924583333333333,0.9124875,0.20870003460883935,0.714065814346934,0.3772232078594631,2,9,0,2008-09-04,2008-09-03,149.0,4.249056339263916,469.76282489299774,3.152770636865757,3.27687931060791,0.5968034378753129,2.7162938117980957,3.587803363800049,15.0,4.985555949134595,130.0,0.5261468887329102,16.388246059417725,0.12606343122629018,0.07825720310211182,0.11569658651859975,0.043232500553131104,0.18444156646728516,13.0,4.490609784285301,0.5261468887329102,0.5168242454528809,0.4978818893432617,0.4201054573059082,0.4040403366088867,0.03210513723221484,0.9822812916323035,0.009322643280029297,180.0,150.0,30.0,1.0,1.0
2008-09-11,0.7143847222222222,0.9033083333333333,0.8053152777777778,0.9092527777777778,0.8508472222222222,0.18628194444444443,0.9037849206349208,0.2074493620695515,0.765784564346934,0.34665414404653233,3,9,0,2008-09-11,2008-09-10,149.0,4.290354251861572,465.43592035770416,3.1237310091121087,3.054251194000244,0.6300516224822169,2.6212878227233887,3.5444416999816895,15.0,4.983358140513122,119.0,0.4040403366088867,12.819087028503418,0.10772342040759175,0.07518219947814941,0.09208925260986606,0.03936898708343506,0.15392565727233887,12.0,4.437024219557432,0.4040403366088867,0.3554418087005615,0.35498523712158203,0.3287975788116455,0.32385754585266113,0.0315186515007268,0.8797186233527747,0.048598527908325195,180.0,150.0,30.0,1.0,1.0
2008-09-12,0.9671958333333333,0.7143847222222222,0.9033083333333333,0.8053152777777778,0.6069166666666667,0.18582500000000002,0.8842902777777777,0.21932516745805594,0.803506191331061,0.30497112144547295,4,9,0,2008-09-11,2008-09-10,149.0,4.290354251861572,465.43592035770416,3.1237310091121087,3.054251194000244,0.6300516224822169,2.6212878227233887,3.5444416999816895,15.0,4.983358140513122,119.0,0.4040403366088867,12.819087028503418,0.10772342040759175,0.07518219947814941,0.09208925260986606,0.03936898708343506,0.15392565727233887,12.0,4.437024219557432,0.4040403366088867,0.3554418087005615,0.35498523712158203,0.3287975788116455,0.32385754585266113,0.0315186515007268,0.8797186233527747,0.048598527908325195,180.0,150.0,30.0,1.0,1.0
2008-09-13,1.1329416666666665,0.9671958333333333,0.7143847222222222,0.9033083333333333,1.2976208333333334,0.18779444444444443,0.93575873015873,0.18258120309912876,0.8593183937120134,0.24973065823222756,5,9,1,2008-09-11,2008-09-10,149.0,4.290354251861572,465.43592035770416,3.1237310091121087,3.054251194000244,0.6300516224822169,2.6212878227233887,3.5444416999816895,15.0,4.983358140513122,119.0,0.4040403366088867,12.819087028503418,0.10772342040759175,0.07518219947814941,0.09208925260986606,0.03936898708343506,0.15392565727233887,12.0,4.437024219557432,0.4040403366088867,0.3554418087005615,0.35498523712158203,0.3287975788116455,0.32385754585266113,0.0315186515007268,0.8797186233527747,0.048598527908325195,180.0,150.0,30.0,1.0,1.0
2008-09-14,1.0946708333333333,1.1329416666666665,0.9671958333333333,0.7143847222222222,0.9532333333333333,1.04281723419041,0.912233134920635,0.13170556028983113,0.9268289095850292,0.16890327821855144,6,9,1,2008-09-11,2008-09-10,149.0,4.290354251861572,465.43592035770416,3.1237310091121087,3.054251194000244,0.6300516224822169,2.6212878227233887,3.5444416999816895,15.0,4.983358140513122,119.0,0.4040403366088867,12.819087028503418,0.10772342040759175,0.07518219947814941,0.09208925260986606,0.03936898708343506,0.15392565727233887,12.0,4.437024219557432,0.4040403366088867,0.3554418087005615,0.35498523712158203,0.3287975788116455,0.32385754585266113,0.0315186515007268,0.8797186233527747,0.048598527908325195,180.0,150.0,30.0,1.0,1.0
2008-09-15,1.178963888888889,1.0946708333333333,1.1329416666666665,0.9671958333333333,0.9092527777777778,0.8663263888888889,0.9324384920634919,0.14878554477216513,0.9305327380952381,0.17217917527804483,0,9,0,2008-09-11,2008-09-10,149.0,4.290354251861572,465.43592035770416,3.1237310091121087,3.054251194000244,0.6300516224822169,2.6212878227233887,3.5444416999816895,15.0,4.983358140513122,119.0,0.4040403366088867,12.819087028503418,0.10772342040759175,0.07518219947814941,0.09208925260986606,0.03936898708343506,0.15392565727233887,12.0,4.437024219557432,0.4040403366088867,0.3554418087005615,0.35498523712158203,0.3287975788116455,0.32385754585266113,0.0315186515007268,0.8797186233527747,0.048598527908325195,180.0,150.0,30.0,1.0,1.0
2008-09-16,0.8485152777777778,1.178963888888889,1.0946708333333333,1.1329416666666665,0.8053152777777778,0.9612180555555555,0.9709686507936508,0.1744840069125166,0.9528639880952381,0.1831367048088005,1,9,0,2008-09-11,2008-09-10,149.0,4.290354251861572,465.43592035770416,3.1237310091121087,3.054251194000244,0.6300516224822169,2.6212878227233887,3.5444416999816895,15.0,4.983358140513122,119.0,0.4040403366088867,12.819087028503418,0.10772342040759175,0.07518219947814941,0.09208925260986606,0.03936898708343506,0.15392565727233887,12.0,4.437024219557432,0.4040403366088867,0.3554418087005615,0.35498523712158203,0.3287975788116455,0.32385754585266113,0.0315186515007268,0.8797186233527747,0.048598527908325195,180.0,150.0,30.0,1.0,1.0
2008-09-17,1.0550069444444445,0.8485152777777778,1.178963888888889,1.0946708333333333,0.9033083333333333,0.964226388888889,0.9771400793650793,0.16830289899792072,0.9448137896825397,0.18520659308872994,2,9,0,2008-09-11,2008-09-10,149.0,4.290354251861572,465.43592035770416,3.1237310091121087,3.054251194000244,0.6300516224822169,2.6212878227233887,3.5444416999816895,15.0,4.983358140513122,119.0,0.4040403366088867,12.819087028503418,0.10772342040759175,0.07518219947814941,0.09208925260986606,0.03936898708343506,0.15392565727233887,12.0,4.437024219557432,0.4040403366088867,0.3554418087005615,0.35498523712158203,0.3287975788116455,0.32385754585266113,0.0315186515007268,0.8797186233527747,0.048598527908325195,180.0,150.0,30.0,1.0,1.0
2008-09-18,1.0453402777777778,1.0550069444444445,0.8485152777777778,1.178963888888889,0.7143847222222222,0.8508472222222222,0.9988113095238094,0.16697296253469182,0.951298115079365,0.18751334296984656,3,9,0,2008-09-18,2008-09-17,149.0,4.290354251861572,459.9820238351822,3.087127676746189,3.0017623901367188,0.6137958794826632,2.6212878227233887,3.488231897354126,15.0,4.98408061761871,113.0,0.7795014381408691,13.053205490112305,0.11551509283285226,0.07595372200012207,0.11189396673989117,0.040604352951049805,0.16193532943725586,12.0,4.347483144457574,0.7795014381408691,0.4040403366088867,0.3554418087005615,0.35498523712158203,0.3287975788116455,0.05971724253719403,0.5183317398009338,0.3754611015319824,180.0,150.0,30.0,1.0,1.0
2008-09-19,1.0547541666666667,1.0453402777777778,1.0550069444444445,0.8485152777777778,0.9671958333333333,0.6069166666666667,1.0460906746031744,0.11022621745926786,0.9651904761904762,0.18670171150389167,4,9,0,2008-09-18,2008-09-17,149.0,4.290354251861572,459.9820238351822,3.087127676746189,3.0017623901367188,0.6137958794826632,2.6212878227233887,3.488231897354126,15.0,4.98408061761871,113.0,0.7795014381408691,13.053205490112305,0.11551509283285226,0.07595372200012207,0.11189396673989117,0.040604352951049805,0.16193532943725586,12.0,4.347483144457574,0.7795014381408691,0.4040403366088867,0.3554418087005615,0.35498523712158203,0.3287975788116455,0.05971724253719403,0.5183317398009338,0.3754611015319824,180.0,150.0,30.0,1.0,1.0
2008-09-20,0.9059722222222222,1.0547541666666667,1.0453402777777778,1.0550069444444445,1.1329416666666665,1.2976208333333334,1.058599007936508,0.10460589960144331,0.997178869047619,0.15652077969569358,5,9,1,2008-09-18,2008-09-17,149.0,4.290354251861572,459.9820238351822,3.087127676746189,3.0017623901367188,0.6137958794826632,2.6212878227233887,3.488231897354126,15.0,4.98408061761871,113.0,0.7795014381408691,13.053205490112305,0.11551509283285226,0.07595372200012207,0.11189396673989117,0.040604352951049805,0.16193532943725586,12.0,4.347483144457574,0.7795014381408691,0.4040403366088867,0.3554418087005615,0.35498523712158203,0.3287975788116455,0.05971724253719403,0.5183317398009338,0.3754611015319824,180.0,150.0,30.0,1.0,1.0
2008-09-21,1.0646319444444443,0.9059722222222222,1.0547541666666667,1.0453402777777778,1.0946708333333333,0.9532333333333333,1.0261748015873016,0.11259304751873514,0.9692039682539682,0.13172837895124367,6,9,1,2008-09-18,2008-09-17,149.0,4.290354251861572,459.9820238351822,3.087127676746189,3.0017623901367188,0.6137958794826632,2.6212878227233887,3.488231897354126,15.0,4.98408061761871,113.0,0.7795014381408691,13.053205490112305,0.11551509283285226,0.07595372200012207,0.11189396673989117,0.040604352951049805,0.16193532943725586,12.0,4.347483144457574,0.7795014381408691,0.4040403366088867,0.3554418087005615,0.35498523712158203,0.3287975788116455,0.05971724253719403,0.5183317398009338,0.3754611015319824,180.0,150.0,30.0,1.0,1.0
2008-09-22,0.9434472222222223,1.0646319444444443,0.9059722222222222,1.0547541666666667,1.178963888888889,0.9092527777777778,1.0218835317460317,0.11009201196511637,0.9771610119047619,0.13403380443965646,0,9,0,2008-09-18,2008-09-17,149.0,4.290354251861572,459.9820238351822,3.087127676746189,3.0017623901367188,0.6137958794826632,2.6212878227233887,3.488231897354126,15.0,4.98408061761871,113.0,0.7795014381408691,13.053205490112305,0.11551509283285226,0.07595372200012207,0.11189396673989117,0.040604352951049805,0.16193532943725586,12.0,4.347483144457574,0.7795014381408691,0.4040403366088867,0.3554418087005615,0.35498523712158203,0.3287975788116455,0.05971724253719403,0.5183317398009338,0.3754611015319824,180.0,150.0,30.0,1.0,1.0
2008-09-23,0.8561027777777778,0.9434472222222223,1.0646319444444443,0.9059722222222222,0.8485152777777778,0.8053152777777778,0.9882382936507936,0.087821322693062,0.9796034722222222,0.1330087800173834,1,9,0,2008-09-18,2008-09-17,149.0,4.290354251861572,459.9820238351822,3.087127676746189,3.0017623901367188,0.6137958794826632,2.6212878227233887,3.488231897354126,15.0,4.98408061761871,113.0,0.7795014381408691,13.053205490112305,0.11551509283285226,0.07595372200012207,0.11189396673989117,0.040604352951049805,0.16193532943725586,12.0,4.347483144457574,0.7795014381408691,0.4040403366088867,0.3554418087005615,0.35498523712158203,0.3287975788116455,0.05971724253719403,0.5183317398009338,0.3754611015319824,180.0,150.0,30.0,1.0,1.0
2008-09-24,1.193298611111111,0.8561027777777778,0.9434472222222223,1.0646319444444443,1.0550069444444445,0.9033083333333333,0.9893222222222222,0.0858337126849496,0.9832311507936508,0.12850596166427275,2,9,0,2008-09-18,2008-09-17,149.0,4.290354251861572,459.9820238351822,3.087127676746189,3.0017623901367188,0.6137958794826632,2.6212878227233887,3.488231897354126,15.0,4.98408061761871,113.0,0.7795014381408691,13.053205490112305,0.11551509283285226,0.07595372200012207,0.11189396673989117,0.040604352951049805,0.16193532943725586,12.0,4.347483144457574,0.7795014381408691,0.4040403366088867,0.3554418087005615,0.35498523712158203,0.3287975788116455,0.05971724253719403,0.5183317398009338,0.3754611015319824,180.0,150.0,30.0,1.0,1.0
2008-09-25,0.7855694444444444,1.193298611111111,0.8561027777777778,0.9434472222222223,1.0453402777777778,0.7143847222222222,1.0090781746031745,0.11457483603092992,1.003944742063492,0.13767663044799794,3,9,0,2008-09-25,2008-09-24,149.0,4.290354251861572,453.1386698484421,3.0411991264996114,3.0017623901367188,0.5672684506491174,2.6212878227233887,3.442772626876831,15.0,4.986424831061356,114.0,2.4067001342773438,14.745922565460205,0.1293501979426334,0.07556796073913574,0.2332854455896952,0.041220128536224365,0.16034477949142456,12.0,4.120864012644218,2.4067001342773438,0.4040403366088867,0.3554418087005615,0.35498523712158203,0.3287975788116455,0.16321122829673784,0.16788146178011798,2.002659797668457,180.0,150.0,30.0,1.0,1.0
2008-09-26,0.9940625000000001,0.7855694444444444,1.193298611111111,0.8561027777777778,1.0547541666666667,0.9671958333333333,0.9719680555555555,0.1400984440131945,1.0090293650793651,0.12706567879899175,4,9,0,2008-09-25,2008-09-24,149.0,4.290354251861572,453.1386698484421,3.0411991264996114,3.0017623901367188,0.5672684506491174,2.6212878227233887,3.442772626876831,15.0,4.986424831061356,114.0,2.4067001342773438,14.745922565460205,0.1293501979426334,0.07556796073913574,0.2332854455896952,0.041220128536224365,0.16034477949142456,12.0,4.120864012644218,2.4067001342773438,0.4040403366088867,0.3554418087005615,0.35498523712158203,0.3287975788116455,0.16321122829673784,0.16788146178011798,2.002659797668457,180.0,150.0,30.0,1.0,1.0
2008-09-27,1.4773930555555554,0.9940625000000001,0.7855694444444444,1.193298611111111,0.9059722222222222,1.1329416666666665,0.9632978174603174,0.1359373980744565,1.0109484126984127,0.12658725532268253,5,9,1,2008-09-25,2008-09-24,149.0,4.290354251861572,453.1386698484421,3.0411991264996114,3.0017623901367188,0.5672684506491174,2.6212878227233887,3.442772626876831,15.0,4.986424831061356,114.0,2.4067001342773438,14.745922565460205,0.1293501979426334,0.07556796073913574,0.2332854455896952,0.041220128536224365,0.16034477949142456,12.0,4.120864012644218,2.4067001342773438,0.4040403366088867,0.3554418087005615,0.35498523712158203,0.3287975788116455,0.16321122829673784,0.16788146178011798,2.002659797668457,180.0,150.0,30.0,1.0,1.0
2008-09-28,1.2021555555555556,1.4773930555555554,0.9940625000000001,0.7855694444444444,1.0646319444444443,1.0946708333333333,1.0449293650793652,0.2328216700136084,1.0355520833333334,0.17596542799567005,6,9,1,2008-09-25,2008-09-24,149.0,4.290354251861572,453.1386698484421,3.0411991264996114,3.0017623901367188,0.5672684506491174,2.6212878227233887,3.442772626876831,15.0,4.986424831061356,114.0,2.4067001342773438,14.745922565460205,0.1293501979426334,0.07556796073913574,0.2332854455896952,0.041220128536224365,0.16034477949142456,12.0,4.120864012644218,2.4067001342773438,0.4040403366088867,0.3554418087005615,0.35498523712158203,0.3287975788116455,0.16321122829673784,0.16788146178011798,2.002659797668457,180.0,150.0,30.0,1.0,1.0
2008-09-29,1.0428736111111112,1.2021555555555556,1.4773930555555554,0.9940625000000001,0.9434472222222223,1.178963888888889,1.0645755952380953,0.24043905776357807,1.0432295634920636,0.18101557361364537,0,9,0,2008-09-25,2008-09-24,149.0,4.290354251861572,453.1386698484421,3.0411991264996114,3.0017623901367188,0.5672684506491174,2.6212878227233887,3.442772626876831,15.0,4.986424831061356,114.0,2.4067001342773438,14.745922565460205,0.1293501979426334,0.07556796073913574,0.2332854455896952,0.041220128536224365,0.16034477949142456,12.0,4.120864012644218,2.4067001342773438,0.4040403366088867,0.3554418087005615,0.35498523712158203,0.3287975788116455,0.16321122829673784,0.16788146178011798,2.002659797668457,180.0,150.0,30.0,1.0,1.0
2008-09-30,0.9548652777777779,1.0428736111111112,1.2021555555555556,1.4773930555555554,0.8561027777777778,0.8485152777777778,1.0787793650793651,0.23496535447134642,1.0335088293650794,0.17677010597914652,1,9,0,2008-09-25,2008-09-24,149.0,4.290354251861572,453.1386698484421,3.0411991264996114,3.0017623901367188,0.5672684506491174,2.6212878227233887,3.442772626876831,15.0,4.986424831061356,114.0,2.4067001342773438,14.745922565460205,0.1293501979426334,0.07556796073913574,0.2332854455896952,0.041220128536224365,0.16034477949142456,12.0,4.120864012644218,2.4067001342773438,0.4040403366088867,0.3554418087005615,0.35498523712158203,0.3287975788116455,0.16321122829673784,0.16788146178011798,2.002659797668457,180.0,150.0,30.0,1.0,1.0
2008-10-01,1.3002527777777777,0.9548652777777779,1.0428736111111112,1.2021555555555556,1.193298611111111,1.0550069444444445,1.0928882936507938,0.22197173703444825,1.0411052579365079,0.17037831856494498,2,10,0,2008-09-25,2008-09-24,149.0,4.290354251861572,453.1386698484421,3.0411991264996114,3.0017623901367188,0.5672684506491174,2.6212878227233887,3.442772626876831,15.0,4.986424831061356,114.0,2.4067001342773438,14.745922565460205,0.1293501979426334,0.07556796073913574,0.2332854455896952,0.041220128536224365,0.16034477949142456,12.0,4.120864012644218,2.4067001342773438,0.4040403366088867,0.3554418087005615,0.35498523712158203,0.3287975788116455,0.16321122829673784,0.16788146178011798,2.002659797668457,180.0,150.0,30.0,1.0,1.0
2008-10-02,0.9342652777777778,1.3002527777777777,0.9548652777777779,1.0428736111111112,0.7855694444444444,1.0453402777777778,1.1081674603174603,0.23342105701182855,1.0586228174603176,0.18398204351135125,3,10,0,2008-10-02,2008-10-01,149.0,4.159387588500977,444.02728402614594,2.980048886081516,2.9744038581848145,0.5023790575200546,2.6212878227233887,3.3361048698425293,15.0,4.989515966522897,114.0,3.0318105220794678,14.453466176986694,0.12678479102619908,0.07230889797210693,0.2870935777599442,0.03850996494293213,0.13896584510803223,12.0,3.9769562002767445,3.0318105220794678,0.37429022789001465,0.3559398651123047,0.3554418087005615,0.354475736618042,0.20976356016986575,0.123454360080951,2.657520294189453,180.0,150.0,30.0,1.0,1.0
2008-10-03,1.1198472222222222,0.9342652777777778,1.3002527777777777,0.9548652777777779,0.9940625000000001,1.0547541666666667,1.1294097222222221,0.2040940112424343,1.050688888888889,0.18696960078895805,4,10,0,2008-10-02,2008-10-01,149.0,4.159387588500977,444.02728402614594,2.980048886081516,2.9744038581848145,0.5023790575200546,2.6212878227233887,3.3361048698425293,15.0,4.989515966522897,114.0,3.0318105220794678,14.453466176986694,0.12678479102619908,0.07230889797210693,0.2870935777599442,0.03850996494293213,0.13896584510803223,12.0,3.9769562002767445,3.0318105220794678,0.37429022789001465,0.3559398651123047,0.3554418087005615,0.354475736618042,0.20976356016986575,0.123454360080951,2.657520294189453,180.0,150.0,30.0,1.0,1.0
2008-10-04,1.4586777777777777,1.1198472222222222,0.9342652777777778,1.3002527777777777,1.4773930555555554,0.9059722222222222,1.1473789682539681,0.1955498686492759,1.055338392857143,0.18788558490890409,5,10,1,2008-10-02,2008-10-01,149.0,4.159387588500977,444.02728402614594,2.980048886081516,2.9744038581848145,0.5023790575200546,2.6212878227233887,3.3361048698425293,15.0,4.989515966522897,114.0,3.0318105220794678,14.453466176986694,0.12678479102619908,0.07230889797210693,0.2870935777599442,0.03850996494293213,0.13896584510803223,12.0,3.9769562002767445,3.0318105220794678,0.37429022789001465,0.3559398651123047,0.3554418087005615,0.354475736618042,0.20976356016986575,0.123454360080951,2.657520294189453,180.0,150.0,30.0,1.0,1.0
2008-10-05,1.0763541666666667,1.4586777777777777,1.1198472222222222,0.9342652777777778,1.2021555555555556,1.0646319444444443,1.1447053571428571,0.19034447736989968,1.0948173611111112,0.21076145294762821,6,10,1,2008-10-02,2008-10-01,149.0,4.159387588500977,444.02728402614594,2.980048886081516,2.9744038581848145,0.5023790575200546,2.6212878227233887,3.3361048698425293,15.0,4.989515966522897,114.0,3.0318105220794678,14.453466176986694,0.12678479102619908,0.07230889797210693,0.2870935777599442,0.03850996494293213,0.13896584510803223,12.0,3.9769562002767445,3.0318105220794678,0.37429022789001465,0.3559398651123047,0.3554418087005615,0.354475736618042,0.20976356016986575,0.123454360080951,2.657520294189453,180.0,150.0,30.0,1.0,1.0
2008-10-06,0.9887374999999999,1.0763541666666667,1.4586777777777777,1.1198472222222222,1.0428736111111112,0.9434472222222223,1.1267337301587301,0.18995465454417398,1.0956546626984127,0.21065556754062537,0,10,0,2008-10-02,2008-10-01,149.0,4.159387588500977,444.02728402614594,2.980048886081516,2.9744038581848145,0.5023790575200546,2.6212878227233887,3.3361048698425293,15.0,4.989515966522897,114.0,3.0318105220794678,14.453466176986694,0.12678479102619908,0.07230889797210693,0.2870935777599442,0.03850996494293213,0.13896584510803223,12.0,3.9769562002767445,3.0318105220794678,0.37429022789001465,0.3559398651123047,0.3554418087005615,0.354475736618042,0.20976356016986575,0.123454360080951,2.657520294189453,180.0,150.0,30.0,1.0,1.0
2008-10-07,1.1990055555555554,0.9887374999999999,1.0763541666666667,1.4586777777777777,0.9548652777777779,0.8561027777777778,1.119,0.19497366941638672,1.0988896825396826,0.208474799355509,1,10,0,2008-10-02,2008-10-01,149.0,4.159387588500977,444.02728402614594,2.980048886081516,2.9744038581848145,0.5023790575200546,2.6212878227233887,3.3361048698425293,15.0,4.989515966522897,114.0,3.0318105220794678,14.453466176986694,0.12678479102619908,0.07230889797210693,0.2870935777599442,0.03850996494293213,0.13896584510803223,12.0,3.9769562002767445,3.0318105220794678,0.37429022789001465,0.3559398651123047,0.3554418087005615,0.354475736618042,0.20976356016986575,0.123454360080951,2.657520294189453,180.0,150.0,30.0,1.0,1.0
2008-10-08,1.2920666666666667,1.1990055555555554,0.9887374999999999,1.0763541666666667,1.3002527777777777,1.193298611111111,1.1538771825396825,0.1821328029404123,1.1233827380952381,0.19761688180800654,2,10,0,2008-10-02,2008-10-01,149.0,4.159387588500977,444.02728402614594,2.980048886081516,2.9744038581848145,0.5023790575200546,2.6212878227233887,3.3361048698425293,15.0,4.989515966522897,114.0,3.0318105220794678,14.453466176986694,0.12678479102619908,0.07230889797210693,0.2870935777599442,0.03850996494293213,0.13896584510803223,12.0,3.9769562002767445,3.0318105220794678,0.37429022789001465,0.3559398651123047,0.3554418087005615,0.354475736618042,0.20976356016986575,0.123454360080951,2.657520294189453,180.0,150.0,30.0,1.0,1.0
2008-10-09,1.3775569444444444,1.2920666666666667,1.1990055555555554,0.9887374999999999,0.9342652777777778,0.7855694444444444,1.152707738095238,0.18105942527312277,1.1304375992063493,0.20201882228116866,3,10,0,2008-10-09,2008-10-08,149.0,4.024791717529297,432.22103011608124,2.900812282658263,2.9129152297973633,0.4307907946310909,2.596161127090454,3.196253776550293,15.0,4.992632331746665,99.0,3.0318105220794678,13.959304571151733,0.14100307647628013,0.0764162540435791,0.30749442765589,0.041053175926208496,0.15010738372802734,10.0,3.846073527516568,3.0318105220794678,0.4285094738006592,0.36930227279663086,0.3554418087005615,0.34503793716430664,0.2171892236197067,0.1413378147084046,2.6033010482788086,180.0,150.0,30.0,1.0,1.0
2008-10-10,1.0544013888888888,1.3775569444444444,1.2920666666666667,1.1990055555555554,1.1198472222222222,0.9940625000000001,1.216035119047619,0.1690476509546492,1.1727224206349207,0.18556622291348263,4,10,0,2008-10-09,2008-10-08,149.0,4.024791717529297,432.22103011608124,2.900812282658263,2.9129152297973633,0.4307907946310909,2.596161127090454,3.196253776550293,15.0,4.992632331746665,99.0,3.0318105220794678,13.959304571151733,0.14100307647628013,0.0764162540435791,0.30749442765589,0.041053175926208496,0.15010738372802734,10.0,3.846073527516568,3.0318105220794678,0.4285094738006592,0.36930227279663086,0.3554418087005615,0.34503793716430664,0.2171892236197067,0.1413378147084046,2.6033010482788086,180.0,150.0,30.0,1.0,1.0
2008-10-11,1.1592958333333334,1.0544013888888888,1.3775569444444444,1.2920666666666667,1.4586777777777777,1.4773930555555554,1.2066857142857141,0.17688231558639383,1.1770323412698414,0.18175916940424028,5,10,1,2008-10-09,2008-10-08,149.0,4.024791717529297,432.22103011608124,2.900812282658263,2.9129152297973633,0.4307907946310909,2.596161127090454,3.196253776550293,15.0,4.992632331746665,99.0,3.0318105220794678,13.959304571151733,0.14100307647628013,0.0764162540435791,0.30749442765589,0.041053175926208496,0.15010738372802734,10.0,3.846073527516568,3.0318105220794678,0.4285094738006592,0.36930227279663086,0.3554418087005615,0.34503793716430664,0.2171892236197067,0.1413378147084046,2.6033010482788086,180.0,150.0,30.0,1.0,1.0
2008-10-12,1.3249583333333335,1.1592958333333334,1.0544013888888888,1.3775569444444444,1.0763541666666667,1.2021555555555556,1.163916865079365,0.13763823410173942,1.154311111111111,0.15989025285184377,6,10,1,2008-10-09,2008-10-08,149.0,4.024791717529297,432.22103011608124,2.900812282658263,2.9129152297973633,0.4307907946310909,2.596161127090454,3.196253776550293,15.0,4.992632331746665,99.0,3.0318105220794678,13.959304571151733,0.14100307647628013,0.0764162540435791,0.30749442765589,0.041053175926208496,0.15010738372802734,10.0,3.846073527516568,3.0318105220794678,0.4285094738006592,0.36930227279663086,0.3554418087005615,0.34503793716430664,0.2171892236197067,0.1413378147084046,2.6033010482788086,180.0,150.0,30.0,1.0,1.0
2008-10-13,1.015261111111111,1.3249583333333335,1.1592958333333334,1.0544013888888888,0.9887374999999999,1.0428736111111112,1.199431746031746,0.14323854339325037,1.163082738095238,0.16596983318803324,0,10,0,2008-10-09,2008-10-08,149.0,4.024791717529297,432.22103011608124,2.900812282658263,2.9129152297973633,0.4307907946310909,2.596161127090454,3.196253776550293,15.0,4.992632331746665,99.0,3.0318105220794678,13.959304571151733,0.14100307647628013,0.0764162540435791,0.30749442765589,0.041053175926208496,0.15010738372802734,10.0,3.846073527516568,3.0318105220794678,0.4285094738006592,0.36930227279663086,0.3554418087005615,0.34503793716430664,0.2171892236197067,0.1413378147084046,2.6033010482788086,180.0,150.0,30.0,1.0,1.0
2008-10-14,1.1174,1.015261111111111,1.3249583333333335,1.1592958333333334,1.1990055555555554,0.9548652777777779,1.2032208333333334,0.1369488584950912,1.1611104166666666,0.16766366294517876,1,10,0,2008-10-09,2008-10-08,149.0,4.024791717529297,432.22103011608124,2.900812282658263,2.9129152297973633,0.4307907946310909,2.596161127090454,3.196253776550293,15.0,4.992632331746665,99.0,3.0318105220794678,13.959304571151733,0.14100307647628013,0.0764162540435791,0.30749442765589,0.041053175926208496,0.15010738372802734,10.0,3.846073527516568,3.0318105220794678,0.4285094738006592,0.36930227279663086,0.3554418087005615,0.34503793716430664,0.2171892236197067,0.1413378147084046,2.6033010482788086,180.0,150.0,30.0,1.0,1.0
2008-10-15,1.4978444444444445,1.1174,1.015261111111111,1.3249583333333335,1.2920666666666667,1.3002527777777777,1.1915628968253968,0.14078709312325305,1.1727200396825397,0.15760977290481984,2,10,0,2008-10-09,2008-10-08,149.0,4.024791717529297,432.22103011608124,2.900812282658263,2.9129152297973633,0.4307907946310909,2.596161127090454,3.196253776550293,15.0,4.992632331746665,99.0,3.0318105220794678,13.959304571151733,0.14100307647628013,0.0764162540435791,0.30749442765589,0.041053175926208496,0.15010738372802734,10.0,3.846073527516568,3.0318105220794678,0.4285094738006592,0.36930227279663086,0.3554418087005615,0.34503793716430664,0.2171892236197067,0.1413378147084046,2.6033010482788086,180.0,150.0,30.0,1.0,1.0
2008-10-16,1.0997777777777777,1.4978444444444445,1.1174,1.015261111111111,1.3775569444444444,0.9342652777777778,1.2209597222222222,0.18100837862573554,1.1868337301587302,0.1775004785168245,3,10,0,2008-10-16,2008-10-15,149.0,3.7049224376678467,424.5550254583359,2.8493625869686974,2.8613357543945312,0.39821654099215037,2.5536067485809326,3.14833402633667,15.0,4.993922145880044,103.0,3.0318105220794678,13.428118228912354,0.13037007989235294,0.07578706741333008,0.29860762592047657,0.04591774940490723,0.1338193416595459,11.0,3.8956896706743764,3.0318105220794678,0.4285094738006592,0.3554418087005615,0.34503793716430664,0.29886555671691895,0.22578074383882138,0.1413378147084046,2.6033010482788086,180.0,150.0,30.0,1.0,1.0
2008-10-17,1.296448611111111,1.0997777777777777,1.4978444444444445,1.1174,1.0544013888888888,1.1198472222222222,1.1812769841269841,0.17113519729966833,1.1986560515873015,0.16441379131969724,4,10,0,2008-10-16,2008-10-15,149.0,3.7049224376678467,424.5550254583359,2.8493625869686974,2.8613357543945312,0.39821654099215037,2.5536067485809326,3.14833402633667,15.0,4.993922145880044,103.0,3.0318105220794678,13.428118228912354,0.13037007989235294,0.07578706741333008,0.29860762592047657,0.04591774940490723,0.1338193416595459,11.0,3.8956896706743764,3.0318105220794678,0.4285094738006592,0.3554418087005615,0.34503793716430664,0.29886555671691895,0.22578074383882138,0.1413378147084046,2.6033010482788086,180.0,150.0,30.0,1.0,1.0
2008-10-18,1.5549930555555556,1.296448611111111,1.0997777777777777,1.4978444444444445,1.1592958333333334,1.4586777777777777,1.2158551587301587,0.1655903934470615,1.2112704365079365,0.1646767152997469,5,10,1,2008-10-16,2008-10-15,149.0,3.7049224376678467,424.5550254583359,2.8493625869686974,2.8613357543945312,0.39821654099215037,2.5536067485809326,3.14833402633667,15.0,4.993922145880044,103.0,3.0318105220794678,13.428118228912354,0.13037007989235294,0.07578706741333008,0.29860762592047657,0.04591774940490723,0.1338193416595459,11.0,3.8956896706743764,3.0318105220794678,0.4285094738006592,0.3554418087005615,0.34503793716430664,0.29886555671691895,0.22578074383882138,0.1413378147084046,2.6033010482788086,180.0,150.0,30.0,1.0,1.0
2008-10-19,1.3693986111111112,1.5549930555555556,1.296448611111111,1.0997777777777777,1.3249583333333335,1.0763541666666667,1.2723833333333334,0.2057379338372637,1.2181500992063492,0.17733317122380957,6,10,1,2008-10-16,2008-10-15,149.0,3.7049224376678467,424.5550254583359,2.8493625869686974,2.8613357543945312,0.39821654099215037,2.5536067485809326,3.14833402633667,15.0,4.993922145880044,103.0,3.0318105220794678,13.428118228912354,0.13037007989235294,0.07578706741333008,0.29860762592047657,0.04591774940490723,0.1338193416595459,11.0,3.8956896706743764,3.0318105220794678,0.4285094738006592,0.3554418087005615,0.34503793716430664,0.29886555671691895,0.22578074383882138,0.1413378147084046,2.6033010482788086,180.0,150.0,30.0,1.0,1.0
2008-10-20,1.158023611111111,1.3693986111111112,1.5549930555555556,1.296448611111111,1.015261111111111,0.9887374999999999,1.2787319444444445,0.2083003776495922,1.2390818452380952,0.1766020713776269,0,10,0,2008-10-16,2008-10-15,149.0,3.7049224376678467,424.5550254583359,2.8493625869686974,2.8613357543945312,0.39821654099215037,2.5536067485809326,3.14833402633667,15.0,4.993922145880044,103.0,3.0318105220794678,13.428118228912354,0.13037007989235294,0.07578706741333008,0.29860762592047657,0.04591774940490723,0.1338193416595459,11.0,3.8956896706743764,3.0318105220794678,0.4285094738006592,0.3554418087005615,0.34503793716430664,0.29886555671691895,0.22578074383882138,0.1413378147084046,2.6033010482788086,180.0,150.0,30.0,1.0,1.0
2008-10-21,1.433136111111111,1.158023611111111,1.3693986111111112,1.5549930555555556,1.1174,1.1990055555555554,1.2991265873015874,0.18374634485781113,1.2511737103174603,0.16344816922640307,1,10,0,2008-10-16,2008-10-15,149.0,3.7049224376678467,424.5550254583359,2.8493625869686974,2.8613357543945312,0.39821654099215037,2.5536067485809326,3.14833402633667,15.0,4.993922145880044,103.0,3.0318105220794678,13.428118228912354,0.13037007989235294,0.07578706741333008,0.29860762592047657,0.04591774940490723,0.1338193416595459,11.0,3.8956896706743764,3.0318105220794678,0.4285094738006592,0.3554418087005615,0.34503793716430664,0.29886555671691895,0.22578074383882138,0.1413378147084046,2.6033010482788086,180.0,150.0,30.0,1.0,1.0
2008-10-22,1.1430625,1.433136111111111,1.158023611111111,1.3693986111111112,1.4978444444444445,1.2920666666666667,1.3442317460317459,0.16993576630720367,1.2678973214285716,0.16956329493868041,2,10,0,2008-10-16,2008-10-15,149.0,3.7049224376678467,424.5550254583359,2.8493625869686974,2.8613357543945312,0.39821654099215037,2.5536067485809326,3.14833402633667,15.0,4.993922145880044,103.0,3.0318105220794678,13.428118228912354,0.13037007989235294,0.07578706741333008,0.29860762592047657,0.04591774940490723,0.1338193416595459,11.0,3.8956896706743764,3.0318105220794678,0.4285094738006592,0.3554418087005615,0.34503793716430664,0.29886555671691895,0.22578074383882138,0.1413378147084046,2.6033010482788086,180.0,150.0,30.0,1.0,1.0
2008-10-23,1.2711763888888887,1.1430625,1.433136111111111,1.158023611111111,1.0997777777777777,1.3775569444444444,1.2935486111111112,0.16939093408452402,1.2572541666666666,0.17257906635284775,3,10,0,2008-10-23,2008-10-22,149.0,3.7049224376678467,418.98186933994293,2.8119588546304897,2.8073112964630127,0.386737416468362,2.5497775077819824,3.054251194000244,15.0,4.99430731534294,110.0,3.0318105220794678,14.295860528945923,0.12996236844496292,0.07590794563293457,0.2902770562784681,0.044461846351623535,0.1383422613143921,11.0,3.983552725695962,3.0318105220794678,0.4285094738006592,0.3966066837310791,0.3554418087005615,0.34503793716430664,0.21207611223827547,0.1413378147084046,2.6033010482788086,180.0,150.0,30.0,1.0,1.0
2008-10-24,1.4814069444444444,1.2711763888888887,1.1430625,1.433136111111111,1.296448611111111,1.0544013888888888,1.318034126984127,0.147713872268686,1.2496555555555555,0.16918325733698292,4,10,0,2008-10-23,2008-10-22,149.0,3.7049224376678467,418.98186933994293,2.8119588546304897,2.8073112964630127,0.386737416468362,2.5497775077819824,3.054251194000244,15.0,4.99430731534294,110.0,3.0318105220794678,14.295860528945923,0.12996236844496292,0.07590794563293457,0.2902770562784681,0.044461846351623535,0.1383422613143921,11.0,3.983552725695962,3.0318105220794678,0.4285094738006592,0.3966066837310791,0.3554418087005615,0.34503793716430664,0.21207611223827547,0.1413378147084046,2.6033010482788086,180.0,150.0,30.0,1.0,1.0
2008-10-25,1.0903049391553328,1.4814069444444444,1.2711763888888887,1.1430625,1.5549930555555556,1.1592958333333334,1.3444567460317458,0.15929740935941566,1.2801559523809523,0.16976439489913747,5,10,1,2008-10-23,2008-10-22,149.0,3.7049224376678467,418.98186933994293,2.8119588546304897,2.8073112964630127,0.386737416468362,2.5497775077819824,3.054251194000244,15.0,4.99430731534294,110.0,3.0318105220794678,14.295860528945923,0.12996236844496292,0.07590794563293457,0.2902770562784681,0.044461846351623535,0.1383422613143921,11.0,3.983552725695962,3.0318105220794678,0.4285094738006592,0.3966066837310791,0.3554418087005615,0.34503793716430664,0.21207611223827547,0.1413378147084046,2.6033010482788086,180.0,150.0,30.0,1.0,1.0
2008-10-26,0.36353611111111106,1.0903049391553328,1.4814069444444444,1.2711763888888887,1.3693986111111112,1.3249583333333335,1.2780727294031426,0.15366290348038864,1.275228031368238,0.17447847657664692,6,10,1,2008-10-23,2008-10-22,149.0,3.7049224376678467,418.98186933994293,2.8119588546304897,2.8073112964630127,0.386737416468362,2.5497775077819824,3.054251194000244,15.0,4.99430731534294,110.0,3.0318105220794678,14.295860528945923,0.12996236844496292,0.07590794563293457,0.2902770562784681,0.044461846351623535,0.1383422613143921,11.0,3.983552725695962,3.0318105220794678,0.4285094738006592,0.3966066837310791,0.3554418087005615,0.34503793716430664,0.21207611223827547,0.1413378147084046,2.6033010482788086,180.0,150.0,30.0,1.0,1.0
2008-10-27,0.36381388888888894,0.36353611111111106,1.0903049391553328,1.4814069444444444,1.158023611111111,1.015261111111111,1.134378086546,0.3708489099940231,1.2065550154952223,0.2985143850743146,0,10,0,2008-10-23,2008-10-22,149.0,3.7049224376678467,418.98186933994293,2.8119588546304897,2.8073112964630127,0.386737416468362,2.5497775077819824,3.054251194000244,15.0,4.99430731534294,110.0,3.0318105220794678,14.295860528945923,0.12996236844496292,0.07590794563293457,0.2902770562784681,0.044461846351623535,0.1383422613143921,11.0,3.983552725695962,3.0318105220794678,0.4285094738006592,0.3966066837310791,0.3554418087005615,0.34503793716430664,0.21207611223827547,0.1413378147084046,2.6033010482788086,180.0,150.0,30.0,1.0,1.0
2008-10-28,0.9217291666666666,0.36381388888888894,0.36353611111111106,1.0903049391553328,1.433136111111111,1.1174,1.020919554799968,0.47050924311851694,1.160023071050778,0.372284737793132,1,10,0,2008-10-23,2008-10-22,149.0,3.7049224376678467,418.98186933994293,2.8119588546304897,2.8073112964630127,0.386737416468362,2.5497775077819824,3.054251194000244,15.0,4.99430731534294,110.0,3.0318105220794678,14.295860528945923,0.12996236844496292,0.07590794563293457,0.2902770562784681,0.044461846351623535,0.1383422613143921,11.0,3.983552725695962,3.0318105220794678,0.4285094738006592,0.3966066837310791,0.3554418087005615,0.34503793716430664,0.21207611223827547,0.1413378147084046,2.6033010482788086,180.0,150.0,30.0,1.0,1.0
2008-10-29,1.1198444444444444,0.9217291666666666,0.36381388888888894,0.36353611111111106,1.1430625,1.4978444444444445,0.9478614198793333,0.4341327549291425,1.1460465829555397,0.37764243421178895,2,10,0,2008-10-23,2008-10-22,149.0,3.7049224376678467,418.98186933994293,2.8119588546304897,2.8073112964630127,0.386737416468362,2.5497775077819824,3.054251194000244,15.0,4.99430731534294,110.0,3.0318105220794678,14.295860528945923,0.12996236844496292,0.07590794563293457,0.2902770562784681,0.044461846351623535,0.1383422613143921,11.0,3.983552725695962,3.0318105220794678,0.4285094738006592,0.3966066837310791,0.3554418087005615,0.34503793716430664,0.21207611223827547,0.1413378147084046,2.6033010482788086,180.0,150.0,30.0,1.0,1.0
2008-10-30,0.7629166666666666,1.1198444444444444,0.9217291666666666,0.36381388888888894,1.2711763888888887,1.0997777777777777,0.9445445547999681,0.43247835809336693,1.1190465829555396,0.36381507583266465,3,10,0,2008-10-30,2008-10-29,149.0,3.7049224376678467,418.4849616289139,2.8086239035497576,2.7908997535705566,0.39395666820087644,2.5497775077819824,3.045809030532837,15.0,4.993969829630573,111.0,3.0318105220794678,14.89932370185852,0.13422814145818487,0.07699990272521973,0.2894239595418893,0.0478290319442749,0.14848268032073975,12.0,4.019882508173937,3.0318105220794678,0.4285094738006592,0.3966066837310791,0.3554418087005615,0.345165491104126,0.20348645232140866,0.1413378147084046,2.6033010482788086,180.0,150.0,30.0,1.0,1.0
2008-10-31,0.892938888888889,0.7629166666666666,1.1198444444444444,0.9217291666666666,1.4814069444444444,1.296448611111111,0.8719360230539364,0.41061367160346607,1.0949850750190318,0.3761188607510928,4,10,0,2008-10-30,2008-10-29,149.0,3.7049224376678467,418.4849616289139,2.8086239035497576,2.7908997535705566,0.39395666820087644,2.5497775077819824,3.045809030532837,15.0,4.993969829630573,111.0,3.0318105220794678,14.89932370185852,0.13422814145818487,0.07699990272521973,0.2894239595418893,0.0478290319442749,0.14848268032073975,12.0,4.019882508173937,3.0318105220794678,0.4285094738006592,0.3966066837310791,0.3554418087005615,0.345165491104126,0.20348645232140866,0.1413378147084046,2.6033010482788086,180.0,150.0,30.0,1.0,1.0
2008-11-01,0.5767347222222222,0.892938888888889,0.7629166666666666,1.1198444444444444,1.0903049391553328,1.5549930555555556,0.7878691579745712,0.3138835175583593,1.0661629520031586,0.3749518189015061,5,11,1,2008-10-30,2008-10-29,149.0,3.7049224376678467,418.4849616289139,2.8086239035497576,2.7908997535705566,0.39395666820087644,2.5497775077819824,3.045809030532837,15.0,4.993969829630573,111.0,3.0318105220794678,14.89932370185852,0.13422814145818487,0.07699990272521973,0.2894239595418893,0.0478290319442749,0.14848268032073975,12.0,4.019882508173937,3.0318105220794678,0.4285094738006592,0.3966066837310791,0.3554418087005615,0.345165491104126,0.20348645232140866,0.1413378147084046,2.6033010482788086,180.0,150.0,30.0,1.0,1.0
2008-11-02,0.6323708333333333,0.5767347222222222,0.892938888888889,0.7629166666666666,0.36353611111111106,1.3693986111111112,0.7145019841269841,0.2905650611028512,0.9962873567650634,0.3679343590179434,6,11,1,2008-10-30,2008-10-29,149.0,3.7049224376678467,418.4849616289139,2.8086239035497576,2.7908997535705566,0.39395666820087644,2.5497775077819824,3.045809030532837,15.0,4.993969829630573,111.0,3.0318105220794678,14.89932370185852,0.13422814145818487,0.07699990272521973,0.2894239595418893,0.0478290319442749,0.14848268032073975,12.0,4.019882508173937,3.0318105220794678,0.4285094738006592,0.3966066837310791,0.3554418087005615,0.345165491104126,0.20348645232140866,0.1413378147084046,2.6033010482788086,180.0,150.0,30.0,1.0,1.0
2008-11-03,0.5886111111111111,0.6323708333333333,0.5767347222222222,0.892938888888889,0.36381388888888894,1.158023611111111,0.7529069444444444,0.2515989611373023,0.9436425154952222,0.363138723294944,0,11,0,2008-10-30,2008-10-29,149.0,3.7049224376678467,418.4849616289139,2.8086239035497576,2.7908997535705566,0.39395666820087644,2.5497775077819824,3.045809030532837,15.0,4.993969829630573,111.0,3.0318105220794678,14.89932370185852,0.13422814145818487,0.07699990272521973,0.2894239595418893,0.0478290319442749,0.14848268032073975,12.0,4.019882508173937,3.0318105220794678,0.4285094738006592,0.3966066837310791,0.3554418087005615,0.345165491104126,0.20348645232140866,0.1413378147084046,2.6033010482788086,180.0,150.0,30.0,1.0,1.0
2008-11-04,1.0849416666666667,0.5886111111111111,0.6323708333333333,0.5767347222222222,0.9217291666666666,1.433136111111111,0.7850208333333333,0.20338503117010187,0.9029701940666507,0.369119038163082,1,11,0,2008-10-30,2008-10-29,149.0,3.7049224376678467,418.4849616289139,2.8086239035497576,2.7908997535705566,0.39395666820087644,2.5497775077819824,3.045809030532837,15.0,4.993969829630573,111.0,3.0318105220794678,14.89932370185852,0.13422814145818487,0.07699990272521973,0.2894239595418893,0.0478290319442749,0.14848268032073975,12.0,4.019882508173937,3.0318105220794678,0.4285094738006592,0.3966066837310791,0.3554418087005615,0.345165491104126,0.20348645232140866,0.1413378147084046,2.6033010482788086,180.0,150.0,30.0,1.0,1.0
2008-11-05,2.177034722222222,1.0849416666666667,0.5886111111111111,0.6323708333333333,1.1198444444444444,1.1430625,0.8083369047619048,0.22936531595576526,0.8780991623206189,0.3413336962462619,2,11,0,2008-10-30,2008-10-29,149.0,3.7049224376678467,418.4849616289139,2.8086239035497576,2.7908997535705566,0.39395666820087644,2.5497775077819824,3.045809030532837,15.0,4.993969829630573,111.0,3.0318105220794678,14.89932370185852,0.13422814145818487,0.07699990272521973,0.2894239595418893,0.0478290319442749,0.14848268032073975,12.0,4.019882508173937,3.0318105220794678,0.4285094738006592,0.3966066837310791,0.3554418087005615,0.345165491104126,0.20348645232140866,0.1413378147084046,2.6033010482788086,180.0,150.0,30.0,1.0,1.0
2008-11-06,1.1030819444444444,2.177034722222222,1.0849416666666667,0.5886111111111111,0.7629166666666666,1.2711763888888887,0.9593640873015872,0.5674919952682707,0.9519543210507777,0.48478994931021846,3,11,0,2008-11-06,2008-11-05,149.0,4.630374431610107,426.0692409276962,2.8595251068972902,2.8279733657836914,0.4537280425820629,2.5497775077819824,3.14833402633667,15.0,4.9914006028457205,110.0,3.0318105220794678,16.79208469390869,0.15265531539916993,0.09963035583496094,0.2979570854778117,0.04387885332107544,0.16297757625579834,11.0,4.02963715619574,3.0318105220794678,0.5258536338806152,0.4759798049926758,0.44271421432495117,0.4335899353027344,0.18054997800119799,0.1734454148935208,2.5059568881988525,180.0,150.0,30.0,1.0,1.0
2008-11-07,1.1244333333333334,1.1030819444444444,2.177034722222222,1.0849416666666667,0.892938888888889,1.4814069444444444,1.007959126984127,0.5624079000714645,0.9399475750190316,0.4783139777491383,4,11,0,2008-11-06,2008-11-05,149.0,4.630374431610107,426.0692409276962,2.8595251068972902,2.8279733657836914,0.4537280425820629,2.5497775077819824,3.14833402633667,15.0,4.9914006028457205,110.0,3.0318105220794678,16.79208469390869,0.15265531539916993,0.09963035583496094,0.2979570854778117,0.04387885332107544,0.16297757625579834,11.0,4.02963715619574,3.0318105220794678,0.5258536338806152,0.4759798049926758,0.44271421432495117,0.4335899353027344,0.18054997800119799,0.1734454148935208,2.5059568881988525,180.0,150.0,30.0,1.0,1.0
2008-11-08,1.2035680555555555,1.1244333333333334,1.1030819444444444,2.177034722222222,0.5767347222222222,1.0903049391553328,1.041029761904762,0.5613223663355995,0.9144494599396665,0.4562345878617938,5,11,1,2008-11-06,2008-11-05,149.0,4.630374431610107,426.0692409276962,2.8595251068972902,2.8279733657836914,0.4537280425820629,2.5497775077819824,3.14833402633667,15.0,4.9914006028457205,110.0,3.0318105220794678,16.79208469390869,0.15265531539916993,0.09963035583496094,0.2979570854778117,0.04387885332107544,0.16297757625579834,11.0,4.02963715619574,3.0318105220794678,0.5258536338806152,0.4759798049926758,0.44271421432495117,0.4335899353027344,0.18054997800119799,0.1734454148935208,2.5059568881988525,180.0,150.0,30.0,1.0,1.0
2008-11-09,1.7906513888888889,1.2035680555555555,1.1244333333333334,1.1030819444444444,0.6323708333333333,0.36353611111111106,1.130577380952381,0.5236433541672237,0.9225396825396824,0.460576401248826,6,11,1,2008-11-06,2008-11-05,149.0,4.630374431610107,426.0692409276962,2.8595251068972902,2.8279733657836914,0.4537280425820629,2.5497775077819824,3.14833402633667,15.0,4.9914006028457205,110.0,3.0318105220794678,16.79208469390869,0.15265531539916993,0.09963035583496094,0.2979570854778117,0.04387885332107544,0.16297757625579834,11.0,4.02963715619574,3.0318105220794678,0.5258536338806152,0.4759798049926758,0.44271421432495117,0.4335899353027344,0.18054997800119799,0.1734454148935208,2.5059568881988525,180.0,150.0,30.0,1.0,1.0
2008-11-10,1.4587726638772665,1.7906513888888889,1.2035680555555555,1.1244333333333334,0.5886111111111111,0.36381388888888894,1.2960460317460318,0.5229791240695917,1.0244764880952382,0.48463748920750344,0,11,0,2008-11-06,2008-11-05,149.0,4.630374431610107,426.0692409276962,2.8595251068972902,2.8279733657836914,0.4537280425820629,2.5497775077819824,3.14833402633667,15.0,4.9914006028457205,110.0,3.0318105220794678,16.79208469390869,0.15265531539916993,0.09963035583496094,0.2979570854778117,0.04387885332107544,0.16297757625579834,11.0,4.02963715619574,3.0318105220794678,0.5258536338806152,0.4759798049926758,0.44271421432495117,0.4335899353027344,0.18054997800119799,0.1734454148935208,2.5059568881988525,180.0,150.0,30.0,1.0,1.0
2008-11-11,1.7055208333333332,1.4587726638772665,1.7906513888888889,1.2035680555555555,1.0849416666666667,0.9217291666666666,1.4203548249983395,0.42009721942024136,1.1026878291658364,0.457405337107668,1,11,0,2008-11-06,2008-11-05,149.0,4.630374431610107,426.0692409276962,2.8595251068972902,2.8279733657836914,0.4537280425820629,2.5497775077819824,3.14833402633667,15.0,4.9914006028457205,110.0,3.0318105220794678,16.79208469390869,0.15265531539916993,0.09963035583496094,0.2979570854778117,0.04387885332107544,0.16297757625579834,11.0,4.02963715619574,3.0318105220794678,0.5258536338806152,0.4759798049926758,0.44271421432495117,0.4335899353027344,0.18054997800119799,0.1734454148935208,2.5059568881988525,180.0,150.0,30.0,1.0,1.0
2008-11-12,1.5205104311543811,1.7055208333333332,1.4587726638772665,1.7906513888888889,2.177034722222222,1.1198444444444444,1.509008991665006,0.402635231784277,1.1586729482134555,0.48091549513584286,2,11,0,2008-11-06,2008-11-05,149.0,4.630374431610107,426.0692409276962,2.8595251068972902,2.8279733657836914,0.4537280425820629,2.5497775077819824,3.14833402633667,15.0,4.9914006028457205,110.0,3.0318105220794678,16.79208469390869,0.15265531539916993,0.09963035583496094,0.2979570854778117,0.04387885332107544,0.16297757625579834,11.0,4.02963715619574,3.0318105220794678,0.5258536338806152,0.4759798049926758,0.44271421432495117,0.4335899353027344,0.18054997800119799,0.1734454148935208,2.5059568881988525,180.0,150.0,30.0,1.0,1.0
2008-11-13,0.8600416666666667,1.5205104311543811,1.7055208333333332,1.4587726638772665,1.1030819444444444,0.7629166666666666,1.4152198072267432,0.27838516718284784,1.1872919472641652,0.49025804248418847,3,11,0,2008-11-13,2008-11-12,149.0,4.932538986206055,441.5327500104904,2.963307047050271,2.8719887733459473,0.6078153508996396,2.5497775077819824,3.2478208541870117,15.0,4.983863979219833,107.0,3.0318105220794678,15.740112781524658,0.14710385777125848,0.07699990272521973,0.30763250630786143,0.03736841678619385,0.1517009735107422,11.0,3.903179731293056,3.0318105220794678,0.653456449508667,0.5519275665283203,0.5356650352478027,0.4834423065185547,0.1926168232821133,0.21553340644139998,2.378354072570801,180.0,150.0,30.0,1.0,1.0
2008-11-14,1.1262069444444445,0.8600416666666667,1.5205104311543811,1.7055208333333332,1.1244333333333334,0.892938888888889,1.3804997675442034,0.3335026641895271,1.1942294472641652,0.48444360547769755,4,11,0,2008-11-13,2008-11-12,149.0,4.932538986206055,441.5327500104904,2.963307047050271,2.8719887733459473,0.6078153508996396,2.5497775077819824,3.2478208541870117,15.0,4.983863979219833,107.0,3.0318105220794678,15.740112781524658,0.14710385777125848,0.07699990272521973,0.30763250630786143,0.03736841678619385,0.1517009735107422,11.0,3.903179731293056,3.0318105220794678,0.653456449508667,0.5519275665283203,0.5356650352478027,0.4834423065185547,0.1926168232821133,0.21553340644139998,2.378354072570801,180.0,150.0,30.0,1.0,1.0
2008-11-15,2.105297222222222,1.1262069444444445,0.8600416666666667,1.5205104311543811,1.2035680555555555,0.5767347222222222,1.3807531405600766,0.3332762952602676,1.2108914512324191,0.4772418542322479,5,11,1,2008-11-13,2008-11-12,149.0,4.932538986206055,441.5327500104904,2.963307047050271,2.8719887733459473,0.6078153508996396,2.5497775077819824,3.2478208541870117,15.0,4.983863979219833,107.0,3.0318105220794678,15.740112781524658,0.14710385777125848,0.07699990272521973,0.30763250630786143,0.03736841678619385,0.1517009735107422,11.0,3.903179731293056,3.0318105220794678,0.653456449508667,0.5519275665283203,0.5356650352478027,0.4834423065185547,0.1926168232821133,0.21553340644139998,2.378354072570801,180.0,150.0,30.0,1.0,1.0
2008-11-16,1.642661111111111,2.105297222222222,1.1262069444444445,0.8600416666666667,1.7906513888888889,0.6323708333333333,1.509571592941029,0.4171028550412305,1.320074486946705,0.4955021593374805,6,11,1,2008-11-13,2008-11-12,149.0,4.932538986206055,441.5327500104904,2.963307047050271,2.8719887733459473,0.6078153508996396,2.5497775077819824,3.2478208541870117,15.0,4.983863979219833,107.0,3.0318105220794678,15.740112781524658,0.14710385777125848,0.07699990272521973,0.30763250630786143,0.03736841678619385,0.1517009735107422,11.0,3.903179731293056,3.0318105220794678,0.653456449508667,0.5519275665283203,0.5356650352478027,0.4834423065185547,0.1926168232821133,0.21553340644139998,2.378354072570801,180.0,150.0,30.0,1.0,1.0
2008-11-17,1.0580805555555555,1.642661111111111,2.105297222222222,1.1262069444444445,1.4587726638772665,0.5886111111111111,1.4884301246870606,0.404027017763745,1.3922380782165462,0.45993400103731724,0,11,0,2008-11-13,2008-11-12,149.0,4.932538986206055,441.5327500104904,2.963307047050271,2.8719887733459473,0.6078153508996396,2.5497775077819824,3.2478208541870117,15.0,4.983863979219833,107.0,3.0318105220794678,15.740112781524658,0.14710385777125848,0.07699990272521973,0.30763250630786143,0.03736841678619385,0.1517009735107422,11.0,3.903179731293056,3.0318105220794678,0.653456449508667,0.5519275665283203,0.5356650352478027,0.4834423065185547,0.1926168232821133,0.21553340644139998,2.378354072570801,180.0,150.0,30.0,1.0,1.0
2008-11-18,1.2146180555555555,1.0580805555555555,1.642661111111111,2.105297222222222,1.7055208333333332,1.0849416666666667,1.4311883949268165,0.4360450786686252,1.425771609962578,0.4113872112186462,1,11,0,2008-11-13,2008-11-12,149.0,4.932538986206055,441.5327500104904,2.963307047050271,2.8719887733459473,0.6078153508996396,2.5497775077819824,3.2478208541870117,15.0,4.983863979219833,107.0,3.0318105220794678,15.740112781524658,0.14710385777125848,0.07699990272521973,0.30763250630786143,0.03736841678619385,0.1517009735107422,11.0,3.903179731293056,3.0318105220794678,0.653456449508667,0.5519275665283203,0.5356650352478027,0.4834423065185547,0.1926168232821133,0.21553340644139998,2.378354072570801,180.0,150.0,30.0,1.0,1.0
2008-11-19,1.2779430555555555,1.2146180555555555,1.0580805555555555,1.642661111111111,1.5205104311543811,2.177034722222222,1.361059426672848,0.4238769050092881,1.435034209168927,0.40452558358575424,2,11,0,2008-11-13,2008-11-12,149.0,4.932538986206055,441.5327500104904,2.963307047050271,2.8719887733459473,0.6078153508996396,2.5497775077819824,3.2478208541870117,15.0,4.983863979219833,107.0,3.0318105220794678,15.740112781524658,0.14710385777125848,0.07699990272521973,0.30763250630786143,0.03736841678619385,0.1517009735107422,11.0,3.903179731293056,3.0318105220794678,0.653456449508667,0.5519275665283203,0.5356650352478027,0.4834423065185547,0.1926168232821133,0.21553340644139998,2.378354072570801,180.0,150.0,30.0,1.0,1.0
2008-11-20,1.1752333333333334,1.2779430555555555,1.2146180555555555,1.0580805555555555,0.8600416666666667,1.1030819444444444,1.3264069444444444,0.41855066006536695,1.3708133758355938,0.34459617103278956,3,11,0,2008-11-20,2008-11-19,149.0,5.521508693695068,456.5299345254898,3.063959292117381,2.8719887733459473,0.7735826121426794,2.5497775077819824,3.3361048698425293,15.0,4.974389273935616,100.0,3.0318105220794678,15.25040054321289,0.15250400543212891,0.07930254936218262,0.3174466180392167,0.03672069311141968,0.15321952104568481,10.0,3.8238819345656814,3.0318105220794678,0.653456449508667,0.5519275665283203,0.5356650352478027,0.4834423065185547,0.19880202578867734,0.21553340644139998,2.378354072570801,180.0,150.0,30.0,1.0,1.0
2008-11-21,1.162451388888889,1.1752333333333334,1.2779430555555555,1.2146180555555555,1.1262069444444445,1.1244333333333334,1.371434325396825,0.3746715369001097,1.3759670464705145,0.34080271344082985,4,11,0,2008-11-20,2008-11-19,149.0,5.521508693695068,456.5299345254898,3.063959292117381,2.8719887733459473,0.7735826121426794,2.5497775077819824,3.3361048698425293,15.0,4.974389273935616,100.0,3.0318105220794678,15.25040054321289,0.15250400543212891,0.07930254936218262,0.3174466180392167,0.03672069311141968,0.15321952104568481,10.0,3.8238819345656814,3.0318105220794678,0.653456449508667,0.5519275665283203,0.5356650352478027,0.4834423065185547,0.19880202578867734,0.21553340644139998,2.378354072570801,180.0,150.0,30.0,1.0,1.0
2008-11-22,1.18845,1.162451388888889,1.1752333333333334,1.2779430555555555,2.105297222222222,1.2035680555555555,1.376612103174603,0.3709497488614519,1.3786826218673398,0.33878979750825017,5,11,1,2008-11-20,2008-11-19,149.0,5.521508693695068,456.5299345254898,3.063959292117381,2.8719887733459473,0.7735826121426794,2.5497775077819824,3.3361048698425293,15.0,4.974389273935616,100.0,3.0318105220794678,15.25040054321289,0.15250400543212891,0.07930254936218262,0.3174466180392167,0.03672069311141968,0.15321952104568481,10.0,3.8238819345656814,3.0318105220794678,0.653456449508667,0.5519275665283203,0.5356650352478027,0.4834423065185547,0.19880202578867734,0.21553340644139998,2.378354072570801,180.0,150.0,30.0,1.0,1.0
2008-11-23,2.36645170257123,1.18845,1.162451388888889,1.1752333333333334,1.642661111111111,1.7906513888888889,1.2456339285714286,0.18706429192269278,1.3776027607562287,0.3394144123828504,6,11,1,2008-11-20,2008-11-19,149.0,5.521508693695068,456.5299345254898,3.063959292117381,2.8719887733459473,0.7735826121426794,2.5497775077819824,3.3361048698425293,15.0,4.974389273935616,100.0,3.0318105220794678,15.25040054321289,0.15250400543212891,0.07930254936218262,0.3174466180392167,0.03672069311141968,0.15321952104568481,10.0,3.8238819345656814,3.0318105220794678,0.653456449508667,0.5519275665283203,0.5356650352478027,0.4834423065185547,0.19880202578867734,0.21553340644139998,2.378354072570801,180.0,150.0,30.0,1.0,1.0
2008-11-24,2.231248611111111,2.36645170257123,1.18845,1.162451388888889,1.0580805555555555,1.4587726638772665,1.3490325844943027,0.4534536397448489,1.4187313545906817,0.4188958991872588,0,11,0,2008-11-20,2008-11-19,149.0,5.521508693695068,456.5299345254898,3.063959292117381,2.8719887733459473,0.7735826121426794,2.5497775077819824,3.3361048698425293,15.0,4.974389273935616,100.0,3.0318105220794678,15.25040054321289,0.15250400543212891,0.07930254936218262,0.3174466180392167,0.03672069311141968,0.15321952104568481,10.0,3.8238819345656814,3.0318105220794678,0.653456449508667,0.5519275665283203,0.5356650352478027,0.4834423065185547,0.19880202578867734,0.21553340644139998,2.378354072570801,180.0,150.0,30.0,1.0,1.0
2008-11-25,1.8769791666666666,2.231248611111111,2.36645170257123,1.18845,1.2146180555555555,1.7055208333333332,1.5166280210022391,0.5370840471929708,1.4739082079645276,0.47207539002265003,1,11,0,2008-11-20,2008-11-19,149.0,5.521508693695068,456.5299345254898,3.063959292117381,2.8719887733459473,0.7735826121426794,2.5497775077819824,3.3361048698425293,15.0,4.974389273935616,100.0,3.0318105220794678,15.25040054321289,0.15250400543212891,0.07930254936218262,0.3174466180392167,0.03672069311141968,0.15321952104568481,10.0,3.8238819345656814,3.0318105220794678,0.653456449508667,0.5519275665283203,0.5356650352478027,0.4834423065185547,0.19880202578867734,0.21553340644139998,2.378354072570801,180.0,150.0,30.0,1.0,1.0
2008-11-26,1.0527458333333333,1.8769791666666666,2.231248611111111,2.36645170257123,1.2779430555555555,1.5205104311543811,1.6112510368752553,0.5333422862036027,1.4861552317740518,0.4806917447782646,2,11,0,2008-11-20,2008-11-19,149.0,5.521508693695068,456.5299345254898,3.063959292117381,2.8719887733459473,0.7735826121426794,2.5497775077819824,3.3361048698425293,15.0,4.974389273935616,100.0,3.0318105220794678,15.25040054321289,0.15250400543212891,0.07930254936218262,0.3174466180392167,0.03672069311141968,0.15321952104568481,10.0,3.8238819345656814,3.0318105220794678,0.653456449508667,0.5519275665283203,0.5356650352478027,0.4834423065185547,0.19880202578867734,0.21553340644139998,2.378354072570801,180.0,150.0,30.0,1.0,1.0
2008-11-27,1.6404291666666666,1.0527458333333333,1.8769791666666666,2.231248611111111,1.1752333333333334,0.8600416666666667,1.5790800051292233,0.5627777818559284,1.452743474786834,0.49418727261078343,3,11,0,2008-11-27,2008-11-26,149.0,5.929350852966309,472.79382741451263,3.17311293566787,2.8812575340270996,0.9149261583487879,2.5497775077819824,3.519002914428711,15.0,4.965570578651064,96.0,3.0318105220794678,14.661191701889038,0.1527207468946775,0.07109177112579346,0.3240173345797013,0.03611624240875244,0.14817076921463013,10.0,3.7506198714837016,3.0318105220794678,0.653456449508667,0.5519275665283203,0.5356650352478027,0.4834423065185547,0.2067915476262977,0.21553340644139998,2.378354072570801,180.0,150.0,30.0,1.0,1.0
2008-11-28,1.3096972222222223,1.6404291666666666,1.0527458333333333,1.8769791666666666,1.162451388888889,1.1262069444444445,1.6455365527482708,0.533864724868686,1.5084854390725482,0.4653620541512052,4,11,0,2008-11-27,2008-11-26,149.0,5.929350852966309,472.79382741451263,3.17311293566787,2.8812575340270996,0.9149261583487879,2.5497775077819824,3.519002914428711,15.0,4.965570578651064,96.0,3.0318105220794678,14.661191701889038,0.1527207468946775,0.07109177112579346,0.3240173345797013,0.03611624240875244,0.14817076921463013,10.0,3.7506198714837016,3.0318105220794678,0.653456449508667,0.5519275665283203,0.5356650352478027,0.4834423065185547,0.2067915476262977,0.21553340644139998,2.378354072570801,180.0,150.0,30.0,1.0,1.0
2008-11-29,1.6907416666666668,1.3096972222222223,1.6404291666666666,1.0527458333333333,1.18845,2.105297222222222,1.6665716717958898,0.5141965761438605,1.5215918874852468,0.45626231832586905,5,11,1,2008-11-27,2008-11-26,149.0,5.929350852966309,472.79382741451263,3.17311293566787,2.8812575340270996,0.9149261583487879,2.5497775077819824,3.519002914428711,15.0,4.965570578651064,96.0,3.0318105220794678,14.661191701889038,0.1527207468946775,0.07109177112579346,0.3240173345797013,0.03611624240875244,0.14817076921463013,10.0,3.7506198714837016,3.0318105220794678,0.653456449508667,0.5519275665283203,0.5356650352478027,0.4834423065185547,0.2067915476262977,0.21553340644139998,2.378354072570801,180.0,150.0,30.0,1.0,1.0
2008-11-30,1.6676305555555555,1.6907416666666668,1.3096972222222223,1.6404291666666666,2.36645170257123,1.642661111111111,1.7383276241768424,0.4694553852080248,1.4919807763741353,0.4280459375053365,6,11,1,2008-11-27,2008-11-26,149.0,5.929350852966309,472.79382741451263,3.17311293566787,2.8812575340270996,0.9149261583487879,2.5497775077819824,3.519002914428711,15.0,4.965570578651064,96.0,3.0318105220794678,14.661191701889038,0.1527207468946775,0.07109177112579346,0.3240173345797013,0.03611624240875244,0.14817076921463013,10.0,3.7506198714837016,3.0318105220794678,0.653456449508667,0.5519275665283203,0.5356650352478027,0.4834423065185547,0.2067915476262977,0.21553340644139998,2.378354072570801,180.0,150.0,30.0,1.0,1.0
2008-12-01,1.1225958333333332,1.6676305555555555,1.6907416666666668,1.3096972222222223,2.231248611111111,1.0580805555555555,1.6384960317460318,0.37925891374425424,1.4937643081201675,0.42877347146750855,0,12,0,2008-11-27,2008-11-26,149.0,5.929350852966309,472.79382741451263,3.17311293566787,2.8812575340270996,0.9149261583487879,2.5497775077819824,3.519002914428711,15.0,4.965570578651064,96.0,3.0318105220794678,14.661191701889038,0.1527207468946775,0.07109177112579346,0.3240173345797013,0.03611624240875244,0.14817076921463013,10.0,3.7506198714837016,3.0318105220794678,0.653456449508667,0.5519275665283203,0.5356650352478027,0.4834423065185547,0.2067915476262977,0.21553340644139998,2.378354072570801,180.0,150.0,30.0,1.0,1.0
2008-12-02,1.2454472222222222,1.1225958333333332,1.6676305555555555,1.6907416666666668,1.8769791666666666,1.2146180555555555,1.4801170634920633,0.31681594372989696,1.4983725422471514,0.42405146374611674,1,12,0,2008-11-27,2008-11-26,149.0,5.929350852966309,472.79382741451263,3.17311293566787,2.8812575340270996,0.9149261583487879,2.5497775077819824,3.519002914428711,15.0,4.965570578651064,96.0,3.0318105220794678,14.661191701889038,0.1527207468946775,0.07109177112579346,0.3240173345797013,0.03611624240875244,0.14817076921463013,10.0,3.7506198714837016,3.0318105220794678,0.653456449508667,0.5519275665283203,0.5356650352478027,0.4834423065185547,0.2067915476262977,0.21553340644139998,2.378354072570801,180.0,150.0,30.0,1.0,1.0
2008-12-03,1.218863888888889,1.2454472222222222,1.1225958333333332,1.6676305555555555,1.0527458333333333,1.2779430555555555,1.3898982142857144,0.2716702576683131,1.5005746255804848,0.42254194977594267,2,12,0,2008-11-27,2008-11-26,149.0,5.929350852966309,472.79382741451263,3.17311293566787,2.8812575340270996,0.9149261583487879,2.5497775077819824,3.519002914428711,15.0,4.965570578651064,96.0,3.0318105220794678,14.661191701889038,0.1527207468946775,0.07109177112579346,0.3240173345797013,0.03611624240875244,0.14817076921463013,10.0,3.7506198714837016,3.0318105220794678,0.653456449508667,0.5519275665283203,0.5356650352478027,0.4834423065185547,0.2067915476262977,0.21553340644139998,2.378354072570801,180.0,150.0,30.0,1.0,1.0
2008-12-04,1.2073874999999998,1.218863888888889,1.2454472222222222,1.1225958333333332,1.6404291666666666,1.1752333333333334,1.413629365079365,0.24305939372423543,1.4963546851042941,0.4252229192566357,3,12,0,2008-12-04,2008-12-03,149.0,5.929350852966309,490.92115914821625,3.2947728801893708,2.8812575340270996,1.074452557606788,2.5497775077819824,3.7275848388671875,15.0,4.954944890141077,85.0,3.0318105220794678,13.225044012069702,0.15558875308317296,0.08160519599914551,0.34439027581224274,0.037999868392944336,0.1478588581085205,9.0,3.586089503211224,3.0318105220794678,0.7226269245147705,0.6896381378173828,0.653456449508667,0.5893006324768066,0.2292476697478297,0.23834831340948473,2.3091835975646973,180.0,150.0,30.0,1.0,1.0
2008-12-05,1.4295958333333334,1.2073874999999998,1.218863888888889,1.2454472222222222,1.3096972222222223,1.162451388888889,1.3517662698412696,0.23049782078140768,1.4986514112947702,0.4234381406081497,4,12,0,2008-12-04,2008-12-03,149.0,5.929350852966309,490.92115914821625,3.2947728801893708,2.8812575340270996,1.074452557606788,2.5497775077819824,3.7275848388671875,15.0,4.954944890141077,85.0,3.0318105220794678,13.225044012069702,0.15558875308317296,0.08160519599914551,0.34439027581224274,0.037999868392944336,0.1478588581085205,9.0,3.586089503211224,3.0318105220794678,0.7226269245147705,0.6896381378173828,0.653456449508667,0.5893006324768066,0.2292476697478297,0.23834831340948473,2.3091835975646973,180.0,150.0,30.0,1.0,1.0
2008-12-06,1.7526638888888888,1.4295958333333334,1.2073874999999998,1.218863888888889,1.6907416666666668,1.18845,1.368894642857143,0.23130407128585215,1.5177331573265165,0.41301320535054653,5,12,1,2008-12-04,2008-12-03,149.0,5.929350852966309,490.92115914821625,3.2947728801893708,2.8812575340270996,1.074452557606788,2.5497775077819824,3.7275848388671875,15.0,4.954944890141077,85.0,3.0318105220794678,13.225044012069702,0.15558875308317296,0.08160519599914551,0.34439027581224274,0.037999868392944336,0.1478588581085205,9.0,3.586089503211224,3.0318105220794678,0.7226269245147705,0.6896381378173828,0.653456449508667,0.5893006324768066,0.2292476697478297,0.23834831340948473,2.3091835975646973,180.0,150.0,30.0,1.0,1.0
2008-12-07,1.7130138888888888,1.7526638888888888,1.4295958333333334,1.2073874999999998,1.6676305555555555,2.36645170257123,1.3777406746031744,0.24635847928091412,1.5580341493900087,0.40587658912497543,6,12,1,2008-12-04,2008-12-03,149.0,5.929350852966309,490.92115914821625,3.2947728801893708,2.8812575340270996,1.074452557606788,2.5497775077819824,3.7275848388671875,15.0,4.954944890141077,85.0,3.0318105220794678,13.225044012069702,0.15558875308317296,0.08160519599914551,0.34439027581224274,0.037999868392944336,0.1478588581085205,9.0,3.586089503211224,3.0318105220794678,0.7226269245147705,0.6896381378173828,0.653456449508667,0.5893006324768066,0.2292476697478297,0.23834831340948473,2.3091835975646973,180.0,150.0,30.0,1.0,1.0
2008-12-08,1.297663888888889,1.7130138888888888,1.7526638888888888,1.4295958333333334,1.1225958333333332,2.231248611111111,1.3842240079365078,0.25567973187262316,1.5113600198412698,0.33758720935852415,0,12,0,2008-12-04,2008-12-03,149.0,5.929350852966309,490.92115914821625,3.2947728801893708,2.8812575340270996,1.074452557606788,2.5497775077819824,3.7275848388671875,15.0,4.954944890141077,85.0,3.0318105220794678,13.225044012069702,0.15558875308317296,0.08160519599914551,0.34439027581224274,0.037999868392944336,0.1478588581085205,9.0,3.586089503211224,3.0318105220794678,0.7226269245147705,0.6896381378173828,0.653456449508667,0.5893006324768066,0.2292476697478297,0.23834831340948473,2.3091835975646973,180.0,150.0,30.0,1.0,1.0
2008-12-09,1.3910722222222223,1.297663888888889,1.7130138888888888,1.7526638888888888,1.2454472222222222,1.8769791666666666,1.40923373015873,0.23341583092793122,1.444675396825397,0.26985998054275395,1,12,0,2008-12-04,2008-12-03,149.0,5.929350852966309,490.92115914821625,3.2947728801893708,2.8812575340270996,1.074452557606788,2.5497775077819824,3.7275848388671875,15.0,4.954944890141077,85.0,3.0318105220794678,13.225044012069702,0.15558875308317296,0.08160519599914551,0.34439027581224274,0.037999868392944336,0.1478588581085205,9.0,3.586089503211224,3.0318105220794678,0.7226269245147705,0.6896381378173828,0.653456449508667,0.5893006324768066,0.2292476697478297,0.23834831340948473,2.3091835975646973,180.0,150.0,30.0,1.0,1.0
2008-12-10,1.540890510948905,1.3910722222222223,1.297663888888889,1.7130138888888888,1.218863888888889,1.0527458333333333,1.4300373015873016,0.22262524597248867,1.409967757936508,0.2395250727887851,2,12,0,2008-12-04,2008-12-03,149.0,5.929350852966309,490.92115914821625,3.2947728801893708,2.8812575340270996,1.074452557606788,2.5497775077819824,3.7275848388671875,15.0,4.954944890141077,85.0,3.0318105220794678,13.225044012069702,0.15558875308317296,0.08160519599914551,0.34439027581224274,0.037999868392944336,0.1478588581085205,9.0,3.586089503211224,3.0318105220794678,0.7226269245147705,0.6896381378173828,0.653456449508667,0.5893006324768066,0.2292476697478297,0.23834831340948473,2.3091835975646973,180.0,150.0,30.0,1.0,1.0
2008-12-11,0.9948069444444444,1.540890510948905,1.3910722222222223,1.297663888888889,1.2073874999999998,1.6404291666666666,1.4760411047387325,0.20422690621388592,1.4448352349090487,0.2180952997344308,3,12,0,2008-12-11,2008-12-10,149.0,6.0683112144470215,506.7287007570267,3.4008637634699777,2.8812575340270996,1.2033845411747484,2.5497775077819824,3.8479912281036377,15.0,4.945972984262536,80.0,3.0318105220794678,11.431156396865845,0.14288945496082306,0.08114027976989746,0.33987392822045215,0.03768414258956909,0.14817076921463013,8.0,3.531030080448469,3.0318105220794678,0.653456449508667,0.3966066837310791,0.3554418087005615,0.25719213485717773,0.26522343119290354,0.21553340644139998,2.378354072570801,180.0,150.0,30.0,1.0,1.0
2008-12-12,1.2607875,0.9948069444444444,1.540890510948905,1.3910722222222223,1.4295958333333334,1.3096972222222223,1.4456724539450818,0.25923205446344066,1.3987193618931755,0.24064773498960149,4,12,0,2008-12-11,2008-12-10,149.0,6.0683112144470215,506.7287007570267,3.4008637634699777,2.8812575340270996,1.2033845411747484,2.5497775077819824,3.8479912281036377,15.0,4.945972984262536,80.0,3.0318105220794678,11.431156396865845,0.14288945496082306,0.08114027976989746,0.33987392822045215,0.03768414258956909,0.14817076921463013,8.0,3.531030080448469,3.0318105220794678,0.653456449508667,0.3966066837310791,0.3554418087005615,0.25719213485717773,0.26522343119290354,0.21553340644139998,2.378354072570801,180.0,150.0,30.0,1.0,1.0
2008-12-13,1.2677597222222223,1.2607875,0.9948069444444444,1.540890510948905,1.7526638888888888,1.6907416666666668,1.4215569777546055,0.26865735410548003,1.3952258103058741,0.24238823104825838,5,12,1,2008-12-11,2008-12-10,149.0,6.0683112144470215,506.7287007570267,3.4008637634699777,2.8812575340270996,1.2033845411747484,2.5497775077819824,3.8479912281036377,15.0,4.945972984262536,80.0,3.0318105220794678,11.431156396865845,0.14288945496082306,0.08114027976989746,0.33987392822045215,0.03768414258956909,0.14817076921463013,8.0,3.531030080448469,3.0318105220794678,0.653456449508667,0.3966066837310791,0.3554418087005615,0.25719213485717773,0.26522343119290354,0.21553340644139998,2.378354072570801,180.0,150.0,30.0,1.0,1.0
2008-12-14,1.390361111111111,1.2677597222222223,1.2607875,0.9948069444444444,1.7130138888888888,1.6676305555555555,1.3522849539450819,0.22857973069933307,1.365012814274128,0.22869447869303833,6,12,1,2008-12-11,2008-12-10,149.0,6.0683112144470215,506.7287007570267,3.4008637634699777,2.8812575340270996,1.2033845411747484,2.5497775077819824,3.8479912281036377,15.0,4.945972984262536,80.0,3.0318105220794678,11.431156396865845,0.14288945496082306,0.08114027976989746,0.33987392822045215,0.03768414258956909,0.14817076921463013,8.0,3.531030080448469,3.0318105220794678,0.653456449508667,0.3966066837310791,0.3554418087005615,0.25719213485717773,0.26522343119290354,0.21553340644139998,2.378354072570801,180.0,150.0,30.0,1.0,1.0
2008-12-15,1.2468402777777778,1.390361111111111,1.2677597222222223,1.2607875,1.297663888888889,1.1225958333333332,1.3061916999768275,0.16829758986620558,1.3452078539566676,0.21185787472349762,0,12,0,2008-12-11,2008-12-10,149.0,6.0683112144470215,506.7287007570267,3.4008637634699777,2.8812575340270996,1.2033845411747484,2.5497775077819824,3.8479912281036377,15.0,4.945972984262536,80.0,3.0318105220794678,11.431156396865845,0.14288945496082306,0.08114027976989746,0.33987392822045215,0.03768414258956909,0.14817076921463013,8.0,3.531030080448469,3.0318105220794678,0.653456449508667,0.3966066837310791,0.3554418087005615,0.25719213485717773,0.26522343119290354,0.21553340644139998,2.378354072570801,180.0,150.0,30.0,1.0,1.0
2008-12-16,1.2479791666666666,1.2468402777777778,1.390361111111111,1.2677597222222223,1.3910722222222223,1.2454472222222222,1.298931184103812,0.16981624119841185,1.354082457131271,0.20428229266363737,1,12,0,2008-12-11,2008-12-10,149.0,6.0683112144470215,506.7287007570267,3.4008637634699777,2.8812575340270996,1.2033845411747484,2.5497775077819824,3.8479912281036377,15.0,4.945972984262536,80.0,3.0318105220794678,11.431156396865845,0.14288945496082306,0.08114027976989746,0.33987392822045215,0.03768414258956909,0.14817076921463013,8.0,3.531030080448469,3.0318105220794678,0.653456449508667,0.3966066837310791,0.3554418087005615,0.25719213485717773,0.26522343119290354,0.21553340644139998,2.378354072570801,180.0,150.0,30.0,1.0,1.0
2008-12-17,1.4574902777777778,1.2479791666666666,1.2468402777777778,1.390361111111111,1.540890510948905,1.218863888888889,1.2784893190244466,0.16543195121079163,1.3542633103058743,0.20417981372391747,2,12,0,2008-12-11,2008-12-10,149.0,6.0683112144470215,506.7287007570267,3.4008637634699777,2.8812575340270996,1.2033845411747484,2.5497775077819824,3.8479912281036377,15.0,4.945972984262536,80.0,3.0318105220794678,11.431156396865845,0.14288945496082306,0.08114027976989746,0.33987392822045215,0.03768414258956909,0.14817076921463013,8.0,3.531030080448469,3.0318105220794678,0.653456449508667,0.3966066837310791,0.3554418087005615,0.25719213485717773,0.26522343119290354,0.21553340644139998,2.378354072570801,180.0,150.0,30.0,1.0,1.0
2008-12-18,1.2062083333333333,1.4574902777777778,1.2479791666666666,1.2468402777777778,0.9948069444444444,1.2073874999999998,1.266575,0.14514342539650182,1.3713080523693661,0.20195537027266017,3,12,0,2008-12-18,2008-12-17,149.0,5.929350852966309,522.0408498048782,3.50362986446227,2.8812575340270996,1.2688002574621184,2.5497775077819824,4.947585582733154,15.0,4.941965698835627,80.0,3.0318105220794678,12.755369186401367,0.15944211483001708,0.10418081283569336,0.3419244654788285,0.047154247760772705,0.16475433111190796,8.0,3.6228094328553495,3.0318105220794678,0.653456449508667,0.5341706275939941,0.3966066837310791,0.3554418087005615,0.23768896672247736,0.21553340644139998,2.378354072570801,180.0,150.0,30.0,1.0,1.0
2008-12-19,1.3070222222222223,1.2062083333333333,1.4574902777777778,1.2479791666666666,1.2607875,1.4295958333333334,1.2967751984126983,0.09110577931705978,1.37122382617889,0.20202922503469584,4,12,0,2008-12-18,2008-12-17,149.0,5.929350852966309,522.0408498048782,3.50362986446227,2.8812575340270996,1.2688002574621184,2.5497775077819824,4.947585582733154,15.0,4.941965698835627,80.0,3.0318105220794678,12.755369186401367,0.15944211483001708,0.10418081283569336,0.3419244654788285,0.047154247760772705,0.16475433111190796,8.0,3.6228094328553495,3.0318105220794678,0.653456449508667,0.5341706275939941,0.3966066837310791,0.3554418087005615,0.23768896672247736,0.21553340644139998,2.378354072570801,180.0,150.0,30.0,1.0,1.0
2008-12-20,1.5583752605976373,1.3070222222222223,1.2062083333333333,1.4574902777777778,1.2677597222222223,1.7526638888888888,1.3033801587301588,0.08972744535922479,1.362468568242382,0.2019609429368881,5,12,1,2008-12-18,2008-12-17,149.0,5.929350852966309,522.0408498048782,3.50362986446227,2.8812575340270996,1.2688002574621184,2.5497775077819824,4.947585582733154,15.0,4.941965698835627,80.0,3.0318105220794678,12.755369186401367,0.15944211483001708,0.10418081283569336,0.3419244654788285,0.047154247760772705,0.16475433111190796,8.0,3.6228094328553495,3.0318105220794678,0.653456449508667,0.5341706275939941,0.3966066837310791,0.3554418087005615,0.23768896672247736,0.21553340644139998,2.378354072570801,180.0,150.0,30.0,1.0,1.0
2008-12-21,1.8358402777777778,1.5583752605976373,1.3070222222222223,1.2062083333333333,1.390361111111111,1.7130138888888888,1.3448966642123608,0.12909585043122745,1.3485908090787213,0.1783854179101927,6,12,1,2008-12-18,2008-12-17,149.0,5.929350852966309,522.0408498048782,3.50362986446227,2.8812575340270996,1.2688002574621184,2.5497775077819824,4.947585582733154,15.0,4.941965698835627,80.0,3.0318105220794678,12.755369186401367,0.15944211483001708,0.10418081283569336,0.3419244654788285,0.047154247760772705,0.16475433111190796,8.0,3.6228094328553495,3.0318105220794678,0.653456449508667,0.5341706275939941,0.3966066837310791,0.3554418087005615,0.23768896672247736,0.21553340644139998,2.378354072570801,180.0,150.0,30.0,1.0,1.0
2008-12-22,1.3998666666666666,1.8358402777777778,1.5583752605976373,1.3070222222222223,1.2468402777777778,1.297663888888889,1.408536545164742,0.22752392043724426,1.3573641225707846,0.19946233776624592,0,12,0,2008-12-18,2008-12-17,149.0,5.929350852966309,522.0408498048782,3.50362986446227,2.8812575340270996,1.2688002574621184,2.5497775077819824,4.947585582733154,15.0,4.941965698835627,80.0,3.0318105220794678,12.755369186401367,0.15944211483001708,0.10418081283569336,0.3419244654788285,0.047154247760772705,0.16475433111190796,8.0,3.6228094328553495,3.0318105220794678,0.653456449508667,0.5341706275939941,0.3966066837310791,0.3554418087005615,0.23768896672247736,0.21553340644139998,2.378354072570801,180.0,150.0,30.0,1.0,1.0
2008-12-23,1.2486722222222222,1.3998666666666666,1.8358402777777778,1.5583752605976373,1.2479791666666666,1.3910722222222223,1.4303974578631546,0.21648209841502788,1.3646643209834832,0.19897896337014168,1,12,0,2008-12-18,2008-12-17,149.0,5.929350852966309,522.0408498048782,3.50362986446227,2.8812575340270996,1.2688002574621184,2.5497775077819824,4.947585582733154,15.0,4.941965698835627,80.0,3.0318105220794678,12.755369186401367,0.15944211483001708,0.10418081283569336,0.3419244654788285,0.047154247760772705,0.16475433111190796,8.0,3.6228094328553495,3.0318105220794678,0.653456449508667,0.5341706275939941,0.3966066837310791,0.3554418087005615,0.23768896672247736,0.21553340644139998,2.378354072570801,180.0,150.0,30.0,1.0,1.0
2008-12-24,0.8816930555555555,1.2486722222222222,1.3998666666666666,1.8358402777777778,1.4574902777777778,1.540890510948905,1.4304964657996624,0.21638490138822386,1.3544928924120545,0.20115293464823578,2,12,0,2008-12-18,2008-12-17,149.0,5.929350852966309,522.0408498048782,3.50362986446227,2.8812575340270996,1.2688002574621184,2.5497775077819824,4.947585582733154,15.0,4.941965698835627,80.0,3.0318105220794678,12.755369186401367,0.15944211483001708,0.10418081283569336,0.3419244654788285,0.047154247760772705,0.16475433111190796,8.0,3.6228094328553495,3.0318105220794678,0.653456449508667,0.5341706275939941,0.3966066837310791,0.3554418087005615,0.23768896672247736,0.21553340644139998,2.378354072570801,180.0,150.0,30.0,1.0,1.0
2008-12-25,0.7368874999999999,0.8816930555555555,1.2486722222222222,1.3998666666666666,1.2062083333333333,0.9948069444444444,1.3482397197679163,0.29833646123939744,1.3074073598839582,0.22934178237122396,3,12,0,2008-12-25,2008-12-24,149.0,5.929350852966309,529.9932333230972,3.5570015659268273,3.0017623901367188,1.23342916680315,2.5497775077819824,4.914834976196289,15.0,4.945698416878722,77.0,2.954493999481201,12.179904699325562,0.1581805805107216,0.10658931732177734,0.3405346940621403,0.04372763633728027,0.1609330177307129,8.0,3.561820727580976,2.954493999481201,0.7372260093688965,0.3966066837310791,0.3586463928222656,0.3554418087005615,0.24257119184559797,0.24952699497726202,2.2172679901123047,180.0,150.0,30.0,1.0,1.0
2008-12-26,0.8498138888888889,0.7368874999999999,0.8816930555555555,1.2486722222222222,1.3070222222222223,1.2607875,1.2811938864345829,0.37774340500313575,1.2889845424236408,0.2641083371503672,4,12,0,2008-12-25,2008-12-24,149.0,5.929350852966309,529.9932333230972,3.5570015659268273,3.0017623901367188,1.23342916680315,2.5497775077819824,4.914834976196289,15.0,4.945698416878722,77.0,2.954493999481201,12.179904699325562,0.1581805805107216,0.10658931732177734,0.3405346940621403,0.04372763633728027,0.1609330177307129,8.0,3.561820727580976,2.954493999481201,0.7372260093688965,0.3966066837310791,0.3586463928222656,0.3554418087005615,0.24257119184559797,0.24952699497726202,2.2172679901123047,180.0,150.0,30.0,1.0,1.0
2008-12-27,2.064002777777778,0.8498138888888889,0.7368874999999999,0.8816930555555555,1.5583752605976373,1.2677597222222223,1.215878410244107,0.410629455730918,1.2596292844871328,0.2891370891444127,5,12,1,2008-12-25,2008-12-24,149.0,5.929350852966309,529.9932333230972,3.5570015659268273,3.0017623901367188,1.23342916680315,2.5497775077819824,4.914834976196289,15.0,4.945698416878722,77.0,2.954493999481201,12.179904699325562,0.1581805805107216,0.10658931732177734,0.3405346940621403,0.04372763633728027,0.1609330177307129,8.0,3.561820727580976,2.954493999481201,0.7372260093688965,0.3966066837310791,0.3586463928222656,0.3554418087005615,0.24257119184559797,0.24952699497726202,2.2172679901123047,180.0,150.0,30.0,1.0,1.0
2008-12-28,1.0907236111111112,2.064002777777778,0.8498138888888889,0.7368874999999999,1.8358402777777778,1.390361111111111,1.2881109126984127,0.5127031969391654,1.316503788455387,0.36039166899080294,6,12,1,2008-12-25,2008-12-24,149.0,5.929350852966309,529.9932333230972,3.5570015659268273,3.0017623901367188,1.23342916680315,2.5497775077819824,4.914834976196289,15.0,4.945698416878722,77.0,2.954493999481201,12.179904699325562,0.1581805805107216,0.10658931732177734,0.3405346940621403,0.04372763633728027,0.1609330177307129,8.0,3.561820727580976,2.954493999481201,0.7372260093688965,0.3966066837310791,0.3586463928222656,0.3554418087005615,0.24257119184559797,0.24952699497726202,2.2172679901123047,180.0,150.0,30.0,1.0,1.0
2008-12-29,0.38560972222222223,1.0907236111111112,2.064002777777778,0.8498138888888889,1.3998666666666666,1.2468402777777778,1.1816656746031746,0.45402415085827197,1.2951011098839582,0.3645415197714889,0,12,0,2008-12-25,2008-12-24,149.0,5.929350852966309,529.9932333230972,3.5570015659268273,3.0017623901367188,1.23342916680315,2.5497775077819824,4.914834976196289,15.0,4.945698416878722,77.0,2.954493999481201,12.179904699325562,0.1581805805107216,0.10658931732177734,0.3405346940621403,0.04372763633728027,0.1609330177307129,8.0,3.561820727580976,2.954493999481201,0.7372260093688965,0.3966066837310791,0.3586463928222656,0.3554418087005615,0.24257119184559797,0.24952699497726202,2.2172679901123047,180.0,150.0,30.0,1.0,1.0
2008-12-30,0.8300263888888889,0.38560972222222223,1.0907236111111112,2.064002777777778,1.2486722222222222,1.2479791666666666,1.0367718253968254,0.5285138583793668,1.23358464162999,0.4384800994931766,1,12,0,2008-12-25,2008-12-24,149.0,5.929350852966309,529.9932333230972,3.5570015659268273,3.0017623901367188,1.23342916680315,2.5497775077819824,4.914834976196289,15.0,4.945698416878722,77.0,2.954493999481201,12.179904699325562,0.1581805805107216,0.10658931732177734,0.3405346940621403,0.04372763633728027,0.1609330177307129,8.0,3.561820727580976,2.954493999481201,0.7372260093688965,0.3966066837310791,0.3586463928222656,0.3554418087005615,0.24257119184559797,0.24952699497726202,2.2172679901123047,180.0,150.0,30.0,1.0,1.0
2008-12-31,1.3640194444444445,0.8300263888888889,0.38560972222222223,1.0907236111111112,0.8816930555555555,1.4574902777777778,0.9769652777777778,0.5242082166419499,1.20373087178872,0.45146061796404635,2,12,0,2008-12-25,2008-12-24,149.0,5.929350852966309,529.9932333230972,3.5570015659268273,3.0017623901367188,1.23342916680315,2.5497775077819824,4.914834976196289,15.0,4.945698416878722,77.0,2.954493999481201,12.179904699325562,0.1581805805107216,0.10658931732177734,0.3405346940621403,0.04372763633728027,0.1609330177307129,8.0,3.561820727580976,2.954493999481201,0.7372260093688965,0.3966066837310791,0.3586463928222656,0.3554418087005615,0.24257119184559797,0.24952699497726202,2.2172679901123047,180.0,150.0,30.0,1.0,1.0
2009-01-01,0.9768694444444445,1.3640194444444445,0.8300263888888889,0.38560972222222223,0.7368874999999999,1.2062083333333333,1.0458690476190478,0.5410276566387494,1.197054383693482,0.4480978170970048,3,1,0,2009-01-01,2008-12-31,149.0,5.929350852966309,537.9713693857193,3.610546103259861,3.1681673526763916,1.1996622838062239,2.5971198081970215,4.828662872314453,15.0,4.949676725355614,75.0,2.2413926124572754,11.51269793510437,0.15350263913472492,0.1089167594909668,0.2674122040036684,0.05184376239776611,0.16051721572875977,8.0,3.7042627123562957,2.2413926124572754,0.7218894958496094,0.46384239196777344,0.3966066837310791,0.3554418087005615,0.1946887363059227,0.3220718636429296,1.519503116607666,180.0,150.0,30.0,1.0,1.0
2009-01-02,1.616326388888889,0.9768694444444445,1.3640194444444445,0.8300263888888889,0.8498138888888889,1.3070222222222223,1.0801521825396827,0.525567878041994,1.180673034487133,0.45191321751866326,4,1,0,2009-01-01,2008-12-31,149.0,5.929350852966309,537.9713693857193,3.610546103259861,3.1681673526763916,1.1996622838062239,2.5971198081970215,4.828662872314453,15.0,4.949676725355614,75.0,2.2413926124572754,11.51269793510437,0.15350263913472492,0.1089167594909668,0.2674122040036684,0.05184376239776611,0.16051721572875977,8.0,3.7042627123562957,2.2413926124572754,0.7218894958496094,0.46384239196777344,0.3966066837310791,0.3554418087005615,0.1946887363059227,0.3220718636429296,1.519503116607666,180.0,150.0,30.0,1.0,1.0
2009-01-03,1.3288166666666668,1.616326388888889,0.9768694444444445,1.3640194444444445,2.064002777777778,1.5583752605976373,1.1896539682539686,0.5489113664164902,1.2027661892490378,0.46590923953742447,5,1,1,2009-01-01,2008-12-31,149.0,5.929350852966309,537.9713693857193,3.610546103259861,3.1681673526763916,1.1996622838062239,2.5971198081970215,4.828662872314453,15.0,4.949676725355614,75.0,2.2413926124572754,11.51269793510437,0.15350263913472492,0.1089167594909668,0.2674122040036684,0.05184376239776611,0.16051721572875977,8.0,3.7042627123562957,2.2413926124572754,0.7218894958496094,0.46384239196777344,0.3966066837310791,0.3554418087005615,0.1946887363059227,0.3220718636429296,1.519503116607666,180.0,150.0,30.0,1.0,1.0
2009-01-04,1.3472180555555555,1.3288166666666668,1.616326388888889,0.9768694444444445,1.0907236111111112,1.8358402777777778,1.084627380952381,0.4052753090430384,1.186369146825397,0.4563732684943524,6,1,1,2009-01-01,2008-12-31,149.0,5.929350852966309,537.9713693857193,3.610546103259861,3.1681673526763916,1.1996622838062239,2.5971198081970215,4.828662872314453,15.0,4.949676725355614,75.0,2.2413926124572754,11.51269793510437,0.15350263913472492,0.1089167594909668,0.2674122040036684,0.05184376239776611,0.16051721572875977,8.0,3.7042627123562957,2.2413926124572754,0.7218894958496094,0.46384239196777344,0.3966066837310791,0.3554418087005615,0.1946887363059227,0.3220718636429296,1.519503116607666,180.0,150.0,30.0,1.0,1.0
2009-01-05,1.113888888888889,1.3472180555555555,1.3288166666666668,1.616326388888889,0.38560972222222223,1.3998666666666666,1.1212694444444444,0.4173341325938746,1.1514675595238095,0.4201282966047003,0,1,0,2009-01-01,2008-12-31,149.0,5.929350852966309,537.9713693857193,3.610546103259861,3.1681673526763916,1.1996622838062239,2.5971198081970215,4.828662872314453,15.0,4.949676725355614,75.0,2.2413926124572754,11.51269793510437,0.15350263913472492,0.1089167594909668,0.2674122040036684,0.05184376239776611,0.16051721572875977,8.0,3.7042627123562957,2.2413926124572754,0.7218894958496094,0.46384239196777344,0.3966066837310791,0.3554418087005615,0.1946887363059227,0.3220718636429296,1.519503116607666,180.0,150.0,30.0,1.0,1.0
2009-01-06,1.1735152777777778,1.113888888888889,1.3472180555555555,1.3288166666666668,0.8300263888888889,1.2486722222222222,1.2253093253968255,0.26711290910631347,1.1310405753968253,0.4140298753094213,1,1,0,2009-01-01,2008-12-31,149.0,5.929350852966309,537.9713693857193,3.610546103259861,3.1681673526763916,1.1996622838062239,2.5971198081970215,4.828662872314453,15.0,4.949676725355614,75.0,2.2413926124572754,11.51269793510437,0.15350263913472492,0.1089167594909668,0.2674122040036684,0.05184376239776611,0.16051721572875977,8.0,3.7042627123562957,2.2413926124572754,0.7218894958496094,0.46384239196777344,0.3966066837310791,0.3554418087005615,0.1946887363059227,0.3220718636429296,1.519503116607666,180.0,150.0,30.0,1.0,1.0
2009-01-07,1.4446333333333332,1.1735152777777778,1.113888888888889,1.3472180555555555,1.3640194444444445,0.8816930555555555,1.2743791666666666,0.20723373096020611,1.1256722222222222,0.4128729564722476,2,1,0,2009-01-01,2008-12-31,149.0,5.929350852966309,537.9713693857193,3.610546103259861,3.1681673526763916,1.1996622838062239,2.5971198081970215,4.828662872314453,15.0,4.949676725355614,75.0,2.2413926124572754,11.51269793510437,0.15350263913472492,0.1089167594909668,0.2674122040036684,0.05184376239776611,0.16051721572875977,8.0,3.7042627123562957,2.2413926124572754,0.7218894958496094,0.46384239196777344,0.3966066837310791,0.3554418087005615,0.1946887363059227,0.3220718636429296,1.519503116607666,180.0,150.0,30.0,1.0,1.0
2009-01-08,1.1342152777777779,1.4446333333333332,1.1735152777777778,1.113888888888889,0.9768694444444445,0.7368874999999999,1.2858954365079367,0.2151347043350624,1.1658822420634922,0.41469242849970017,3,1,0,2009-01-08,2009-01-07,149.0,5.929350852966309,552.2731090784073,3.7065309334121292,3.4527010917663574,1.194616580561864,2.645714521408081,4.841172695159912,15.0,4.951931652068777,78.0,0.8150038719177246,10.979414701461792,0.14076172694181785,0.1130753755569458,0.13075356482371606,0.056063294410705566,0.16268479824066162,8.0,4.026081014574293,0.8150038719177246,0.5761213302612305,0.46384239196777344,0.3966066837310791,0.3845400810241699,0.07423017474776825,0.7068939794182848,0.23888254165649414,180.0,150.0,30.0,1.0,1.0
2009-01-09,1.2421541666666667,1.1342152777777779,1.4446333333333332,1.1735152777777778,1.616326388888889,0.8498138888888889,1.3083734126984126,0.18333513799517193,1.1942627976190476,0.3962611277886851,4,1,0,2009-01-08,2009-01-07,149.0,5.929350852966309,552.2731090784073,3.7065309334121292,3.4527010917663574,1.194616580561864,2.645714521408081,4.841172695159912,15.0,4.951931652068777,78.0,0.8150038719177246,10.979414701461792,0.14076172694181785,0.1130753755569458,0.13075356482371606,0.056063294410705566,0.16268479824066162,8.0,4.026081014574293,0.8150038719177246,0.5761213302612305,0.46384239196777344,0.3966066837310791,0.3845400810241699,0.07423017474776825,0.7068939794182848,0.23888254165649414,180.0,150.0,30.0,1.0,1.0
2009-01-10,1.4603805555555556,1.2421541666666667,1.1342152777777779,1.4446333333333332,1.3288166666666668,2.064002777777778,1.254920238095238,0.1233017280337068,1.2222871031746032,0.3837016997246238,5,1,1,2009-01-08,2009-01-07,149.0,5.929350852966309,552.2731090784073,3.7065309334121292,3.4527010917663574,1.194616580561864,2.645714521408081,4.841172695159912,15.0,4.951931652068777,78.0,0.8150038719177246,10.979414701461792,0.14076172694181785,0.1130753755569458,0.13075356482371606,0.056063294410705566,0.16268479824066162,8.0,4.026081014574293,0.8150038719177246,0.5761213302612305,0.46384239196777344,0.3966066837310791,0.3845400810241699,0.07423017474776825,0.7068939794182848,0.23888254165649414,180.0,150.0,30.0,1.0,1.0
2009-01-11,1.3722138888888888,1.4603805555555556,1.2421541666666667,1.1342152777777779,1.3472180555555555,1.0907236111111112,1.2737150793650793,0.14462620457773334,1.17917123015873,0.3083614815491541,6,1,1,2009-01-08,2009-01-07,149.0,5.929350852966309,552.2731090784073,3.7065309334121292,3.4527010917663574,1.194616580561864,2.645714521408081,4.841172695159912,15.0,4.951931652068777,78.0,0.8150038719177246,10.979414701461792,0.14076172694181785,0.1130753755569458,0.13075356482371606,0.056063294410705566,0.16268479824066162,8.0,4.026081014574293,0.8150038719177246,0.5761213302612305,0.46384239196777344,0.3966066837310791,0.3845400810241699,0.07423017474776825,0.7068939794182848,0.23888254165649414,180.0,150.0,30.0,1.0,1.0
2009-01-12,1.1036652777777778,1.3722138888888888,1.4603805555555556,1.2421541666666667,1.113888888888889,0.38560972222222223,1.2772859126984126,0.147032029570233,1.1992776785714285,0.3113137373685738,0,1,0,2009-01-08,2009-01-07,149.0,5.929350852966309,552.2731090784073,3.7065309334121292,3.4527010917663574,1.194616580561864,2.645714521408081,4.841172695159912,15.0,4.951931652068777,78.0,0.8150038719177246,10.979414701461792,0.14076172694181785,0.1130753755569458,0.13075356482371606,0.056063294410705566,0.16268479824066162,8.0,4.026081014574293,0.8150038719177246,0.5761213302612305,0.46384239196777344,0.3966066837310791,0.3845400810241699,0.07423017474776825,0.7068939794182848,0.23888254165649414,180.0,150.0,30.0,1.0,1.0
2009-01-13,1.5156944444444445,1.1036652777777778,1.3722138888888888,1.4603805555555556,1.1735152777777778,0.8300263888888889,1.2758253968253968,0.1489637047803805,1.250567361111111,0.20942568104824796,1,1,0,2009-01-08,2009-01-07,149.0,5.929350852966309,552.2731090784073,3.7065309334121292,3.4527010917663574,1.194616580561864,2.645714521408081,4.841172695159912,15.0,4.951931652068777,78.0,0.8150038719177246,10.979414701461792,0.14076172694181785,0.1130753755569458,0.13075356482371606,0.056063294410705566,0.16268479824066162,8.0,4.026081014574293,0.8150038719177246,0.5761213302612305,0.46384239196777344,0.3966066837310791,0.3845400810241699,0.07423017474776825,0.7068939794182848,0.23888254165649414,180.0,150.0,30.0,1.0,1.0
2009-01-14,1.2343863794301597,1.5156944444444445,1.1036652777777778,1.3722138888888888,1.4446333333333332,1.3640194444444445,1.324708134920635,0.1650677926447682,1.299543650793651,0.18187584314519173,2,1,0,2009-01-08,2009-01-07,149.0,5.929350852966309,552.2731090784073,3.7065309334121292,3.4527010917663574,1.194616580561864,2.645714521408081,4.841172695159912,15.0,4.951931652068777,78.0,0.8150038719177246,10.979414701461792,0.14076172694181785,0.1130753755569458,0.13075356482371606,0.056063294410705566,0.16268479824066162,8.0,4.026081014574293,0.8150038719177246,0.5761213302612305,0.46384239196777344,0.3966066837310791,0.3845400810241699,0.07423017474776825,0.7068939794182848,0.23888254165649414,180.0,150.0,30.0,1.0,1.0
2009-01-15,1.0861583333333333,1.2343863794301597,1.5156944444444445,1.1036652777777778,1.1342152777777779,0.9768694444444445,1.29467285579161,0.15861136853209448,1.2902841461497734,0.18164053559671584,3,1,0,2009-01-15,2009-01-14,149.0,5.929350852966309,565.0368419885635,3.792193570393044,3.8124589920043945,1.1642543154421374,2.716066598892212,4.841172695159912,15.0,4.956072430456159,72.0,0.5761213302612305,10.010756969451904,0.13903829124238756,0.1277223825454712,0.1077258238995649,0.06175631284713745,0.171039879322052,8.0,4.009983914488972,0.5761213302612305,0.46384239196777344,0.3966066837310791,0.3845400810241699,0.3554418087005615,0.057550226423364416,0.8051123393703433,0.11227893829345703,180.0,150.0,30.0,1.0,1.0
2009-01-16,1.9212180555555556,1.0861583333333333,1.2343863794301597,1.5156944444444445,1.2421541666666667,1.616326388888889,1.2878075780138325,0.1675047983526238,1.2980904953561225,0.16904667521497738,4,1,0,2009-01-15,2009-01-14,149.0,5.929350852966309,565.0368419885635,3.792193570393044,3.8124589920043945,1.1642543154421374,2.716066598892212,4.841172695159912,15.0,4.956072430456159,72.0,0.5761213302612305,10.010756969451904,0.13903829124238756,0.1277223825454712,0.1077258238995649,0.06175631284713745,0.171039879322052,8.0,4.009983914488972,0.5761213302612305,0.46384239196777344,0.3966066837310791,0.3845400810241699,0.3554418087005615,0.057550226423364416,0.8051123393703433,0.11227893829345703,180.0,150.0,30.0,1.0,1.0
2009-01-17,2.304041666666667,1.9212180555555556,1.0861583333333333,1.2343863794301597,1.4603805555555556,1.3288166666666668,1.3848167049979594,0.2891355935921659,1.3198684715465987,0.223928571734253,5,1,1,2009-01-15,2009-01-14,149.0,5.929350852966309,565.0368419885635,3.792193570393044,3.8124589920043945,1.1642543154421374,2.716066598892212,4.841172695159912,15.0,4.956072430456159,72.0,0.5761213302612305,10.010756969451904,0.13903829124238756,0.1277223825454712,0.1077258238995649,0.06175631284713745,0.171039879322052,8.0,4.009983914488972,0.5761213302612305,0.46384239196777344,0.3966066837310791,0.3845400810241699,0.3554418087005615,0.057550226423364416,0.8051123393703433,0.11227893829345703,180.0,150.0,30.0,1.0,1.0
2009-01-18,2.1904125,2.304041666666667,1.9212180555555556,1.0861583333333333,1.3722138888888888,1.3472180555555555,1.5053397208709751,0.4544557921384697,1.3895274001180273,0.34557151628604993,6,1,1,2009-01-15,2009-01-14,149.0,5.929350852966309,565.0368419885635,3.792193570393044,3.8124589920043945,1.1642543154421374,2.716066598892212,4.841172695159912,15.0,4.956072430456159,72.0,0.5761213302612305,10.010756969451904,0.13903829124238756,0.1277223825454712,0.1077258238995649,0.06175631284713745,0.171039879322052,8.0,4.009983914488972,0.5761213302612305,0.46384239196777344,0.3966066837310791,0.3845400810241699,0.3554418087005615,0.057550226423364416,0.8051123393703433,0.11227893829345703,180.0,150.0,30.0,1.0,1.0
2009-01-19,1.1804625,2.1904125,2.304041666666667,1.9212180555555556,1.1036652777777778,1.113888888888889,1.622225236743991,0.5156140450740202,1.4497555747212019,0.4058512940662587,0,1,0,2009-01-15,2009-01-14,149.0,5.929350852966309,565.0368419885635,3.792193570393044,3.8124589920043945,1.1642543154421374,2.716066598892212,4.841172695159912,15.0,4.956072430456159,72.0,0.5761213302612305,10.010756969451904,0.13903829124238756,0.1277223825454712,0.1077258238995649,0.06175631284713745,0.171039879322052,8.0,4.009983914488972,0.5761213302612305,0.46384239196777344,0.3966066837310791,0.3845400810241699,0.3554418087005615,0.057550226423364416,0.8051123393703433,0.11227893829345703,180.0,150.0,30.0,1.0,1.0
2009-01-20,1.206963888888889,1.1804625,2.1904125,2.304041666666667,1.5156944444444445,1.1735152777777778,1.633196268490023,0.5034140775139051,1.4545108326577096,0.4019849119237569,1,1,0,2009-01-15,2009-01-14,149.0,5.929350852966309,565.0368419885635,3.792193570393044,3.8124589920043945,1.1642543154421374,2.716066598892212,4.841172695159912,15.0,4.956072430456159,72.0,0.5761213302612305,10.010756969451904,0.13903829124238756,0.1277223825454712,0.1077258238995649,0.06175631284713745,0.171039879322052,8.0,4.009983914488972,0.5761213302612305,0.46384239196777344,0.3966066837310791,0.3845400810241699,0.3554418087005615,0.057550226423364416,0.8051123393703433,0.11227893829345703,180.0,150.0,30.0,1.0,1.0
2009-01-21,1.2079402777777777,1.206963888888889,1.1804625,2.1904125,1.2343863794301597,1.4446333333333332,1.5890919034106579,0.5283315559804096,1.4569000191656463,0.40028214807934437,2,1,0,2009-01-15,2009-01-14,149.0,5.929350852966309,565.0368419885635,3.792193570393044,3.8124589920043945,1.1642543154421374,2.716066598892212,4.841172695159912,15.0,4.956072430456159,72.0,0.5761213302612305,10.010756969451904,0.13903829124238756,0.1277223825454712,0.1077258238995649,0.06175631284713745,0.171039879322052,8.0,4.009983914488972,0.5761213302612305,0.46384239196777344,0.3966066837310791,0.3845400810241699,0.3554418087005615,0.057550226423364416,0.8051123393703433,0.11227893829345703,180.0,150.0,30.0,1.0,1.0
2009-01-22,0.859275,1.2079402777777777,1.206963888888889,1.1804625,1.0861583333333333,1.1342152777777779,1.585313888888889,0.5313765202271525,1.4399933723402494,0.4058006492656489,3,1,0,2009-01-22,2009-01-21,149.0,5.929350852966309,580.9869438409805,3.899241233832084,4.005210876464844,1.1204276767390624,2.7897255420684814,4.867286682128906,15.0,4.961591465194353,68.0,0.46491003036499023,9.800575256347656,0.14412610671099493,0.13180303573608398,0.10544863506835049,0.06160843372344971,0.1759534478187561,7.0,3.9665346646419977,0.46491003036499023,0.46384239196777344,0.3966066837310791,0.3845400810241699,0.3554418087005615,0.04743701448176487,0.997703559124378,0.0010676383972167969,180.0,150.0,30.0,1.0,1.0
2009-01-23,1.326761111111111,0.859275,1.2079402777777777,1.206963888888889,1.9212180555555556,1.2421541666666667,1.5529019841269842,0.5722453605516428,1.4203547810704082,0.42779383202999943,4,1,0,2009-01-22,2009-01-21,149.0,5.929350852966309,580.9869438409805,3.899241233832084,4.005210876464844,1.1204276767390624,2.7897255420684814,4.867286682128906,15.0,4.961591465194353,68.0,0.46491003036499023,9.800575256347656,0.14412610671099493,0.13180303573608398,0.10544863506835049,0.06160843372344971,0.1759534478187561,7.0,3.9665346646419977,0.46491003036499023,0.46384239196777344,0.3966066837310791,0.3845400810241699,0.3554418087005615,0.04743701448176487,0.997703559124378,0.0010676383972167969,180.0,150.0,30.0,1.0,1.0
2009-01-24,1.5283125,1.326761111111111,0.859275,1.2079402777777777,2.304041666666667,1.4603805555555556,1.4679795634920634,0.5522361752196879,1.4263981342450112,0.4256751489678236,5,1,1,2009-01-22,2009-01-21,149.0,5.929350852966309,580.9869438409805,3.899241233832084,4.005210876464844,1.1204276767390624,2.7897255420684814,4.867286682128906,15.0,4.961591465194353,68.0,0.46491003036499023,9.800575256347656,0.14412610671099493,0.13180303573608398,0.10544863506835049,0.06160843372344971,0.1759534478187561,7.0,3.9665346646419977,0.46491003036499023,0.46384239196777344,0.3966066837310791,0.3845400810241699,0.3554418087005615,0.04743701448176487,0.997703559124378,0.0010676383972167969,180.0,150.0,30.0,1.0,1.0
2009-01-25,1.9747666666666668,1.5283125,1.326761111111111,0.859275,2.1904125,1.3722138888888888,1.357161111111111,0.41802389813537766,1.431250415991043,0.4264787333402216,6,1,1,2009-01-22,2009-01-21,149.0,5.929350852966309,580.9869438409805,3.899241233832084,4.005210876464844,1.1204276767390624,2.7897255420684814,4.867286682128906,15.0,4.961591465194353,68.0,0.46491003036499023,9.800575256347656,0.14412610671099493,0.13180303573608398,0.10544863506835049,0.06160843372344971,0.1759534478187561,7.0,3.9665346646419977,0.46491003036499023,0.46384239196777344,0.3966066837310791,0.3845400810241699,0.3554418087005615,0.04743701448176487,0.997703559124378,0.0010676383972167969,180.0,150.0,30.0,1.0,1.0
2009-01-26,1.1628277777777778,1.9747666666666668,1.5283125,1.326761111111111,1.1804625,1.1036652777777778,1.3263545634920635,0.3485563842498969,1.4742899001180274,0.4498276996969638,0,1,0,2009-01-22,2009-01-21,149.0,5.929350852966309,580.9869438409805,3.899241233832084,4.005210876464844,1.1204276767390624,2.7897255420684814,4.867286682128906,15.0,4.961591465194353,68.0,0.46491003036499023,9.800575256347656,0.14412610671099493,0.13180303573608398,0.10544863506835049,0.06160843372344971,0.1759534478187561,7.0,3.9665346646419977,0.46491003036499023,0.46384239196777344,0.3966066837310791,0.3845400810241699,0.3554418087005615,0.04743701448176487,0.997703559124378,0.0010676383972167969,180.0,150.0,30.0,1.0,1.0
2009-01-27,0.9896041666666666,1.1628277777777778,1.9747666666666668,1.5283125,1.206963888888889,1.5156944444444445,1.3238353174603172,0.3498479210695853,1.4785157929751702,0.44634244364374304,1,1,0,2009-01-22,2009-01-21,149.0,5.929350852966309,580.9869438409805,3.899241233832084,4.005210876464844,1.1204276767390624,2.7897255420684814,4.867286682128906,15.0,4.961591465194353,68.0,0.46491003036499023,9.800575256347656,0.14412610671099493,0.13180303573608398,0.10544863506835049,0.06160843372344971,0.1759534478187561,7.0,3.9665346646419977,0.46491003036499023,0.46384239196777344,0.3966066837310791,0.3845400810241699,0.3554418087005615,0.04743701448176487,0.997703559124378,0.0010676383972167969,180.0,150.0,30.0,1.0,1.0
2009-01-28,1.8900930555555555,0.9896041666666666,1.1628277777777778,1.9747666666666668,1.2079402777777777,1.2343863794301597,1.2927839285714284,0.3709590312827196,1.4409379159910432,0.464738426962784,2,1,0,2009-01-22,2009-01-21,149.0,5.929350852966309,580.9869438409805,3.899241233832084,4.005210876464844,1.1204276767390624,2.7897255420684814,4.867286682128906,15.0,4.961591465194353,68.0,0.46491003036499023,9.800575256347656,0.14412610671099493,0.13180303573608398,0.10544863506835049,0.06160843372344971,0.1759534478187561,7.0,3.9665346646419977,0.46491003036499023,0.46384239196777344,0.3966066837310791,0.3845400810241699,0.3554418087005615,0.04743701448176487,0.997703559124378,0.0010676383972167969,180.0,150.0,30.0,1.0,1.0
2009-01-29,1.0928458333333333,1.8900930555555555,0.9896041666666666,1.1628277777777778,0.859275,1.0861583333333333,1.3902343253968255,0.4298773675033844,1.487774107142857,0.47524321468591063,3,1,0,2009-01-29,2009-01-28,149.0,5.89952278137207,600.0016498565674,4.0268567104467605,4.135843276977539,1.0493544144062756,2.9744038581848145,4.943391799926758,15.0,4.969150601961028,68.0,0.46491003036499023,9.873406887054443,0.1451971601037418,0.13180303573608398,0.10579667318042443,0.06375205516815186,0.1759534478187561,7.0,3.9709752793013355,0.46491003036499023,0.46384239196777344,0.3966066837310791,0.38572168350219727,0.3845400810241699,0.047087093207366836,0.997703559124378,0.0010676383972167969,180.0,150.0,30.0,1.0,1.0
2009-01-30,1.4298875,1.0928458333333333,1.8900930555555555,0.9896041666666666,1.326761111111111,1.9212180555555556,1.423601587301587,0.38890782913321054,1.4882517857142858,0.4748116539600067,4,1,0,2009-01-29,2009-01-28,149.0,5.89952278137207,600.0016498565674,4.0268567104467605,4.135843276977539,1.0493544144062756,2.9744038581848145,4.943391799926758,15.0,4.969150601961028,68.0,0.46491003036499023,9.873406887054443,0.1451971601037418,0.13180303573608398,0.10579667318042443,0.06375205516815186,0.1759534478187561,7.0,3.9709752793013355,0.46491003036499023,0.46384239196777344,0.3966066837310791,0.38572168350219727,0.3845400810241699,0.047087093207366836,0.997703559124378,0.0010676383972167969,180.0,150.0,30.0,1.0,1.0
2009-01-31,2.3005916666666666,1.4298875,1.0928458333333333,1.8900930555555555,1.5283125,2.304041666666667,1.4383339285714285,0.38657425743774326,1.453156746031746,0.4582158310105783,5,1,1,2009-01-29,2009-01-28,149.0,5.89952278137207,600.0016498565674,4.0268567104467605,4.135843276977539,1.0493544144062756,2.9744038581848145,4.943391799926758,15.0,4.969150601961028,68.0,0.46491003036499023,9.873406887054443,0.1451971601037418,0.13180303573608398,0.10579667318042443,0.06375205516815186,0.1759534478187561,7.0,3.9709752793013355,0.46491003036499023,0.46384239196777344,0.3966066837310791,0.38572168350219727,0.3845400810241699,0.047087093207366836,0.997703559124378,0.0010676383972167969,180.0,150.0,30.0,1.0,1.0
2009-02-01,1.289201141226819,2.3005916666666666,1.4298875,1.0928458333333333,1.9747666666666668,2.1904125,1.5486595238095238,0.5077446937056668,1.4529103174603173,0.45772368786472883,6,2,1,2009-01-29,2009-01-28,149.0,5.89952278137207,600.0016498565674,4.0268567104467605,4.135843276977539,1.0493544144062756,2.9744038581848145,4.943391799926758,15.0,4.969150601961028,68.0,0.46491003036499023,9.873406887054443,0.1451971601037418,0.13180303573608398,0.10579667318042443,0.06375205516815186,0.1759534478187561,7.0,3.9709752793013355,0.46491003036499023,0.46384239196777344,0.3966066837310791,0.38572168350219727,0.3845400810241699,0.047087093207366836,0.997703559124378,0.0010676383972167969,180.0,150.0,30.0,1.0,1.0
2009-02-02,1.1134027777777777,1.289201141226819,2.3005916666666666,1.4298875,1.1628277777777778,1.1804625,1.4507215916038312,0.4770458624114026,1.3885380775479474,0.40653516253975247,0,2,0,2009-01-29,2009-01-28,149.0,5.89952278137207,600.0016498565674,4.0268567104467605,4.135843276977539,1.0493544144062756,2.9744038581848145,4.943391799926758,15.0,4.969150601961028,68.0,0.46491003036499023,9.873406887054443,0.1451971601037418,0.13180303573608398,0.10579667318042443,0.06375205516815186,0.1759534478187561,7.0,3.9709752793013355,0.46491003036499023,0.46384239196777344,0.3966066837310791,0.38572168350219727,0.3845400810241699,0.047087093207366836,0.997703559124378,0.0010676383972167969,180.0,150.0,30.0,1.0,1.0
2009-02-03,1.2974930555555557,1.1134027777777777,1.289201141226819,2.3005916666666666,0.9896041666666666,1.206963888888889,1.4436608773181168,0.48235337796080013,1.3837480973892173,0.4095592068990113,1,2,0,2009-01-29,2009-01-28,149.0,5.89952278137207,600.0016498565674,4.0268567104467605,4.135843276977539,1.0493544144062756,2.9744038581848145,4.943391799926758,15.0,4.969150601961028,68.0,0.46491003036499023,9.873406887054443,0.1451971601037418,0.13180303573608398,0.10579667318042443,0.06375205516815186,0.1759534478187561,7.0,3.9709752793013355,0.46491003036499023,0.46384239196777344,0.3966066837310791,0.38572168350219727,0.3845400810241699,0.047087093207366836,0.997703559124378,0.0010676383972167969,180.0,150.0,30.0,1.0,1.0
2009-02-04,1.708975,1.2974930555555557,1.1134027777777777,1.289201141226819,1.8900930555555555,1.2079402777777777,1.487645004302244,0.44677436494396033,1.3902144664368363,0.4072615444168254,2,2,0,2009-01-29,2009-01-28,149.0,5.89952278137207,600.0016498565674,4.0268567104467605,4.135843276977539,1.0493544144062756,2.9744038581848145,4.943391799926758,15.0,4.969150601961028,68.0,0.46491003036499023,9.873406887054443,0.1451971601037418,0.13180303573608398,0.10579667318042443,0.06375205516815186,0.1759534478187561,7.0,3.9709752793013355,0.46491003036499023,0.46384239196777344,0.3966066837310791,0.38572168350219727,0.3845400810241699,0.047087093207366836,0.997703559124378,0.0010676383972167969,180.0,150.0,30.0,1.0,1.0
2009-02-05,1.1452,1.708975,1.2974930555555557,1.1134027777777777,1.0928458333333333,0.859275,1.461770996365736,0.42426019572458223,1.4260026608812808,0.41199876980155753,3,2,0,2009-02-05,2009-02-04,149.0,5.89952278137207,618.0170130729675,4.147765188409178,4.270291328430176,1.012075211592018,3.148271083831787,4.96251106262207,15.0,4.973156003551992,80.0,0.4890885353088379,11.767040252685547,0.14708800315856935,0.12916576862335205,0.11519917731574396,0.06260836124420166,0.1759534478187561,8.0,4.104643078022249,0.4890885353088379,0.477872371673584,0.46491003036499023,0.46384239196777344,0.3966066837310791,0.04156427825571644,0.9770672121190259,0.011216163635253906,180.0,150.0,30.0,1.0,1.0
2009-02-06,1.4224972222222223,1.1452,1.708975,1.2974930555555557,1.4298875,1.326761111111111,1.4692501630324026,0.41707316231505487,1.446425875166995,0.38814045904695516,4,2,0,2009-02-05,2009-02-04,149.0,5.89952278137207,618.0170130729675,4.147765188409178,4.270291328430176,1.012075211592018,3.148271083831787,4.96251106262207,15.0,4.973156003551992,80.0,0.4890885353088379,11.767040252685547,0.14708800315856935,0.12916576862335205,0.11519917731574396,0.06260836124420166,0.1759534478187561,8.0,4.104643078022249,0.4890885353088379,0.477872371673584,0.46491003036499023,0.46384239196777344,0.3966066837310791,0.04156427825571644,0.9770672121190259,0.011216163635253906,180.0,150.0,30.0,1.0,1.0
2009-02-07,2.1746777777777777,1.4224972222222223,1.1452,1.708975,2.3005916666666666,1.5283125,1.4681944090641486,0.41719874405755103,1.4532641688177887,0.38671073072714507,5,2,1,2009-02-05,2009-02-04,149.0,5.89952278137207,618.0170130729675,4.147765188409178,4.270291328430176,1.012075211592018,3.148271083831787,4.96251106262207,15.0,4.973156003551992,80.0,0.4890885353088379,11.767040252685547,0.14708800315856935,0.12916576862335205,0.11519917731574396,0.06260836124420166,0.1759534478187561,8.0,4.104643078022249,0.4890885353088379,0.477872371673584,0.46491003036499023,0.46384239196777344,0.3966066837310791,0.04156427825571644,0.9770672121190259,0.011216163635253906,180.0,150.0,30.0,1.0,1.0
2009-02-08,1.5158791666666667,2.1746777777777777,1.4224972222222223,1.1452,1.289201141226819,1.9747666666666668,1.4502067106514502,0.37600917697237324,1.499433117230487,0.43226156596954385,6,2,1,2009-02-05,2009-02-04,149.0,5.89952278137207,618.0170130729675,4.147765188409178,4.270291328430176,1.012075211592018,3.148271083831787,4.96251106262207,15.0,4.973156003551992,80.0,0.4890885353088379,11.767040252685547,0.14708800315856935,0.12916576862335205,0.11519917731574396,0.06260836124420166,0.1759534478187561,8.0,4.104643078022249,0.4890885353088379,0.477872371673584,0.46491003036499023,0.46384239196777344,0.3966066837310791,0.04156427825571644,0.9770672121190259,0.011216163635253906,180.0,150.0,30.0,1.0,1.0
2009-02-09,1.1851652777777777,1.5158791666666667,2.1746777777777777,1.4224972222222223,1.1134027777777777,1.1628277777777778,1.4825892857142857,0.3695373384210923,1.4666554386590585,0.41028489358331754,0,2,0,2009-02-05,2009-02-04,149.0,5.89952278137207,618.0170130729675,4.147765188409178,4.270291328430176,1.012075211592018,3.148271083831787,4.96251106262207,15.0,4.973156003551992,80.0,0.4890885353088379,11.767040252685547,0.14708800315856935,0.12916576862335205,0.11519917731574396,0.06260836124420166,0.1759534478187561,8.0,4.104643078022249,0.4890885353088379,0.477872371673584,0.46491003036499023,0.46384239196777344,0.3966066837310791,0.04156427825571644,0.9770672121190259,0.011216163635253906,180.0,150.0,30.0,1.0,1.0
2009-02-10,1.349876388888889,1.1851652777777777,1.5158791666666667,2.1746777777777777,1.2974930555555557,0.9896041666666666,1.4928410714285716,0.35841636309521613,1.468250974373344,0.4090540535667557,1,2,0,2009-02-05,2009-02-04,149.0,5.89952278137207,618.0170130729675,4.147765188409178,4.270291328430176,1.012075211592018,3.148271083831787,4.96251106262207,15.0,4.973156003551992,80.0,0.4890885353088379,11.767040252685547,0.14708800315856935,0.12916576862335205,0.11519917731574396,0.06260836124420166,0.1759534478187561,8.0,4.104643078022249,0.4890885353088379,0.477872371673584,0.46491003036499023,0.46384239196777344,0.3966066837310791,0.04156427825571644,0.9770672121190259,0.011216163635253906,180.0,150.0,30.0,1.0,1.0
2009-02-11,1.8329097222222221,1.349876388888889,1.1851652777777777,1.5158791666666667,1.708975,1.8900930555555555,1.5003244047619049,0.35417975361157006,1.4939847045320742,0.38738437197167874,2,2,0,2009-02-05,2009-02-04,149.0,5.89952278137207,618.0170130729675,4.147765188409178,4.270291328430176,1.012075211592018,3.148271083831787,4.96251106262207,15.0,4.973156003551992,80.0,0.4890885353088379,11.767040252685547,0.14708800315856935,0.12916576862335205,0.11519917731574396,0.06260836124420166,0.1759534478187561,8.0,4.104643078022249,0.4890885353088379,0.477872371673584,0.46491003036499023,0.46384239196777344,0.3966066837310791,0.04156427825571644,0.9770672121190259,0.011216163635253906,180.0,150.0,30.0,1.0,1.0
2009-02-12,1.3671250000000001,1.8329097222222221,1.349876388888889,1.1851652777777777,1.1452,1.0928458333333333,1.518029365079365,0.36913038580971724,1.4899001807225505,0.38316508257907816,3,2,0,2009-02-12,2009-02-11,149.0,5.89952278137207,632.2554576396942,4.243325219058351,4.504316806793213,0.9887162688511666,3.3851382732391357,4.985090255737305,15.0,4.975463854373116,83.0,0.4890885353088379,12.570665836334229,0.1514538052570389,0.12807178497314453,0.12055626329885376,0.06450355052947998,0.18637359142303467,9.0,4.128067628723094,0.4890885353088379,0.477872371673584,0.46491003036499023,0.46384239196777344,0.4151020050048828,0.03890713043180078,0.9770672121190259,0.011216163635253906,180.0,150.0,30.0,1.0,1.0
2009-02-13,1.173626388888889,1.3671250000000001,1.8329097222222221,1.349876388888889,1.4224972222222223,1.4298875,1.5497329365079366,0.3401661425473889,1.5094915497701695,0.3680143530276158,4,2,0,2009-02-12,2009-02-11,149.0,5.89952278137207,632.2554576396942,4.243325219058351,4.504316806793213,0.9887162688511666,3.3851382732391357,4.985090255737305,15.0,4.975463854373116,83.0,0.4890885353088379,12.570665836334229,0.1514538052570389,0.12807178497314453,0.12055626329885376,0.06450355052947998,0.18637359142303467,9.0,4.128067628723094,0.4890885353088379,0.477872371673584,0.46491003036499023,0.46384239196777344,0.4151020050048828,0.03890713043180078,0.9770672121190259,0.011216163635253906,180.0,150.0,30.0,1.0,1.0
2009-02-14,1.6221098748261475,1.173626388888889,1.3671250000000001,1.8329097222222221,2.1746777777777777,2.3005916666666666,1.5141799603174604,0.36758154119722,1.4911871846908045,0.37850182776379404,5,2,1,2009-02-12,2009-02-11,149.0,5.89952278137207,632.2554576396942,4.243325219058351,4.504316806793213,0.9887162688511666,3.3851382732391357,4.985090255737305,15.0,4.975463854373116,83.0,0.4890885353088379,12.570665836334229,0.1514538052570389,0.12807178497314453,0.12055626329885376,0.06450355052947998,0.18637359142303467,9.0,4.128067628723094,0.4890885353088379,0.477872371673584,0.46491003036499023,0.46384239196777344,0.4151020050048828,0.03890713043180078,0.9770672121190259,0.011216163635253906,180.0,150.0,30.0,1.0,1.0
2009-02-15,1.1014111111111111,1.6221098748261475,1.173626388888889,1.3671250000000001,1.5158791666666667,1.289201141226819,1.4352416884672274,0.2389106809425647,1.4427241995593387,0.3027503565934065,6,2,1,2009-02-12,2009-02-11,149.0,5.89952278137207,632.2554576396942,4.243325219058351,4.504316806793213,0.9887162688511666,3.3851382732391357,4.985090255737305,15.0,4.975463854373116,83.0,0.4890885353088379,12.570665836334229,0.1514538052570389,0.12807178497314453,0.12055626329885376,0.06450355052947998,0.18637359142303467,9.0,4.128067628723094,0.4890885353088379,0.477872371673584,0.46491003036499023,0.46384239196777344,0.4151020050048828,0.03890713043180078,0.9770672121190259,0.011216163635253906,180.0,150.0,30.0,1.0,1.0
2009-02-16,0.9159680555555555,1.1014111111111111,1.6221098748261475,1.173626388888889,1.1851652777777777,1.1134027777777777,1.3760319662450051,0.2654774924102989,1.4293106259796455,0.31402565781335817,0,2,0,2009-02-12,2009-02-11,149.0,5.89952278137207,632.2554576396942,4.243325219058351,4.504316806793213,0.9887162688511666,3.3851382732391357,4.985090255737305,15.0,4.975463854373116,83.0,0.4890885353088379,12.570665836334229,0.1514538052570389,0.12807178497314453,0.12055626329885376,0.06450355052947998,0.18637359142303467,9.0,4.128067628723094,0.4890885353088379,0.477872371673584,0.46491003036499023,0.46384239196777344,0.4151020050048828,0.03890713043180078,0.9770672121190259,0.011216163635253906,180.0,150.0,30.0,1.0,1.0
2009-02-17,0.5520466101694915,0.9159680555555555,1.1014111111111111,1.6221098748261475,1.349876388888889,1.2974930555555557,1.3375752202132591,0.31298190943560233,1.4152081458209154,0.3331546171129457,1,2,0,2009-02-12,2009-02-11,149.0,5.89952278137207,632.2554576396942,4.243325219058351,4.504316806793213,0.9887162688511666,3.3851382732391357,4.985090255737305,15.0,4.975463854373116,83.0,0.4890885353088379,12.570665836334229,0.1514538052570389,0.12807178497314453,0.12055626329885376,0.06450355052947998,0.18637359142303467,9.0,4.128067628723094,0.4890885353088379,0.477872371673584,0.46491003036499023,0.46384239196777344,0.4151020050048828,0.03890713043180078,0.9770672121190259,0.011216163635253906,180.0,150.0,30.0,1.0,1.0
2009-02-18,0.5739236111111111,0.5520466101694915,0.9159680555555555,1.1014111111111111,1.8329097222222221,1.708975,1.2235995375390594,0.43083576502786775,1.361961971150482,0.4051965153108968,2,2,0,2009-02-12,2009-02-11,149.0,5.89952278137207,632.2554576396942,4.243325219058351,4.504316806793213,0.9887162688511666,3.3851382732391357,4.985090255737305,15.0,4.975463854373116,83.0,0.4890885353088379,12.570665836334229,0.1514538052570389,0.12807178497314453,0.12055626329885376,0.06450355052947998,0.18637359142303467,9.0,4.128067628723094,0.4890885353088379,0.477872371673584,0.46491003036499023,0.46384239196777344,0.4151020050048828,0.03890713043180078,0.9770672121190259,0.011216163635253906,180.0,150.0,30.0,1.0,1.0
2009-02-19,0.5119916666666667,0.5739236111111111,0.5520466101694915,0.9159680555555555,1.3671250000000001,1.1452,1.0437443788089007,0.3954114945073701,1.280886871944133,0.4422805252330051,3,2,0,2009-02-19,2009-02-18,149.0,5.89952278137207,646.4650735855103,4.33869176903027,4.674422740936279,0.9750439592698386,3.727631092071533,5.029486656188965,15.0,4.977052017862874,87.0,0.4890885353088379,13.065480709075928,0.15017793918478078,0.12737298011779785,0.12056841608736799,0.06358599662780762,0.18637359142303467,9.0,4.167389463919638,0.4890885353088379,0.477872371673584,0.46491003036499023,0.46384239196777344,0.4151020050048828,0.037433642603681073,0.9770672121190259,0.011216163635253906,180.0,150.0,30.0,1.0,1.0
2009-02-20,1.3060666666666667,0.5119916666666667,0.5739236111111111,0.5520466101694915,1.173626388888889,1.4224972222222223,0.9215824740469961,0.4106544986998584,1.2356577052774664,0.4873086404104311,4,2,0,2009-02-19,2009-02-18,149.0,5.89952278137207,646.4650735855103,4.33869176903027,4.674422740936279,0.9750439592698386,3.727631092071533,5.029486656188965,15.0,4.977052017862874,87.0,0.4890885353088379,13.065480709075928,0.15017793918478078,0.12737298011779785,0.12056841608736799,0.06358599662780762,0.18637359142303467,9.0,4.167389463919638,0.4890885353088379,0.477872371673584,0.46491003036499023,0.46384239196777344,0.4151020050048828,0.037433642603681073,0.9770672121190259,0.011216163635253906,180.0,150.0,30.0,1.0,1.0
2009-02-21,0.9140166666666667,1.3060666666666667,0.5119916666666667,0.5739236111111111,1.6221098748261475,2.1746777777777777,0.9405025137295357,0.42693069068039663,1.2273412370234982,0.4848621032334311,5,2,1,2009-02-19,2009-02-18,149.0,5.89952278137207,646.4650735855103,4.33869176903027,4.674422740936279,0.9750439592698386,3.727631092071533,5.029486656188965,15.0,4.977052017862874,87.0,0.4890885353088379,13.065480709075928,0.15017793918478078,0.12737298011779785,0.12056841608736799,0.06358599662780762,0.18637359142303467,9.0,4.167389463919638,0.4890885353088379,0.477872371673584,0.46491003036499023,0.46384239196777344,0.4151020050048828,0.037433642603681073,0.9770672121190259,0.011216163635253906,180.0,150.0,30.0,1.0,1.0
2009-02-22,1.5544986111111112,0.9140166666666667,1.3060666666666667,0.5119916666666667,1.1014111111111111,1.5158791666666667,0.8393463411353242,0.3049873752811257,1.1372940148012758,0.406049741429751,6,2,1,2009-02-19,2009-02-18,149.0,5.89952278137207,646.4650735855103,4.33869176903027,4.674422740936279,0.9750439592698386,3.727631092071533,5.029486656188965,15.0,4.977052017862874,87.0,0.4890885353088379,13.065480709075928,0.15017793918478078,0.12737298011779785,0.12056841608736799,0.06358599662780762,0.18637359142303467,9.0,4.167389463919638,0.4890885353088379,0.477872371673584,0.46491003036499023,0.46384239196777344,0.4151020050048828,0.037433642603681073,0.9770672121190259,0.011216163635253906,180.0,150.0,30.0,1.0,1.0
2009-02-23,1.8983722222222221,1.5544986111111112,0.9140166666666667,1.3060666666666667,0.9159680555555555,1.1851652777777777,0.90407312684961,0.4023973414739799,1.1400525465473075,0.4089404251987715,0,2,0,2009-02-19,2009-02-18,149.0,5.89952278137207,646.4650735855103,4.33869176903027,4.674422740936279,0.9750439592698386,3.727631092071533,5.029486656188965,15.0,4.977052017862874,87.0,0.4890885353088379,13.065480709075928,0.15017793918478078,0.12737298011779785,0.12056841608736799,0.06358599662780762,0.18637359142303467,9.0,4.167389463919638,0.4890885353088379,0.477872371673584,0.46491003036499023,0.46384239196777344,0.4151020050048828,0.037433642603681073,0.9770672121190259,0.011216163635253906,180.0,150.0,30.0,1.0,1.0
2009-02-24,1.2382944444444444,1.8983722222222221,1.5544986111111112,0.9140166666666667,0.5520466101694915,1.349876388888889,1.0444165792305622,0.5510833167344734,1.1909958997219108,0.4566348437160026,1,2,0,2009-02-19,2009-02-18,149.0,5.89952278137207,646.4650735855103,4.33869176903027,4.674422740936279,0.9750439592698386,3.727631092071533,5.029486656188965,15.0,4.977052017862874,87.0,0.4890885353088379,13.065480709075928,0.15017793918478078,0.12737298011779785,0.12056841608736799,0.06358599662780762,0.18637359142303467,9.0,4.167389463919638,0.4890885353088379,0.477872371673584,0.46491003036499023,0.46384239196777344,0.4151020050048828,0.037433642603681073,0.9770672121190259,0.011216163635253906,180.0,150.0,30.0,1.0,1.0
2009-02-25,0.8123916666666667,1.2382944444444444,1.8983722222222221,1.5544986111111112,0.5739236111111111,1.8329097222222221,1.1424519841269842,0.5082717101106234,1.183025760833022,0.4546177401308804,2,2,0,2009-02-19,2009-02-18,149.0,5.89952278137207,646.4650735855103,4.33869176903027,4.674422740936279,0.9750439592698386,3.727631092071533,5.029486656188965,15.0,4.977052017862874,87.0,0.4890885353088379,13.065480709075928,0.15017793918478078,0.12737298011779785,0.12056841608736799,0.06358599662780762,0.18637359142303467,9.0,4.167389463919638,0.4890885353088379,0.477872371673584,0.46491003036499023,0.46384239196777344,0.4151020050048828,0.037433642603681073,0.9770672121190259,0.011216163635253906,180.0,150.0,30.0,1.0,1.0
2009-02-26,0.8033694444444445,0.8123916666666667,1.2382944444444444,1.8983722222222221,0.5119916666666667,1.3671250000000001,1.1765188492063492,0.47039561912576083,1.110131614007625,0.4231234990520068,3,2,0,2009-02-26,2009-02-25,149.0,5.89952278137207,659.5307660102844,4.426380979934795,4.801543712615967,0.9725259303193118,3.9198970794677734,5.08445930480957,15.0,4.977900295931735,86.0,0.4890885353088379,12.992647171020508,0.15107729268628498,0.1277223825454712,0.12052842605240122,0.06341993808746338,0.20189476013183594,9.0,4.157188621533784,0.4890885353088379,0.477872371673584,0.46491003036499023,0.46384239196777344,0.4151020050048828,0.037643486263501946,0.9770672121190259,0.011216163635253906,180.0,150.0,30.0,1.0,1.0
2009-02-27,1.4089708333333333,0.8033694444444445,0.8123916666666667,1.2382944444444444,1.3060666666666667,1.173626388888889,1.218144246031746,0.4109232729010331,1.069863360039371,0.42361007262615186,4,2,0,2009-02-26,2009-02-25,149.0,5.89952278137207,659.5307660102844,4.426380979934795,4.801543712615967,0.9725259303193118,3.9198970794677734,5.08445930480957,15.0,4.977900295931735,86.0,0.4890885353088379,12.992647171020508,0.15107729268628498,0.1277223825454712,0.12052842605240122,0.06341993808746338,0.20189476013183594,9.0,4.157188621533784,0.4890885353088379,0.477872371673584,0.46491003036499023,0.46384239196777344,0.4151020050048828,0.037643486263501946,0.9770672121190259,0.011216163635253906,180.0,150.0,30.0,1.0,1.0
2009-02-28,1.1324652777777777,1.4089708333333333,0.8033694444444445,0.8123916666666667,0.9140166666666667,1.6221098748261475,1.2328448412698414,0.416397105965481,1.0866736774996884,0.43261835327354625,5,2,1,2009-02-26,2009-02-25,149.0,5.89952278137207,659.5307660102844,4.426380979934795,4.801543712615967,0.9725259303193118,3.9198970794677734,5.08445930480957,15.0,4.977900295931735,86.0,0.4890885353088379,12.992647171020508,0.15107729268628498,0.1277223825454712,0.12052842605240122,0.06341993808746338,0.20189476013183594,9.0,4.157188621533784,0.4890885353088379,0.477872371673584,0.46491003036499023,0.46384239196777344,0.4151020050048828,0.037643486263501946,0.9770672121190259,0.011216163635253906,180.0,150.0,30.0,1.0,1.0
2009-03-01,1.7148200138985408,1.1324652777777777,1.4089708333333333,0.8033694444444445,1.5544986111111112,1.1014111111111111,1.2640517857142857,0.39621686766082276,1.051699063424805,0.4049066495541796,6,3,1,2009-02-26,2009-02-25,149.0,5.89952278137207,659.5307660102844,4.426380979934795,4.801543712615967,0.9725259303193118,3.9198970794677734,5.08445930480957,15.0,4.977900295931735,86.0,0.4890885353088379,12.992647171020508,0.15107729268628498,0.1277223825454712,0.12052842605240122,0.06341993808746338,0.20189476013183594,9.0,4.157188621533784,0.4890885353088379,0.477872371673584,0.46491003036499023,0.46384239196777344,0.4151020050048828,0.037643486263501946,0.9770672121190259,0.011216163635253906,180.0,150.0,30.0,1.0,1.0
2009-03-02,1.0260013888888888,1.7148200138985408,1.1324652777777777,1.4089708333333333,1.8983722222222221,0.9159680555555555,1.2869548432553473,0.4197395271986939,1.0955139850524784,0.44217328463312106,0,3,0,2009-02-26,2009-02-25,149.0,5.89952278137207,659.5307660102844,4.426380979934795,4.801543712615967,0.9725259303193118,3.9198970794677734,5.08445930480957,15.0,4.977900295931735,86.0,0.4890885353088379,12.992647171020508,0.15107729268628498,0.1277223825454712,0.12052842605240122,0.06341993808746338,0.20189476013183594,9.0,4.157188621533784,0.4890885353088379,0.477872371673584,0.46491003036499023,0.46384239196777344,0.4151020050048828,0.037643486263501946,0.9770672121190259,0.011216163635253906,180.0,150.0,30.0,1.0,1.0
2009-03-03,1.2839944444444444,1.0260013888888888,1.7148200138985408,1.1324652777777777,1.2382944444444444,0.5520466101694915,1.162330438493442,0.3272701285801341,1.1033735088620023,0.43970744014851454,1,3,0,2009-02-26,2009-02-25,149.0,5.89952278137207,659.5307660102844,4.426380979934795,4.801543712615967,0.9725259303193118,3.9198970794677734,5.08445930480957,15.0,4.977900295931735,86.0,0.4890885353088379,12.992647171020508,0.15107729268628498,0.1277223825454712,0.12052842605240122,0.06341993808746338,0.20189476013183594,9.0,4.157188621533784,0.4890885353088379,0.477872371673584,0.46491003036499023,0.46384239196777344,0.4151020050048828,0.037643486263501946,0.9770672121190259,0.011216163635253906,180.0,150.0,30.0,1.0,1.0
2009-03-04,1.2792569444444446,1.2839944444444444,1.0260013888888888,1.7148200138985408,0.8123916666666667,0.5739236111111111,1.168859009922014,0.32948638484636994,1.155655497024499,0.41173639000692186,2,3,0,2009-02-26,2009-02-25,149.0,5.89952278137207,659.5307660102844,4.426380979934795,4.801543712615967,0.9725259303193118,3.9198970794677734,5.08445930480957,15.0,4.977900295931735,86.0,0.4890885353088379,12.992647171020508,0.15107729268628498,0.1277223825454712,0.12052842605240122,0.06341993808746338,0.20189476013183594,9.0,4.157188621533784,0.4890885353088379,0.477872371673584,0.46491003036499023,0.46384239196777344,0.4151020050048828,0.037643486263501946,0.9770672121190259,0.011216163635253906,180.0,150.0,30.0,1.0,1.0
2009-03-05,1.0012583333333334,1.2792569444444446,1.2839944444444444,1.0260013888888888,0.8033694444444445,0.5119916666666667,1.2355540496045536,0.29021509428533865,1.2060364494054514,0.37674507589694245,3,3,0,2009-03-05,2009-03-04,149.0,5.89952278137207,678.7705390453339,4.555506973458616,4.846656799316406,0.9149698798447566,4.110666275024414,5.155921936035156,15.0,4.982018642235751,81.0,0.4890885353088379,12.495214700698853,0.15426190988517102,0.12737298011779785,0.122622599030002,0.06508898735046387,0.2151808738708496,9.0,4.097069779989971,0.4890885353088379,0.477872371673584,0.46491003036499023,0.46384239196777344,0.4151020050048828,0.03914206734530807,0.9770672121190259,0.011216163635253906,180.0,150.0,30.0,1.0,1.0
2009-03-06,1.238523611111111,1.0012583333333334,1.2792569444444446,1.2839944444444444,1.4089708333333333,1.3060666666666667,1.2638238908743948,0.24761040229696174,1.2409840684530704,0.3267928407627753,4,3,0,2009-03-05,2009-03-04,149.0,5.89952278137207,678.7705390453339,4.555506973458616,4.846656799316406,0.9149698798447566,4.110666275024414,5.155921936035156,15.0,4.982018642235751,81.0,0.4890885353088379,12.495214700698853,0.15426190988517102,0.12737298011779785,0.122622599030002,0.06508898735046387,0.2151808738708496,9.0,4.097069779989971,0.4890885353088379,0.477872371673584,0.46491003036499023,0.46384239196777344,0.4151020050048828,0.03914206734530807,0.9770672121190259,0.011216163635253906,180.0,150.0,30.0,1.0,1.0
2009-03-07,1.1781013888888887,1.238523611111111,1.0012583333333334,1.2792569444444446,1.1324652777777777,0.9140166666666667,1.2394742876997917,0.2391957409673704,1.2361595644848165,0.32625623926601055,5,3,1,2009-03-05,2009-03-04,149.0,5.89952278137207,678.7705390453339,4.555506973458616,4.846656799316406,0.9149698798447566,4.110666275024414,5.155921936035156,15.0,4.982018642235751,81.0,0.4890885353088379,12.495214700698853,0.15426190988517102,0.12737298011779785,0.122622599030002,0.06508898735046387,0.2151808738708496,9.0,4.097069779989971,0.4890885353088379,0.477872371673584,0.46491003036499023,0.46384239196777344,0.4151020050048828,0.03914206734530807,0.9770672121190259,0.011216163635253906,180.0,150.0,30.0,1.0,1.0
2009-03-08,1.6369208333333334,1.1781013888888887,1.238523611111111,1.0012583333333334,1.7148200138985408,1.5544986111111112,1.245993732144236,0.23639860313831898,1.2550227589292609,0.31358644511200157,6,3,1,2009-03-05,2009-03-04,149.0,5.89952278137207,678.7705390453339,4.555506973458616,4.846656799316406,0.9149698798447566,4.110666275024414,5.155921936035156,15.0,4.982018642235751,81.0,0.4890885353088379,12.495214700698853,0.15426190988517102,0.12737298011779785,0.122622599030002,0.06508898735046387,0.2151808738708496,9.0,4.097069779989971,0.4890885353088379,0.477872371673584,0.46491003036499023,0.46384239196777344,0.4151020050048828,0.03914206734530807,0.9770672121190259,0.011216163635253906,180.0,150.0,30.0,1.0,1.0
2009-03-09,1.170525,1.6369208333333334,1.1781013888888887,1.238523611111111,1.0260013888888888,1.8983722222222221,1.2348652777777775,0.21113377114163503,1.2609100605165622,0.32034225326714666,0,3,0,2009-03-05,2009-03-04,149.0,5.89952278137207,678.7705390453339,4.555506973458616,4.846656799316406,0.9149698798447566,4.110666275024414,5.155921936035156,15.0,4.982018642235751,81.0,0.4890885353088379,12.495214700698853,0.15426190988517102,0.12737298011779785,0.122622599030002,0.06508898735046387,0.2151808738708496,9.0,4.097069779989971,0.4890885353088379,0.477872371673584,0.46491003036499023,0.46384239196777344,0.4151020050048828,0.03914206734530807,0.9770672121190259,0.011216163635253906,180.0,150.0,30.0,1.0,1.0
2009-03-10,1.2751458333333334,1.170525,1.6369208333333334,1.1781013888888887,1.2839944444444444,1.2382944444444444,1.255511507936508,0.1936476591748061,1.208920973214975,0.2628278770993772,1,3,0,2009-03-05,2009-03-04,149.0,5.89952278137207,678.7705390453339,4.555506973458616,4.846656799316406,0.9149698798447566,4.110666275024414,5.155921936035156,15.0,4.982018642235751,81.0,0.4890885353088379,12.495214700698853,0.15426190988517102,0.12737298011779785,0.122622599030002,0.06508898735046387,0.2151808738708496,9.0,4.097069779989971,0.4890885353088379,0.477872371673584,0.46491003036499023,0.46384239196777344,0.4151020050048828,0.03914206734530807,0.9770672121190259,0.011216163635253906,180.0,150.0,30.0,1.0,1.0
2009-03-11,1.6707666666666667,1.2751458333333334,1.170525,1.6369208333333334,1.2792569444444446,0.8123916666666667,1.2542474206349206,0.19345953025030937,1.2115532152784672,0.2633287413477168,2,3,0,2009-03-05,2009-03-04,149.0,5.89952278137207,678.7705390453339,4.555506973458616,4.846656799316406,0.9149698798447566,4.110666275024414,5.155921936035156,15.0,4.982018642235751,81.0,0.4890885353088379,12.495214700698853,0.15426190988517102,0.12737298011779785,0.122622599030002,0.06508898735046387,0.2151808738708496,9.0,4.097069779989971,0.4890885353088379,0.477872371673584,0.46491003036499023,0.46384239196777344,0.4151020050048828,0.03914206734530807,0.9770672121190259,0.011216163635253906,180.0,150.0,30.0,1.0,1.0
2009-03-12,1.3105972222222222,1.6707666666666667,1.2751458333333334,1.170525,1.0012583333333334,0.8033694444444445,1.310177380952381,0.25017501269908043,1.272865715278467,0.26317064851467264,3,3,0,2009-03-12,2009-03-11,149.0,5.89952278137207,697.4919140338898,4.681153785462348,4.882748603820801,0.8332988464044279,4.247799873352051,5.22107458114624,15.0,4.986665012184215,78.0,0.4890885353088379,12.338220357894897,0.1581823122807038,0.12305116653442383,0.1243571419212824,0.06721043586730957,0.21057617664337158,8.0,4.068930702778046,0.4890885353088379,0.477872371673584,0.46491003036499023,0.46384239196777344,0.4529531002044678,0.039640119978557785,0.9770672121190259,0.011216163635253906,180.0,150.0,30.0,1.0,1.0
2009-03-13,1.0038333333333334,1.3105972222222222,1.6707666666666667,1.2751458333333334,1.238523611111111,1.4089708333333333,1.3543686507936508,0.21072270161180104,1.3090962708340228,0.2258290788699627,4,3,0,2009-03-12,2009-03-11,149.0,5.89952278137207,697.4919140338898,4.681153785462348,4.882748603820801,0.8332988464044279,4.247799873352051,5.22107458114624,15.0,4.986665012184215,78.0,0.4890885353088379,12.338220357894897,0.1581823122807038,0.12305116653442383,0.1243571419212824,0.06721043586730957,0.21057617664337158,8.0,4.068930702778046,0.4890885353088379,0.477872371673584,0.46491003036499023,0.46384239196777344,0.4529531002044678,0.039640119978557785,0.9770672121190259,0.011216163635253906,180.0,150.0,30.0,1.0,1.0
2009-03-14,1.4923805555555554,1.0038333333333334,1.3105972222222222,1.6707666666666667,1.1781013888888887,1.1324652777777777,1.3208414682539682,0.24765930012555137,1.2801578779768799,0.23769252146147646,5,3,1,2009-03-12,2009-03-11,149.0,5.89952278137207,697.4919140338898,4.681153785462348,4.882748603820801,0.8332988464044279,4.247799873352051,5.22107458114624,15.0,4.986665012184215,78.0,0.4890885353088379,12.338220357894897,0.1581823122807038,0.12305116653442383,0.1243571419212824,0.06721043586730957,0.21057617664337158,8.0,4.068930702778046,0.4890885353088379,0.477872371673584,0.46491003036499023,0.46384239196777344,0.4529531002044678,0.039640119978557785,0.9770672121190259,0.011216163635253906,180.0,150.0,30.0,1.0,1.0
2009-03-15,1.3486541666666665,1.4923805555555554,1.0038333333333334,1.3105972222222222,1.6369208333333334,1.7148200138985408,1.365738492063492,0.24595104615163793,1.305866112103864,0.23994280189587933,6,3,1,2009-03-12,2009-03-11,149.0,5.89952278137207,697.4919140338898,4.681153785462348,4.882748603820801,0.8332988464044279,4.247799873352051,5.22107458114624,15.0,4.986665012184215,78.0,0.4890885353088379,12.338220357894897,0.1581823122807038,0.12305116653442383,0.1243571419212824,0.06721043586730957,0.21057617664337158,8.0,4.068930702778046,0.4890885353088379,0.477872371673584,0.46491003036499023,0.46384239196777344,0.4529531002044678,0.039640119978557785,0.9770672121190259,0.011216163635253906,180.0,150.0,30.0,1.0,1.0
2009-03-16,0.9275413481584434,1.3486541666666665,1.4923805555555554,1.0038333333333334,1.170525,1.0260013888888888,1.3245575396825395,0.21518690275477792,1.2797114087301587,0.21002814665981479,0,3,0,2009-03-12,2009-03-11,149.0,5.89952278137207,697.4919140338898,4.681153785462348,4.882748603820801,0.8332988464044279,4.247799873352051,5.22107458114624,15.0,4.986665012184215,78.0,0.4890885353088379,12.338220357894897,0.1581823122807038,0.12305116653442383,0.1243571419212824,0.06721043586730957,0.21057617664337158,8.0,4.068930702778046,0.4890885353088379,0.477872371673584,0.46491003036499023,0.46384239196777344,0.4529531002044678,0.039640119978557785,0.9770672121190259,0.011216163635253906,180.0,150.0,30.0,1.0,1.0
2009-03-17,1.3416041666666667,0.9275413481584434,1.3486541666666665,1.4923805555555554,1.2751458333333334,1.2839944444444444,1.2898455894194603,0.25925978455240073,1.272678548677984,0.22056155826046117,1,3,0,2009-03-12,2009-03-11,149.0,5.89952278137207,697.4919140338898,4.681153785462348,4.882748603820801,0.8332988464044279,4.247799873352051,5.22107458114624,15.0,4.986665012184215,78.0,0.4890885353088379,12.338220357894897,0.1581823122807038,0.12305116653442383,0.1243571419212824,0.06721043586730957,0.21057617664337158,8.0,4.068930702778046,0.4890885353088379,0.477872371673584,0.46491003036499023,0.46384239196777344,0.4529531002044678,0.039640119978557785,0.9770672121190259,0.011216163635253906,180.0,150.0,30.0,1.0,1.0
2009-03-18,1.0074166666666666,1.3416041666666667,0.9275413481584434,1.3486541666666665,1.6707666666666667,1.2792569444444446,1.2993396370385077,0.2598479440702639,1.276793528836714,0.22132500314520173,2,3,0,2009-03-12,2009-03-11,149.0,5.89952278137207,697.4919140338898,4.681153785462348,4.882748603820801,0.8332988464044279,4.247799873352051,5.22107458114624,15.0,4.986665012184215,78.0,0.4890885353088379,12.338220357894897,0.1581823122807038,0.12305116653442383,0.1243571419212824,0.06721043586730957,0.21057617664337158,8.0,4.068930702778046,0.4890885353088379,0.477872371673584,0.46491003036499023,0.46384239196777344,0.4529531002044678,0.039640119978557785,0.9770672121190259,0.011216163635253906,180.0,150.0,30.0,1.0,1.0
2009-03-19,0.8274527777777777,1.0074166666666666,1.3416041666666667,0.9275413481584434,1.3105972222222222,1.0012583333333334,1.2045753513242219,0.21966824136600663,1.2573763661383013,0.2327232261355897,3,3,0,2009-03-19,2009-03-18,149.0,6.022434234619141,717.2673201560974,4.813874631920116,4.943391799926758,0.6898084897650456,4.494524955749512,5.301642417907715,15.0,4.993042536160132,85.0,0.4890885353088379,13.932110786437988,0.16390718572279986,0.1414194107055664,0.12577719528247183,0.06196308135986328,0.23288440704345703,9.0,4.150854456814162,0.4890885353088379,0.477872371673584,0.46491003036499023,0.46384239196777344,0.4151020050048828,0.03510512820389959,0.9770672121190259,0.011216163635253906,180.0,150.0,30.0,1.0,1.0
2009-03-20,1.016601388888889,0.8274527777777777,1.0074166666666666,1.3416041666666667,1.0038333333333334,1.238523611111111,1.135554716403587,0.2540205633554925,1.244961683598619,0.2513289912695626,4,3,0,2009-03-19,2009-03-18,149.0,6.022434234619141,717.2673201560974,4.813874631920116,4.943391799926758,0.6898084897650456,4.494524955749512,5.301642417907715,15.0,4.993042536160132,85.0,0.4890885353088379,13.932110786437988,0.16390718572279986,0.1414194107055664,0.12577719528247183,0.06196308135986328,0.23288440704345703,9.0,4.150854456814162,0.4890885353088379,0.477872371673584,0.46491003036499023,0.46384239196777344,0.4151020050048828,0.03510512820389959,0.9770672121190259,0.011216163635253906,180.0,150.0,30.0,1.0,1.0
2009-03-21,1.3402930555555554,1.016601388888889,0.8274527777777777,1.0074166666666666,1.4923805555555554,1.1781013888888887,1.137378724340095,0.2529607222405823,1.2291100962970316,0.2586578613396364,5,3,1,2009-03-19,2009-03-18,149.0,6.022434234619141,717.2673201560974,4.813874631920116,4.943391799926758,0.6898084897650456,4.494524955749512,5.301642417907715,15.0,4.993042536160132,85.0,0.4890885353088379,13.932110786437988,0.16390718572279986,0.1414194107055664,0.12577719528247183,0.06196308135986328,0.23288440704345703,9.0,4.150854456814162,0.4890885353088379,0.477872371673584,0.46491003036499023,0.46384239196777344,0.4151020050048828,0.03510512820389959,0.9770672121190259,0.011216163635253906,180.0,150.0,30.0,1.0,1.0
2009-03-22,1.1730347222222224,1.3402930555555554,1.016601388888889,0.8274527777777777,1.3486541666666665,1.6369208333333334,1.1156519386258092,0.22202789430715963,1.2406952153446507,0.25982705971139536,6,3,1,2009-03-19,2009-03-18,149.0,6.022434234619141,717.2673201560974,4.813874631920116,4.943391799926758,0.6898084897650456,4.494524955749512,5.301642417907715,15.0,4.993042536160132,85.0,0.4890885353088379,13.932110786437988,0.16390718572279986,0.1414194107055664,0.12577719528247183,0.06196308135986328,0.23288440704345703,9.0,4.150854456814162,0.4890885353088379,0.477872371673584,0.46491003036499023,0.46384239196777344,0.4151020050048828,0.03510512820389959,0.9770672121190259,0.011216163635253906,180.0,150.0,30.0,1.0,1.0
2009-03-23,0.9003125000000001,1.1730347222222224,1.3402930555555554,1.016601388888889,0.9275413481584434,1.170525,1.0905634465623173,0.2001562030206894,1.2075604931224286,0.23367363450270381,0,3,0,2009-03-19,2009-03-18,149.0,6.022434234619141,717.2673201560974,4.813874631920116,4.943391799926758,0.6898084897650456,4.494524955749512,5.301642417907715,15.0,4.993042536160132,85.0,0.4890885353088379,13.932110786437988,0.16390718572279986,0.1414194107055664,0.12577719528247183,0.06196308135986328,0.23288440704345703,9.0,4.150854456814162,0.4890885353088379,0.477872371673584,0.46491003036499023,0.46384239196777344,0.4151020050048828,0.03510512820389959,0.9770672121190259,0.011216163635253906,180.0,150.0,30.0,1.0,1.0
2009-03-24,1.1539666666666666,0.9003125000000001,1.1730347222222224,1.3402930555555554,1.3416041666666667,1.2751458333333334,1.086673611111111,0.20407855350613952,1.1882596002652857,0.24770611247045285,1,3,0,2009-03-19,2009-03-18,149.0,6.022434234619141,717.2673201560974,4.813874631920116,4.943391799926758,0.6898084897650456,4.494524955749512,5.301642417907715,15.0,4.993042536160132,85.0,0.4890885353088379,13.932110786437988,0.16390718572279986,0.1414194107055664,0.12577719528247183,0.06196308135986328,0.23288440704345703,9.0,4.150854456814162,0.4890885353088379,0.477872371673584,0.46491003036499023,0.46384239196777344,0.4151020050048828,0.03510512820389959,0.9770672121190259,0.011216163635253906,180.0,150.0,30.0,1.0,1.0
2009-03-25,1.2769263888888889,1.1539666666666666,0.9003125000000001,1.1730347222222224,1.0074166666666666,1.6707666666666667,1.059868253968254,0.17530802081678723,1.1796039455033809,0.24655098377180182,2,3,0,2009-03-19,2009-03-18,149.0,6.022434234619141,717.2673201560974,4.813874631920116,4.943391799926758,0.6898084897650456,4.494524955749512,5.301642417907715,15.0,4.993042536160132,85.0,0.4890885353088379,13.932110786437988,0.16390718572279986,0.1414194107055664,0.12577719528247183,0.06196308135986328,0.23288440704345703,9.0,4.150854456814162,0.4890885353088379,0.477872371673584,0.46491003036499023,0.46384239196777344,0.4151020050048828,0.03510512820389959,0.9770672121190259,0.011216163635253906,180.0,150.0,30.0,1.0,1.0
2009-03-26,0.8409749999999999,1.2769263888888889,1.1539666666666666,0.9003125000000001,0.8274527777777777,1.3105972222222222,1.098369642857143,0.1907808425376922,1.1514724970906822,0.20519926162969146,3,3,0,2009-03-26,2009-03-25,149.0,6.428778648376465,741.0636119842529,4.973581288484919,4.998365879058838,0.5786318338418761,4.743717670440674,5.288650035858154,15.0,4.9970905333512015,138.0,0.6750607490539551,22.86212730407715,0.16566758915997934,0.13514471054077148,0.1310547579663953,0.06988525390625,0.22462189197540283,14.0,4.626893636518326,0.6750607490539551,0.5450868606567383,0.5299482345581055,0.4890885353088379,0.477872371673584,0.029527468729192458,0.8074634192857976,0.1299738883972168,180.0,150.0,30.0,1.0,1.0
2009-03-27,1.1902263888888889,0.8409749999999999,1.2769263888888889,1.1539666666666666,1.016601388888889,1.0038333333333334,1.1003013888888888,0.18762280963161054,1.117928052646238,0.21532129510999629,4,3,0,2009-03-26,2009-03-25,149.0,6.428778648376465,741.0636119842529,4.973581288484919,4.998365879058838,0.5786318338418761,4.743717670440674,5.288650035858154,15.0,4.9970905333512015,138.0,0.6750607490539551,22.86212730407715,0.16566758915997934,0.13514471054077148,0.1310547579663953,0.06988525390625,0.22462189197540283,14.0,4.626893636518326,0.6750607490539551,0.5450868606567383,0.5299482345581055,0.4890885353088379,0.477872371673584,0.029527468729192458,0.8074634192857976,0.1299738883972168,180.0,150.0,30.0,1.0,1.0
2009-03-28,1.5701222222222222,1.1902263888888889,0.8409749999999999,1.2769263888888889,1.3402930555555554,1.4923805555555554,1.1251049603174603,0.18618458927458373,1.1312418423287778,0.21347855741185578,5,3,1,2009-03-26,2009-03-25,149.0,6.428778648376465,741.0636119842529,4.973581288484919,4.998365879058838,0.5786318338418761,4.743717670440674,5.288650035858154,15.0,4.9970905333512015,138.0,0.6750607490539551,22.86212730407715,0.16566758915997934,0.13514471054077148,0.1310547579663953,0.06988525390625,0.22462189197540283,14.0,4.626893636518326,0.6750607490539551,0.5450868606567383,0.5299482345581055,0.4890885353088379,0.477872371673584,0.029527468729192458,0.8074634192857976,0.1299738883972168,180.0,150.0,30.0,1.0,1.0
2009-03-29,1.5393402777777778,1.5701222222222222,1.1902263888888889,0.8409749999999999,1.1730347222222224,1.3486541666666665,1.1579376984126983,0.2422728262122657,1.1367948185192538,0.22433034504613336,6,3,1,2009-03-26,2009-03-25,149.0,6.428778648376465,741.0636119842529,4.973581288484919,4.998365879058838,0.5786318338418761,4.743717670440674,5.288650035858154,15.0,4.9970905333512015,138.0,0.6750607490539551,22.86212730407715,0.16566758915997934,0.13514471054077148,0.1310547579663953,0.06988525390625,0.22462189197540283,14.0,4.626893636518326,0.6750607490539551,0.5450868606567383,0.5299482345581055,0.4890885353088379,0.477872371673584,0.029527468729192458,0.8074634192857976,0.1299738883972168,180.0,150.0,30.0,1.0,1.0
2009-03-30,1.0260083333333334,1.5393402777777778,1.5701222222222222,1.1902263888888889,0.9003125000000001,0.9275413481584434,1.2102670634920634,0.28232611291331106,1.1504152550271904,0.24317998771305785,0,3,0,2009-03-26,2009-03-25,149.0,6.428778648376465,741.0636119842529,4.973581288484919,4.998365879058838,0.5786318338418761,4.743717670440674,5.288650035858154,15.0,4.9970905333512015,138.0,0.6750607490539551,22.86212730407715,0.16566758915997934,0.13514471054077148,0.1310547579663953,0.06988525390625,0.22462189197540283,14.0,4.626893636518326,0.6750607490539551,0.5450868606567383,0.5299482345581055,0.4890885353088379,0.477872371673584,0.029527468729192458,0.8074634192857976,0.1299738883972168,180.0,150.0,30.0,1.0,1.0
2009-03-31,1.2663069444444444,1.0260083333333334,1.5393402777777778,1.5701222222222222,1.1539666666666666,1.3416041666666667,1.2282236111111111,0.26263745264458666,1.157448611111111,0.2375979690969205,1,3,0,2009-03-26,2009-03-25,149.0,6.428778648376465,741.0636119842529,4.973581288484919,4.998365879058838,0.5786318338418761,4.743717670440674,5.288650035858154,15.0,4.9970905333512015,138.0,0.6750607490539551,22.86212730407715,0.16566758915997934,0.13514471054077148,0.1310547579663953,0.06988525390625,0.22462189197540283,14.0,4.626893636518326,0.6750607490539551,0.5450868606567383,0.5299482345581055,0.4890885353088379,0.477872371673584,0.029527468729192458,0.8074634192857976,0.1299738883972168,180.0,150.0,30.0,1.0,1.0
2009-04-01,1.1396805555555556,1.2663069444444444,1.0260083333333334,1.5393402777777778,1.2769263888888889,1.0074166666666666,1.244272222222222,0.26076935218669395,1.1520702380952381,0.23393263749219667,2,4,0,2009-03-26,2009-03-25,149.0,6.428778648376465,741.0636119842529,4.973581288484919,4.998365879058838,0.5786318338418761,4.743717670440674,5.288650035858154,15.0,4.9970905333512015,138.0,0.6750607490539551,22.86212730407715,0.16566758915997934,0.13514471054077148,0.1310547579663953,0.06988525390625,0.22462189197540283,14.0,4.626893636518326,0.6750607490539551,0.5450868606567383,0.5299482345581055,0.4890885353088379,0.477872371673584,0.029527468729192458,0.8074634192857976,0.1299738883972168,180.0,150.0,30.0,1.0,1.0
2009-04-02,1.1418986111111111,1.1396805555555556,1.2663069444444444,1.0260083333333334,0.8409749999999999,0.8274527777777777,1.2246656746031745,0.26305453661673095,1.1615176587301588,0.23028369149744415,3,4,0,2009-04-02,2009-04-01,149.0,6.428778648376465,720.6249270439148,4.836408906334999,4.9474029541015625,0.6513360741048204,4.279234409332275,5.192448139190674,15.0,4.994772478196817,98.0,0.5324053764343262,16.742560863494873,0.170842457790764,0.12712621688842773,0.1343446288901185,0.06750047206878662,0.2399740219116211,10.0,4.282196470612535,0.5324053764343262,0.5299482345581055,0.522519588470459,0.4890885353088379,0.477872371673584,0.03179951865040979,0.9953848289574443,0.002457141876220703,180.0,150.0,30.0,1.0,1.0
2009-04-03,0.9467083333333334,1.1418986111111111,1.1396805555555556,1.2663069444444444,1.1902263888888889,1.016601388888889,1.267654761904762,0.20891846776528056,1.1839780753968256,0.20960044394293034,4,4,0,2009-04-02,2009-04-01,149.0,6.428778648376465,720.6249270439148,4.836408906334999,4.9474029541015625,0.6513360741048204,4.279234409332275,5.192448139190674,15.0,4.994772478196817,98.0,0.5324053764343262,16.742560863494873,0.170842457790764,0.12712621688842773,0.1343446288901185,0.06750047206878662,0.2399740219116211,10.0,4.282196470612535,0.5324053764343262,0.5299482345581055,0.522519588470459,0.4890885353088379,0.477872371673584,0.03179951865040979,0.9953848289574443,0.002457141876220703,180.0,150.0,30.0,1.0,1.0
2009-04-04,1.5216888888888889,0.9467083333333334,1.1418986111111111,1.1396805555555556,1.5701222222222222,1.3402930555555554,1.2328664682539683,0.2416683114240422,1.1789857142857143,0.21466495239970218,5,4,1,2009-04-02,2009-04-01,149.0,6.428778648376465,720.6249270439148,4.836408906334999,4.9474029541015625,0.6513360741048204,4.279234409332275,5.192448139190674,15.0,4.994772478196817,98.0,0.5324053764343262,16.742560863494873,0.170842457790764,0.12712621688842773,0.1343446288901185,0.06750047206878662,0.2399740219116211,10.0,4.282196470612535,0.5324053764343262,0.5299482345581055,0.522519588470459,0.4890885353088379,0.477872371673584,0.03179951865040979,0.9953848289574443,0.002457141876220703,180.0,150.0,30.0,1.0,1.0
2009-04-05,0.9553583333333333,1.5216888888888889,0.9467083333333334,1.1418986111111111,1.5393402777777778,1.1730347222222224,1.2259474206349206,0.23085466965760224,1.1919425595238096,0.23007166660214914,6,4,1,2009-04-02,2009-04-01,149.0,6.428778648376465,720.6249270439148,4.836408906334999,4.9474029541015625,0.6513360741048204,4.279234409332275,5.192448139190674,15.0,4.994772478196817,98.0,0.5324053764343262,16.742560863494873,0.170842457790764,0.12712621688842773,0.1343446288901185,0.06750047206878662,0.2399740219116211,10.0,4.282196470612535,0.5324053764343262,0.5299482345581055,0.522519588470459,0.4890885353088379,0.477872371673584,0.03179951865040979,0.9953848289574443,0.002457141876220703,180.0,150.0,30.0,1.0,1.0
2009-04-06,1.0087736111111112,0.9553583333333333,1.5216888888888889,0.9467083333333334,1.0260083333333334,0.9003125000000001,1.1425214285714287,0.2025040613635599,1.176394246031746,0.23864339699589676,0,4,0,2009-04-02,2009-04-01,149.0,6.428778648376465,720.6249270439148,4.836408906334999,4.9474029541015625,0.6513360741048204,4.279234409332275,5.192448139190674,15.0,4.994772478196817,98.0,0.5324053764343262,16.742560863494873,0.170842457790764,0.12712621688842773,0.1343446288901185,0.06750047206878662,0.2399740219116211,10.0,4.282196470612535,0.5324053764343262,0.5299482345581055,0.522519588470459,0.4890885353088379,0.477872371673584,0.03179951865040979,0.9953848289574443,0.002457141876220703,180.0,150.0,30.0,1.0,1.0
2009-04-07,1.0000638888888889,1.0087736111111112,0.9553583333333333,1.5216888888888889,1.2663069444444444,1.1539666666666666,1.1400593253968254,0.20425397297709155,1.1841414682539682,0.2306168978590396,1,4,0,2009-04-02,2009-04-01,149.0,6.428778648376465,720.6249270439148,4.836408906334999,4.9474029541015625,0.6513360741048204,4.279234409332275,5.192448139190674,15.0,4.994772478196817,98.0,0.5324053764343262,16.742560863494873,0.170842457790764,0.12712621688842773,0.1343446288901185,0.06750047206878662,0.2399740219116211,10.0,4.282196470612535,0.5324053764343262,0.5299482345581055,0.522519588470459,0.4890885353088379,0.477872371673584,0.03179951865040979,0.9953848289574443,0.002457141876220703,180.0,150.0,30.0,1.0,1.0
2009-04-08,1.0656944444444443,1.0000638888888889,1.0087736111111112,0.9553583333333333,1.1396805555555556,1.2769263888888889,1.1020246031746033,0.2015985669293315,1.1731484126984129,0.23577632348403962,2,4,0,2009-04-02,2009-04-01,149.0,6.428778648376465,720.6249270439148,4.836408906334999,4.9474029541015625,0.6513360741048204,4.279234409332275,5.192448139190674,15.0,4.994772478196817,98.0,0.5324053764343262,16.742560863494873,0.170842457790764,0.12712621688842773,0.1343446288901185,0.06750047206878662,0.2399740219116211,10.0,4.282196470612535,0.5324053764343262,0.5299482345581055,0.522519588470459,0.4890885353088379,0.477872371673584,0.03179951865040979,0.9953848289574443,0.002457141876220703,180.0,150.0,30.0,1.0,1.0
2009-04-09,1.3128277777777777,1.0656944444444443,1.0000638888888889,1.0087736111111112,1.1418986111111111,0.8409749999999999,1.0914551587301589,0.2012344448317075,1.1580604166666666,0.23538276381496576,3,4,0,2009-04-09,2009-04-08,149.0,6.428778648376465,701.0467796325684,4.705011943842741,4.870066165924072,0.7617893972471973,3.950634002685547,5.17008638381958,15.0,4.990593956239705,67.0,0.9751343727111816,11.766220092773438,0.17561522526527518,0.11803054809570312,0.1718223336024555,0.060537099838256836,0.24791312217712402,7.0,3.7934273238898237,0.9751343727111816,0.5324053764343262,0.5064089298248291,0.4890885353088379,0.477872371673584,0.08287575491725575,0.545981550167359,0.44272899627685547,180.0,150.0,30.0,1.0,1.0
2009-04-10,1.2792458333333334,1.3128277777777777,1.0656944444444443,1.0000638888888889,0.9467083333333334,1.1902263888888889,1.1158736111111112,0.2180440626645147,1.1917641865079365,0.2197502338664496,4,4,0,2009-04-09,2009-04-08,149.0,6.428778648376465,701.0467796325684,4.705011943842741,4.870066165924072,0.7617893972471973,3.950634002685547,5.17008638381958,15.0,4.990593956239705,67.0,0.9751343727111816,11.766220092773438,0.17561522526527518,0.11803054809570312,0.1718223336024555,0.060537099838256836,0.24791312217712402,7.0,3.7934273238898237,0.9751343727111816,0.5324053764343262,0.5064089298248291,0.4890885353088379,0.477872371673584,0.08287575491725575,0.545981550167359,0.44272899627685547,180.0,150.0,30.0,1.0,1.0
2009-04-11,1.7100319444444443,1.2792458333333334,1.3128277777777777,1.0656944444444443,1.5216888888888889,1.5701222222222222,1.1633789682539681,0.21116169107534016,1.1981227182539682,0.22098673636545607,5,4,1,2009-04-09,2009-04-08,149.0,6.428778648376465,701.0467796325684,4.705011943842741,4.870066165924072,0.7617893972471973,3.950634002685547,5.17008638381958,15.0,4.990593956239705,67.0,0.9751343727111816,11.766220092773438,0.17561522526527518,0.11803054809570312,0.1718223336024555,0.060537099838256836,0.24791312217712402,7.0,3.7934273238898237,0.9751343727111816,0.5324053764343262,0.5064089298248291,0.4890885353088379,0.477872371673584,0.08287575491725575,0.545981550167359,0.44272899627685547,180.0,150.0,30.0,1.0,1.0
2009-04-12,1.486813888888889,1.7100319444444443,1.2792458333333334,1.3128277777777777,0.9553583333333333,1.5393402777777778,1.1902851190476191,0.26861107235976356,1.2081162698412697,0.2413306093822705,6,4,1,2009-04-09,2009-04-08,149.0,6.428778648376465,701.0467796325684,4.705011943842741,4.870066165924072,0.7617893972471973,3.950634002685547,5.17008638381958,15.0,4.990593956239705,67.0,0.9751343727111816,11.766220092773438,0.17561522526527518,0.11803054809570312,0.1718223336024555,0.060537099838256836,0.24791312217712402,7.0,3.7934273238898237,0.9751343727111816,0.5324053764343262,0.5064089298248291,0.4890885353088379,0.477872371673584,0.08287575491725575,0.545981550167359,0.44272899627685547,180.0,150.0,30.0,1.0,1.0
2009-04-13,1.1116995827538247,1.486813888888889,1.7100319444444443,1.2792458333333334,1.0087736111111112,1.0260083333333334,1.2662073412698411,0.2662395159353645,1.2043643849206351,0.23613750325824912,0,4,0,2009-04-09,2009-04-08,149.0,6.428778648376465,701.0467796325684,4.705011943842741,4.870066165924072,0.7617893972471973,3.950634002685547,5.17008638381958,15.0,4.990593956239705,67.0,0.9751343727111816,11.766220092773438,0.17561522526527518,0.11803054809570312,0.1718223336024555,0.060537099838256836,0.24791312217712402,7.0,3.7934273238898237,0.9751343727111816,0.5324053764343262,0.5064089298248291,0.4890885353088379,0.477872371673584,0.08287575491725575,0.545981550167359,0.44272899627685547,180.0,150.0,30.0,1.0,1.0
2009-04-14,1.0427347222222223,1.1116995827538247,1.486813888888889,1.7100319444444443,1.0000638888888889,1.2663069444444444,1.2809110515045146,0.2521203440913793,1.2104851884506702,0.23223717169280772,1,4,0,2009-04-09,2009-04-08,149.0,6.428778648376465,701.0467796325684,4.705011943842741,4.870066165924072,0.7617893972471973,3.950634002685547,5.17008638381958,15.0,4.990593956239705,67.0,0.9751343727111816,11.766220092773438,0.17561522526527518,0.11803054809570312,0.1718223336024555,0.060537099838256836,0.24791312217712402,7.0,3.7934273238898237,0.9751343727111816,0.5324053764343262,0.5064089298248291,0.4890885353088379,0.477872371673584,0.08287575491725575,0.545981550167359,0.44272899627685547,180.0,150.0,30.0,1.0,1.0
2009-04-15,0.8444875,1.0427347222222223,1.1116995827538247,1.486813888888889,1.0656944444444443,1.1396805555555556,1.287006884837848,0.2446019651806713,1.1945157440062257,0.2357634370429402,2,4,0,2009-04-09,2009-04-08,149.0,6.428778648376465,701.0467796325684,4.705011943842741,4.870066165924072,0.7617893972471973,3.950634002685547,5.17008638381958,15.0,4.990593956239705,67.0,0.9751343727111816,11.766220092773438,0.17561522526527518,0.11803054809570312,0.1718223336024555,0.060537099838256836,0.24791312217712402,7.0,3.7934273238898237,0.9751343727111816,0.5324053764343262,0.5064089298248291,0.4890885353088379,0.477872371673584,0.08287575491725575,0.545981550167359,0.44272899627685547,180.0,150.0,30.0,1.0,1.0
2009-04-16,1.0864749999999999,0.8444875,1.0427347222222223,1.1116995827538247,1.3128277777777777,1.1418986111111111,1.2554058927743559,0.288338510264724,1.1734305257522573,0.2535722990373483,3,4,0,2009-04-16,2009-04-15,149.0,6.428778648376465,682.9481127262115,4.583544380712829,4.794500350952148,0.7964091625286485,3.8080902099609375,5.128482341766357,15.0,4.988630683155419,63.0,0.7571930885314941,10.147669315338135,0.16107411611647832,0.10863828659057617,0.14860404232597788,0.045154571533203125,0.24791312217712402,7.0,3.732304976778533,0.7571930885314941,0.5064089298248291,0.4336891174316406,0.40811872482299805,0.39083385467529297,0.07461743825126443,0.6687976125177824,0.25078415870666504,180.0,150.0,30.0,1.0,1.0
2009-04-17,1.4186180555555554,1.0864749999999999,0.8444875,1.0427347222222223,1.2792458333333334,0.9467083333333334,1.2230697816632448,0.29347219746049336,1.169471696387178,0.25453327273913795,4,4,0,2009-04-16,2009-04-15,149.0,6.428778648376465,682.9481127262115,4.583544380712829,4.794500350952148,0.7964091625286485,3.8080902099609375,5.128482341766357,15.0,4.988630683155419,63.0,0.7571930885314941,10.147669315338135,0.16107411611647832,0.10863828659057617,0.14860404232597788,0.045154571533203125,0.24791312217712402,7.0,3.732304976778533,0.7571930885314941,0.5064089298248291,0.4336891174316406,0.40811872482299805,0.39083385467529297,0.07461743825126443,0.6687976125177824,0.25078415870666504,180.0,150.0,30.0,1.0,1.0
2009-04-18,1.0501847222222223,1.4186180555555554,1.0864749999999999,0.8444875,1.7100319444444443,1.5216888888888889,1.2429800991235622,0.3025073050206592,1.2031795336887652,0.2540104126177245,5,4,1,2009-04-16,2009-04-15,149.0,6.428778648376465,682.9481127262115,4.583544380712829,4.794500350952148,0.7964091625286485,3.8080902099609375,5.128482341766357,15.0,4.988630683155419,63.0,0.7571930885314941,10.147669315338135,0.16107411611647832,0.10863828659057617,0.14860404232597788,0.045154571533203125,0.24791312217712402,7.0,3.732304976778533,0.7571930885314941,0.5064089298248291,0.4336891174316406,0.40811872482299805,0.39083385467529297,0.07461743825126443,0.6687976125177824,0.25078415870666504,180.0,150.0,30.0,1.0,1.0
2009-04-19,0.8933805555555556,1.0501847222222223,1.4186180555555554,1.0864749999999999,1.486813888888889,0.9553583333333333,1.1487162102346733,0.2257937419574409,1.1695006646411463,0.23936715317334634,6,4,1,2009-04-16,2009-04-15,149.0,6.428778648376465,682.9481127262115,4.583544380712829,4.794500350952148,0.7964091625286485,3.8080902099609375,5.128482341766357,15.0,4.988630683155419,63.0,0.7571930885314941,10.147669315338135,0.16107411611647832,0.10863828659057617,0.14860404232597788,0.045154571533203125,0.24791312217712402,7.0,3.732304976778533,0.7571930885314941,0.5064089298248291,0.4336891174316406,0.40811872482299805,0.39083385467529297,0.07461743825126443,0.6687976125177824,0.25078415870666504,180.0,150.0,30.0,1.0,1.0
2009-04-20,1.0322986111111112,0.8933805555555556,1.0501847222222223,1.4186180555555554,1.1116995827538247,1.0087736111111112,1.063940019758483,0.18550567034474272,1.1650736805141622,0.24415745931091662,0,4,0,2009-04-16,2009-04-15,149.0,6.428778648376465,682.9481127262115,4.583544380712829,4.794500350952148,0.7964091625286485,3.8080902099609375,5.128482341766357,15.0,4.988630683155419,63.0,0.7571930885314941,10.147669315338135,0.16107411611647832,0.10863828659057617,0.14860404232597788,0.045154571533203125,0.24791312217712402,7.0,3.732304976778533,0.7571930885314941,0.5064089298248291,0.4336891174316406,0.40811872482299805,0.39083385467529297,0.07461743825126443,0.6687976125177824,0.25078415870666504,180.0,150.0,30.0,1.0,1.0
2009-04-21,1.3156930555555555,1.0322986111111112,0.8933805555555556,1.0501847222222223,1.0427347222222223,1.0000638888888889,1.052597023809524,0.18452356686175658,1.1667540376570193,0.2430775788067077,1,4,0,2009-04-16,2009-04-15,149.0,6.428778648376465,682.9481127262115,4.583544380712829,4.794500350952148,0.7964091625286485,3.8080902099609375,5.128482341766357,15.0,4.988630683155419,63.0,0.7571930885314941,10.147669315338135,0.16107411611647832,0.10863828659057617,0.14860404232597788,0.045154571533203125,0.24791312217712402,7.0,3.732304976778533,0.7571930885314941,0.5064089298248291,0.4336891174316406,0.40811872482299805,0.39083385467529297,0.07461743825126443,0.6687976125177824,0.25078415870666504,180.0,150.0,30.0,1.0,1.0
2009-04-22,1.0390263888888889,1.3156930555555555,1.0322986111111112,0.8933805555555556,0.8444875,1.0656944444444443,1.0915910714285715,0.20927342045125502,1.1892989781332095,0.24105674495088272,2,4,0,2009-04-16,2009-04-15,149.0,6.428778648376465,682.9481127262115,4.583544380712829,4.794500350952148,0.7964091625286485,3.8080902099609375,5.128482341766357,15.0,4.988630683155419,63.0,0.7571930885314941,10.147669315338135,0.16107411611647832,0.10863828659057617,0.14860404232597788,0.045154571533203125,0.24791312217712402,7.0,3.732304976778533,0.7571930885314941,0.5064089298248291,0.4336891174316406,0.40811872482299805,0.39083385467529297,0.07461743825126443,0.6687976125177824,0.25078415870666504,180.0,150.0,30.0,1.0,1.0
2009-04-23,0.7926805555555556,1.0390263888888889,1.3156930555555555,1.0322986111111112,1.0864749999999999,1.3128277777777777,1.1193823412698412,0.18214855435706787,1.1873941170220985,0.24221122014122817,3,4,0,2009-04-23,2009-04-22,149.0,6.35451602935791,661.4951171875,4.4395645448825505,4.589277744293213,0.8151421701864467,3.7291603088378906,4.987632751464844,15.0,4.986985312842066,61.0,0.6270337104797363,10.359510898590088,0.16982804751787028,0.13169240951538086,0.14233752507067188,0.04598426818847656,0.2638707160949707,7.0,3.747123818630035,0.6270337104797363,0.4336891174316406,0.4236156940460205,0.4151794910430908,0.4119892120361328,0.060527346958539764,0.691651996030373,0.1933445930480957,180.0,150.0,30.0,1.0,1.0
2009-04-24,0.8292,0.7926805555555556,1.0390263888888889,1.3156930555555555,1.4186180555555554,1.2792458333333334,1.0774117063492064,0.2207521232197557,1.1502407440062257,0.26067981328332407,4,4,0,2009-04-23,2009-04-22,149.0,6.35451602935791,661.4951171875,4.4395645448825505,4.589277744293213,0.8151421701864467,3.7291603088378906,4.987632751464844,15.0,4.986985312842066,61.0,0.6270337104797363,10.359510898590088,0.16982804751787028,0.13169240951538086,0.14233752507067188,0.04598426818847656,0.2638707160949707,7.0,3.747123818630035,0.6270337104797363,0.4336891174316406,0.4236156940460205,0.4151794910430908,0.4119892120361328,0.060527346958539764,0.691651996030373,0.1933445930480957,180.0,150.0,30.0,1.0,1.0
2009-04-25,1.404363888888889,0.8292,0.7926805555555556,1.0390263888888889,1.0501847222222223,1.7100319444444443,0.9932091269841269,0.17698670254386817,1.1180946130538447,0.27108885282553563,5,4,1,2009-04-23,2009-04-22,149.0,6.35451602935791,661.4951171875,4.4395645448825505,4.589277744293213,0.8151421701864467,3.7291603088378906,4.987632751464844,15.0,4.986985312842066,61.0,0.6270337104797363,10.359510898590088,0.16982804751787028,0.13169240951538086,0.14233752507067188,0.04598426818847656,0.2638707160949707,7.0,3.747123818630035,0.6270337104797363,0.4336891174316406,0.4236156940460205,0.4151794910430908,0.4119892120361328,0.060527346958539764,0.691651996030373,0.1933445930480957,180.0,150.0,30.0,1.0,1.0
2009-04-26,1.2372402777777778,1.404363888888889,0.8292,0.7926805555555556,0.8933805555555556,1.486813888888889,1.043806150793651,0.23658239062381198,1.096261180514162,0.22875006023777816,6,4,1,2009-04-23,2009-04-22,149.0,6.35451602935791,661.4951171875,4.4395645448825505,4.589277744293213,0.8151421701864467,3.7291603088378906,4.987632751464844,15.0,4.986985312842066,61.0,0.6270337104797363,10.359510898590088,0.16982804751787028,0.13169240951538086,0.14233752507067188,0.04598426818847656,0.2638707160949707,7.0,3.747123818630035,0.6270337104797363,0.4336891174316406,0.4236156940460205,0.4151794910430908,0.4119892120361328,0.060527346958539764,0.691651996030373,0.1933445930480957,180.0,150.0,30.0,1.0,1.0
2009-04-27,0.9386305555555555,1.2372402777777778,1.404363888888889,0.8292,1.0322986111111112,1.1116995827538247,1.0929289682539682,0.23584066257128217,1.0784344940062256,0.2044016197596388,0,4,0,2009-04-23,2009-04-22,149.0,6.35451602935791,661.4951171875,4.4395645448825505,4.589277744293213,0.8151421701864467,3.7291603088378906,4.987632751464844,15.0,4.986985312842066,61.0,0.6270337104797363,10.359510898590088,0.16982804751787028,0.13169240951538086,0.14233752507067188,0.04598426818847656,0.2638707160949707,7.0,3.747123818630035,0.6270337104797363,0.4336891174316406,0.4236156940460205,0.4151794910430908,0.4119892120361328,0.060527346958539764,0.691651996030373,0.1933445930480957,180.0,150.0,30.0,1.0,1.0
2009-04-28,1.1849902777777777,0.9386305555555555,1.2372402777777778,1.404363888888889,1.3156930555555555,1.0427347222222223,1.0795478174603175,0.24241956821126262,1.0660724206349206,0.2074458912119087,1,4,0,2009-04-23,2009-04-22,149.0,6.35451602935791,661.4951171875,4.4395645448825505,4.589277744293213,0.8151421701864467,3.7291603088378906,4.987632751464844,15.0,4.986985312842066,61.0,0.6270337104797363,10.359510898590088,0.16982804751787028,0.13169240951538086,0.14233752507067188,0.04598426818847656,0.2638707160949707,7.0,3.747123818630035,0.6270337104797363,0.4336891174316406,0.4236156940460205,0.4151794910430908,0.4119892120361328,0.060527346958539764,0.691651996030373,0.1933445930480957,180.0,150.0,30.0,1.0,1.0
2009-04-29,1.1560277777777779,1.1849902777777777,0.9386305555555555,1.2372402777777778,1.0390263888888889,0.8444875,1.060875992063492,0.2256533336143464,1.0762335317460316,0.2096867086546046,2,4,0,2009-04-23,2009-04-22,149.0,6.35451602935791,661.4951171875,4.4395645448825505,4.589277744293213,0.8151421701864467,3.7291603088378906,4.987632751464844,15.0,4.986985312842066,61.0,0.6270337104797363,10.359510898590088,0.16982804751787028,0.13169240951538086,0.14233752507067188,0.04598426818847656,0.2638707160949707,7.0,3.747123818630035,0.6270337104797363,0.4336891174316406,0.4236156940460205,0.4151794910430908,0.4119892120361328,0.060527346958539764,0.691651996030373,0.1933445930480957,180.0,150.0,30.0,1.0,1.0
2009-04-30,1.2741402777777777,1.1560277777777779,1.1849902777777777,0.9386305555555555,0.7926805555555556,1.0864749999999999,1.0775904761904762,0.22808529147956802,1.0984864087301587,0.1994837445114388,3,4,0,2009-04-30,2009-04-29,149.0,6.35451602935791,641.3998773097992,4.304697163153015,4.432776927947998,0.7722800598342171,3.508387327194214,4.950743675231934,15.0,4.9877495149659445,65.0,0.560248851776123,11.029472351074219,0.16968419001652643,0.12613582611083984,0.14209273834110783,0.0439906120300293,0.26589155197143555,7.0,3.810881691221264,0.560248851776123,0.4336891174316406,0.4331536293029785,0.42937302589416504,0.4151794910430908,0.05079561686571139,0.774100859032093,0.12655973434448242,180.0,150.0,30.0,1.0,1.0
2009-05-01,1.0505569444444445,1.2741402777777777,1.1560277777777779,1.1849902777777777,0.8292,1.4186180555555554,1.1463704365079364,0.19852824407576147,1.1118910714285712,0.20484766464541856,4,5,0,2009-04-30,2009-04-29,149.0,6.35451602935791,641.3998773097992,4.304697163153015,4.432776927947998,0.7722800598342171,3.508387327194214,4.950743675231934,15.0,4.9877495149659445,65.0,0.560248851776123,11.029472351074219,0.16968419001652643,0.12613582611083984,0.14209273834110783,0.0439906120300293,0.26589155197143555,7.0,3.810881691221264,0.560248851776123,0.4336891174316406,0.4331536293029785,0.42937302589416504,0.4151794910430908,0.05079561686571139,0.774100859032093,0.12655973434448242,180.0,150.0,30.0,1.0,1.0
2009-05-02,0.9679930555555556,1.0505569444444445,1.2741402777777777,1.1560277777777779,1.404363888888889,1.0501847222222223,1.1779928571428573,0.15169271529087727,1.085600992063492,0.18512312550504265,5,5,1,2009-04-30,2009-04-29,149.0,6.35451602935791,641.3998773097992,4.304697163153015,4.432776927947998,0.7722800598342171,3.508387327194214,4.950743675231934,15.0,4.9877495149659445,65.0,0.560248851776123,11.029472351074219,0.16968419001652643,0.12613582611083984,0.14209273834110783,0.0439906120300293,0.26589155197143555,7.0,3.810881691221264,0.560248851776123,0.4336891174316406,0.4331536293029785,0.42937302589416504,0.4151794910430908,0.05079561686571139,0.774100859032093,0.12655973434448242,180.0,150.0,30.0,1.0,1.0
2009-05-03,1.1172763888888888,0.9679930555555556,1.0505569444444445,1.2741402777777777,1.2372402777777778,0.8933805555555556,1.1156541666666666,0.1314770991306416,1.0797301587301589,0.18761913379167947,6,5,1,2009-04-30,2009-04-29,149.0,6.35451602935791,641.3998773097992,4.304697163153015,4.432776927947998,0.7722800598342171,3.508387327194214,4.950743675231934,15.0,4.9877495149659445,65.0,0.560248851776123,11.029472351074219,0.16968419001652643,0.12613582611083984,0.14209273834110783,0.0439906120300293,0.26589155197143555,7.0,3.810881691221264,0.560248851776123,0.4336891174316406,0.4331536293029785,0.42937302589416504,0.4151794910430908,0.05079561686571139,0.774100859032093,0.12655973434448242,180.0,150.0,30.0,1.0,1.0
2009-05-04,1.158251388888889,1.1172763888888888,0.9679930555555556,1.0505569444444445,0.9386305555555555,1.0322986111111112,1.0985164682539683,0.12033350171950812,1.0957227182539682,0.17989635672021836,0,5,0,2009-04-30,2009-04-29,149.0,6.35451602935791,641.3998773097992,4.304697163153015,4.432776927947998,0.7722800598342171,3.508387327194214,4.950743675231934,15.0,4.9877495149659445,65.0,0.560248851776123,11.029472351074219,0.16968419001652643,0.12613582611083984,0.14209273834110783,0.0439906120300293,0.26589155197143555,7.0,3.810881691221264,0.560248851776123,0.4336891174316406,0.4331536293029785,0.42937302589416504,0.4151794910430908,0.05079561686571139,0.774100859032093,0.12655973434448242,180.0,150.0,30.0,1.0,1.0
2009-05-05,1.2024124999999999,1.158251388888889,1.1172763888888888,0.9679930555555556,1.1849902777777777,1.3156930555555555,1.129890873015873,0.09831513325457038,1.1047193452380952,0.1796297808572965,1,5,0,2009-04-30,2009-04-29,149.0,6.35451602935791,641.3998773097992,4.304697163153015,4.432776927947998,0.7722800598342171,3.508387327194214,4.950743675231934,15.0,4.9877495149659445,65.0,0.560248851776123,11.029472351074219,0.16968419001652643,0.12613582611083984,0.14209273834110783,0.0439906120300293,0.26589155197143555,7.0,3.810881691221264,0.560248851776123,0.4336891174316406,0.4331536293029785,0.42937302589416504,0.4151794910430908,0.05079561686571139,0.774100859032093,0.12655973434448242,180.0,150.0,30.0,1.0,1.0
2009-05-06,0.9374319444444444,1.2024124999999999,1.158251388888889,1.1172763888888888,1.1560277777777779,1.0390263888888889,1.132379761904762,0.10014595395486836,1.0966278769841271,0.17177503092575505,2,5,0,2009-04-30,2009-04-29,149.0,6.35451602935791,641.3998773097992,4.304697163153015,4.432776927947998,0.7722800598342171,3.508387327194214,4.950743675231934,15.0,4.9877495149659445,65.0,0.560248851776123,11.029472351074219,0.16968419001652643,0.12613582611083984,0.14209273834110783,0.0439906120300293,0.26589155197143555,7.0,3.810881691221264,0.560248851776123,0.4336891174316406,0.4331536293029785,0.42937302589416504,0.4151794910430908,0.05079561686571139,0.774100859032093,0.12655973434448242,180.0,150.0,30.0,1.0,1.0
2009-05-07,0.7032277777777778,0.9374319444444444,1.2024124999999999,1.158251388888889,1.2741402777777777,0.7926805555555556,1.1011517857142856,0.12301381356059338,1.089371130952381,0.1764772298820396,3,5,0,2009-05-07,2009-05-06,149.0,5.4860944747924805,623.7594058513641,4.186304737257477,4.204408168792725,0.7379166264299949,3.460897207260132,4.890705108642578,15.0,4.988314232768221,72.0,0.4581737518310547,11.196537256240845,0.15550746189223397,0.13317358493804932,0.11645240788321948,0.04534173011779785,0.24272781610488892,8.0,3.979649088620131,0.4581737518310547,0.4336891174316406,0.3887174129486084,0.36723852157592773,0.3527669906616211,0.040921022396962325,0.9465603729991883,0.024484634399414062,180.0,150.0,30.0,1.0,1.0
2009-05-08,1.2896916666666667,0.7032277777777778,0.9374319444444444,1.2024124999999999,1.0505569444444445,0.8292,1.0195928571428572,0.1696318935509754,1.0829816468253968,0.18920574865977938,4,5,0,2009-05-07,2009-05-06,149.0,5.4860944747924805,623.7594058513641,4.186304737257477,4.204408168792725,0.7379166264299949,3.460897207260132,4.890705108642578,15.0,4.988314232768221,72.0,0.4581737518310547,11.196537256240845,0.15550746189223397,0.13317358493804932,0.11645240788321948,0.04534173011779785,0.24272781610488892,8.0,3.979649088620131,0.4581737518310547,0.4336891174316406,0.3887174129486084,0.36723852157592773,0.3527669906616211,0.040921022396962325,0.9465603729991883,0.024484634399414062,180.0,150.0,30.0,1.0,1.0
2009-05-09,0.8759388888888889,1.2896916666666667,0.7032277777777778,0.9374319444444444,0.9679930555555556,1.404363888888889,1.0537549603174603,0.1985258685951327,1.1158739087301586,0.18156624024755022,5,5,1,2009-05-07,2009-05-06,149.0,5.4860944747924805,623.7594058513641,4.186304737257477,4.204408168792725,0.7379166264299949,3.460897207260132,4.890705108642578,15.0,4.988314232768221,72.0,0.4581737518310547,11.196537256240845,0.15550746189223397,0.13317358493804932,0.11645240788321948,0.04534173011779785,0.24272781610488892,8.0,3.979649088620131,0.4581737518310547,0.4336891174316406,0.3887174129486084,0.36723852157592773,0.3527669906616211,0.040921022396962325,0.9465603729991883,0.024484634399414062,180.0,150.0,30.0,1.0,1.0
2009-05-10,1.366610145934677,0.8759388888888889,1.2896916666666667,0.7032277777777778,1.1172763888888888,1.2372402777777778,1.0406043650793653,0.20797756564623265,1.078129265873016,0.1716344565912072,6,5,1,2009-05-07,2009-05-06,149.0,5.4860944747924805,623.7594058513641,4.186304737257477,4.204408168792725,0.7379166264299949,3.460897207260132,4.890705108642578,15.0,4.988314232768221,72.0,0.4581737518310547,11.196537256240845,0.15550746189223397,0.13317358493804932,0.11645240788321948,0.04534173011779785,0.24272781610488892,8.0,3.979649088620131,0.4581737518310547,0.4336891174316406,0.3887174129486084,0.36723852157592773,0.3527669906616211,0.040921022396962325,0.9465603729991883,0.024484634399414062,180.0,150.0,30.0,1.0,1.0
2009-05-11,1.0535944444444445,1.366610145934677,0.8759388888888889,1.2896916666666667,1.158251388888889,0.9386305555555555,1.0762234732287632,0.24188431488741446,1.0873699707413658,0.18390391769009842,0,5,0,2009-05-07,2009-05-06,149.0,5.4860944747924805,623.7594058513641,4.186304737257477,4.204408168792725,0.7379166264299949,3.460897207260132,4.890705108642578,15.0,4.988314232768221,72.0,0.4581737518310547,11.196537256240845,0.15550746189223397,0.13317358493804932,0.11645240788321948,0.04534173011779785,0.24272781610488892,8.0,3.979649088620131,0.4581737518310547,0.4336891174316406,0.3887174129486084,0.36723852157592773,0.3527669906616211,0.040921022396962325,0.9465603729991883,0.024484634399414062,180.0,150.0,30.0,1.0,1.0
2009-05-12,1.1291361111111111,1.0535944444444445,1.366610145934677,0.8759388888888889,1.2024124999999999,1.1849902777777777,1.0612724811652712,0.23918852382647227,1.095581677090572,0.17925954219713913,1,5,0,2009-05-07,2009-05-06,149.0,5.4860944747924805,623.7594058513641,4.186304737257477,4.204408168792725,0.7379166264299949,3.460897207260132,4.890705108642578,15.0,4.988314232768221,72.0,0.4581737518310547,11.196537256240845,0.15550746189223397,0.13317358493804932,0.11645240788321948,0.04534173011779785,0.24272781610488892,8.0,3.979649088620131,0.4581737518310547,0.4336891174316406,0.3887174129486084,0.36723852157592773,0.3527669906616211,0.040921022396962325,0.9465603729991883,0.024484634399414062,180.0,150.0,30.0,1.0,1.0
2009-05-13,0.8655541666666666,1.1291361111111111,1.0535944444444445,1.366610145934677,0.9374319444444444,1.1560277777777779,1.0508044256097158,0.23351830964069314,1.0915920937572388,0.17773163702759778,2,5,0,2009-05-07,2009-05-06,149.0,5.4860944747924805,623.7594058513641,4.186304737257477,4.204408168792725,0.7379166264299949,3.460897207260132,4.890705108642578,15.0,4.988314232768221,72.0,0.4581737518310547,11.196537256240845,0.15550746189223397,0.13317358493804932,0.11645240788321948,0.04534173011779785,0.24272781610488892,8.0,3.979649088620131,0.4581737518310547,0.4336891174316406,0.3887174129486084,0.36723852157592773,0.3527669906616211,0.040921022396962325,0.9465603729991883,0.024484634399414062,180.0,150.0,30.0,1.0,1.0
2009-05-14,1.115961111111111,0.8655541666666666,1.1291361111111111,1.0535944444444445,0.7032277777777778,1.2741402777777777,1.0405361716414618,0.24080112309423882,1.0708439786778736,0.1863754192285403,3,5,0,2009-05-14,2009-05-13,149.0,5.4860944747924805,610.025130033493,4.094128389486531,3.88446044921875,0.7520156252980104,3.3413186073303223,4.870066165924072,15.0,4.98711268098457,78.0,0.49027490615844727,13.585922718048096,0.174178496385232,0.17355608940124512,0.12530311800959432,0.050543129444122314,0.2545037865638733,8.0,4.078626589504786,0.49027490615844727,0.48337841033935547,0.45611095428466797,0.4336891174316406,0.39530014991760254,0.036086978877566116,0.9859334105570906,0.006896495819091797,180.0,150.0,30.0,1.0,1.0
2009-05-15,0.9876569444444445,1.115961111111111,0.8655541666666666,1.1291361111111111,1.2896916666666667,1.0505569444444445,1.0994980764033664,0.18951143797130968,1.059545466773112,0.17769557823544882,4,5,0,2009-05-14,2009-05-13,149.0,5.4860944747924805,610.025130033493,4.094128389486531,3.88446044921875,0.7520156252980104,3.3413186073303223,4.870066165924072,15.0,4.98711268098457,78.0,0.49027490615844727,13.585922718048096,0.174178496385232,0.17355608940124512,0.12530311800959432,0.050543129444122314,0.2545037865638733,8.0,4.078626589504786,0.49027490615844727,0.48337841033935547,0.45611095428466797,0.4336891174316406,0.39530014991760254,0.036086978877566116,0.9859334105570906,0.006896495819091797,180.0,150.0,30.0,1.0,1.0
2009-05-16,1.3940124999999999,0.9876569444444445,1.115961111111111,0.8655541666666666,0.8759388888888889,0.9679930555555556,1.0563502589430491,0.1726220383241986,1.0550526096302548,0.1787324829958616,5,5,1,2009-05-14,2009-05-13,149.0,5.4860944747924805,610.025130033493,4.094128389486531,3.88446044921875,0.7520156252980104,3.3413186073303223,4.870066165924072,15.0,4.98711268098457,78.0,0.49027490615844727,13.585922718048096,0.174178496385232,0.17355608940124512,0.12530311800959432,0.050543129444122314,0.2545037865638733,8.0,4.078626589504786,0.49027490615844727,0.48337841033935547,0.45611095428466797,0.4336891174316406,0.39530014991760254,0.036086978877566116,0.9859334105570906,0.006896495819091797,180.0,150.0,30.0,1.0,1.0
2009-05-17,1.0720583333333333,1.3940124999999999,0.9876569444444445,1.115961111111111,1.366610145934677,1.1172763888888888,1.130360774816065,0.19231694329217028,1.0854825699477149,0.19799758987405128,6,5,1,2009-05-14,2009-05-13,149.0,5.4860944747924805,610.025130033493,4.094128389486531,3.88446044921875,0.7520156252980104,3.3413186073303223,4.870066165924072,15.0,4.98711268098457,78.0,0.49027490615844727,13.585922718048096,0.174178496385232,0.17355608940124512,0.12530311800959432,0.050543129444122314,0.2545037865638733,8.0,4.078626589504786,0.49027490615844727,0.48337841033935547,0.45611095428466797,0.4336891174316406,0.39530014991760254,0.036086978877566116,0.9859334105570906,0.006896495819091797,180.0,150.0,30.0,1.0,1.0
2009-05-18,0.8402124999999999,1.0720583333333333,1.3940124999999999,0.9876569444444445,1.0535944444444445,1.158251388888889,1.0882819444444445,0.16181566345395604,1.0822527088366038,0.19780777536125338,0,5,0,2009-05-14,2009-05-13,149.0,5.4860944747924805,610.025130033493,4.094128389486531,3.88446044921875,0.7520156252980104,3.3413186073303223,4.870066165924072,15.0,4.98711268098457,78.0,0.49027490615844727,13.585922718048096,0.174178496385232,0.17355608940124512,0.12530311800959432,0.050543129444122314,0.2545037865638733,8.0,4.078626589504786,0.49027490615844727,0.48337841033935547,0.45611095428466797,0.4336891174316406,0.39530014991760254,0.036086978877566116,0.9859334105570906,0.006896495819091797,180.0,150.0,30.0,1.0,1.0
2009-05-19,1.1231555555555557,0.8402124999999999,1.0720583333333333,1.3940124999999999,1.1291361111111111,1.2024124999999999,1.0577988095238096,0.18749956872966425,1.0595356453445404,0.20648070530195933,1,5,0,2009-05-14,2009-05-13,149.0,5.4860944747924805,610.025130033493,4.094128389486531,3.88446044921875,0.7520156252980104,3.3413186073303223,4.870066165924072,15.0,4.98711268098457,78.0,0.49027490615844727,13.585922718048096,0.174178496385232,0.17355608940124512,0.12530311800959432,0.050543129444122314,0.2545037865638733,8.0,4.078626589504786,0.49027490615844727,0.48337841033935547,0.45611095428466797,0.4336891174316406,0.39530014991760254,0.036086978877566116,0.9859334105570906,0.006896495819091797,180.0,150.0,30.0,1.0,1.0
2009-05-20,0.907751388888889,1.1231555555555557,0.8402124999999999,1.0720583333333333,0.8655541666666666,0.9374319444444444,1.0569444444444442,0.1871336036628818,1.0538744350270801,0.20332442222549937,2,5,0,2009-05-14,2009-05-13,149.0,5.4860944747924805,610.025130033493,4.094128389486531,3.88446044921875,0.7520156252980104,3.3413186073303223,4.870066165924072,15.0,4.98711268098457,78.0,0.49027490615844727,13.585922718048096,0.174178496385232,0.17355608940124512,0.12530311800959432,0.050543129444122314,0.2545037865638733,8.0,4.078626589504786,0.49027490615844727,0.48337841033935547,0.45611095428466797,0.4336891174316406,0.39530014991760254,0.036086978877566116,0.9859334105570906,0.006896495819091797,180.0,150.0,30.0,1.0,1.0
2009-05-21,1.0938541666666668,0.907751388888889,1.1231555555555557,0.8402124999999999,1.115961111111111,0.7032277777777778,1.062972619047619,0.18050294129365455,1.0517543953445403,0.20478146622067636,3,5,0,2009-05-21,2009-05-20,149.0,5.4860944747924805,595.860232591629,3.9990619637022085,3.787825345993042,0.7878729460556423,3.2968194484710693,4.862096786499023,15.0,4.984678580554442,86.0,0.47727203369140625,12.379775524139404,0.1439508781876675,0.11475980281829834,0.11395452815000408,0.04448902606964111,0.22718799114227295,9.0,4.133419371867589,0.47727203369140625,0.4336891174316406,0.4333477020263672,0.4007914066314697,0.32865333557128906,0.03855255959696284,0.9086832808478668,0.043582916259765625,180.0,150.0,30.0,1.0,1.0
2009-05-22,0.7463930555555556,1.0938541666666668,0.907751388888889,1.1231555555555557,0.9876569444444445,1.2896916666666667,1.0598144841269843,0.1796125199203873,1.0796562802651752,0.17857625194005944,4,5,0,2009-05-21,2009-05-20,149.0,5.4860944747924805,595.860232591629,3.9990619637022085,3.787825345993042,0.7878729460556423,3.2968194484710693,4.862096786499023,15.0,4.984678580554442,86.0,0.47727203369140625,12.379775524139404,0.1439508781876675,0.11475980281829834,0.11395452815000408,0.04448902606964111,0.22718799114227295,9.0,4.133419371867589,0.47727203369140625,0.4336891174316406,0.4333477020263672,0.4007914066314697,0.32865333557128906,0.03855255959696284,0.9086832808478668,0.043582916259765625,180.0,150.0,30.0,1.0,1.0
2009-05-23,1.0629152777777777,0.7463930555555556,1.0938541666666668,0.907751388888889,1.3940124999999999,0.8759388888888889,1.0253482142857142,0.2153581354125522,1.0408492366143818,0.18819566563444692,5,5,1,2009-05-21,2009-05-20,149.0,5.4860944747924805,595.860232591629,3.9990619637022085,3.787825345993042,0.7878729460556423,3.2968194484710693,4.862096786499023,15.0,4.984678580554442,86.0,0.47727203369140625,12.379775524139404,0.1439508781876675,0.11475980281829834,0.11395452815000408,0.04448902606964111,0.22718799114227295,9.0,4.133419371867589,0.47727203369140625,0.4336891174316406,0.4333477020263672,0.4007914066314697,0.32865333557128906,0.03855255959696284,0.9086832808478668,0.043582916259765625,180.0,150.0,30.0,1.0,1.0
2009-05-24,0.8942958333333334,1.0629152777777777,0.7463930555555556,1.0938541666666668,1.0720583333333333,1.366610145934677,0.9780486111111112,0.14612319026828757,1.054204692963588,0.18212912657533906,6,5,1,2009-05-21,2009-05-20,149.0,5.4860944747924805,595.860232591629,3.9990619637022085,3.787825345993042,0.7878729460556423,3.2968194484710693,4.862096786499023,15.0,4.984678580554442,86.0,0.47727203369140625,12.379775524139404,0.1439508781876675,0.11475980281829834,0.11395452815000408,0.04448902606964111,0.22718799114227295,9.0,4.133419371867589,0.47727203369140625,0.4336891174316406,0.4333477020263672,0.4007914066314697,0.32865333557128906,0.03855255959696284,0.9086832808478668,0.043582916259765625,180.0,150.0,30.0,1.0,1.0
2009-05-25,0.9403444444444444,0.8942958333333334,1.0629152777777777,0.7463930555555556,0.8402124999999999,1.0535944444444445,0.9526539682539683,0.14246309762963977,1.0204679563492063,0.16249558017444685,0,5,0,2009-05-21,2009-05-20,149.0,5.4860944747924805,595.860232591629,3.9990619637022085,3.787825345993042,0.7878729460556423,3.2968194484710693,4.862096786499023,15.0,4.984678580554442,86.0,0.47727203369140625,12.379775524139404,0.1439508781876675,0.11475980281829834,0.11395452815000408,0.04448902606964111,0.22718799114227295,9.0,4.133419371867589,0.47727203369140625,0.4336891174316406,0.4333477020263672,0.4007914066314697,0.32865333557128906,0.03855255959696284,0.9086832808478668,0.043582916259765625,180.0,150.0,30.0,1.0,1.0
2009-05-26,0.9308796102992345,0.9403444444444444,0.8942958333333334,1.0629152777777777,1.1231555555555557,1.1291361111111111,0.9669585317460319,0.1340711887728642,1.0123786706349207,0.163535194478431,1,5,0,2009-05-21,2009-05-20,149.0,5.4860944747924805,595.860232591629,3.9990619637022085,3.787825345993042,0.7878729460556423,3.2968194484710693,4.862096786499023,15.0,4.984678580554442,86.0,0.47727203369140625,12.379775524139404,0.1439508781876675,0.11475980281829834,0.11395452815000408,0.04448902606964111,0.22718799114227295,9.0,4.133419371867589,0.47727203369140625,0.4336891174316406,0.4333477020263672,0.4007914066314697,0.32865333557128906,0.03855255959696284,0.9086832808478668,0.043582916259765625,180.0,150.0,30.0,1.0,1.0
2009-05-27,1.072425,0.9308796102992345,0.9403444444444444,0.8942958333333334,0.907751388888889,0.8655541666666666,0.9394905395665573,0.11508927413029008,0.9982174920055009,0.16121441265901518,2,5,0,2009-05-21,2009-05-20,149.0,5.4860944747924805,595.860232591629,3.9990619637022085,3.787825345993042,0.7878729460556423,3.2968194484710693,4.862096786499023,15.0,4.984678580554442,86.0,0.47727203369140625,12.379775524139404,0.1439508781876675,0.11475980281829834,0.11395452815000408,0.04448902606964111,0.22718799114227295,9.0,4.133419371867589,0.47727203369140625,0.4336891174316406,0.4333477020263672,0.4007914066314697,0.32865333557128906,0.03855255959696284,0.9086832808478668,0.043582916259765625,180.0,150.0,30.0,1.0,1.0
2009-05-28,0.8192611111111112,1.072425,0.9308796102992345,0.9403444444444444,1.0938541666666668,1.115961111111111,0.963015341153859,0.12400505982684787,1.0129939801007388,0.15755865842567468,3,5,0,2009-05-28,2009-05-27,149.0,5.4860944747924805,588.2428243160248,3.9479384182283543,3.7291603088378906,0.857286624400816,3.212722063064575,4.871176719665527,15.0,4.980611204335723,90.0,0.3681070804595947,10.178975582122803,0.11309972869025336,0.09160268306732178,0.09899289716463201,0.027616918087005615,0.17388838529586792,9.0,4.102625347105367,0.3681070804595947,0.343966007232666,0.3426082134246826,0.3214411735534668,0.3204035758972168,0.03616347023231849,0.9344183404546641,0.02414107322692871,180.0,150.0,30.0,1.0,1.0
2009-05-29,0.8630875,0.8192611111111112,1.072425,0.9308796102992345,0.7463930555555556,0.9876569444444445,0.9237877617887795,0.11905068156718394,0.9918011229578818,0.16251953130620242,4,5,0,2009-05-28,2009-05-27,149.0,5.4860944747924805,588.2428243160248,3.9479384182283543,3.7291603088378906,0.857286624400816,3.212722063064575,4.871176719665527,15.0,4.980611204335723,90.0,0.3681070804595947,10.178975582122803,0.11309972869025336,0.09160268306732178,0.09899289716463201,0.027616918087005615,0.17388838529586792,9.0,4.102625347105367,0.3681070804595947,0.343966007232666,0.3426082134246826,0.3214411735534668,0.3204035758972168,0.03616347023231849,0.9344183404546641,0.02414107322692871,180.0,150.0,30.0,1.0,1.0
2009-05-30,1.1521569444444444,0.8630875,0.8192611111111112,1.072425,1.0629152777777777,1.3940124999999999,0.9404583967094144,0.0960109873840157,0.9829033054975643,0.1661337276620238,5,5,1,2009-05-28,2009-05-27,149.0,5.4860944747924805,588.2428243160248,3.9479384182283543,3.7291603088378906,0.857286624400816,3.212722063064575,4.871176719665527,15.0,4.980611204335723,90.0,0.3681070804595947,10.178975582122803,0.11309972869025336,0.09160268306732178,0.09899289716463201,0.027616918087005615,0.17388838529586792,9.0,4.102625347105367,0.3681070804595947,0.343966007232666,0.3426082134246826,0.3214411735534668,0.3204035758972168,0.03616347023231849,0.9344183404546641,0.02414107322692871,180.0,150.0,30.0,1.0,1.0
2009-05-31,0.6645069444444445,1.1521569444444444,0.8630875,0.8192611111111112,0.8942958333333334,1.0720583333333333,0.953207206233224,0.11831562349138502,0.9656279086721676,0.12838142534743424,6,5,1,2009-05-28,2009-05-27,149.0,5.4860944747924805,588.2428243160248,3.9479384182283543,3.7291603088378906,0.857286624400816,3.212722063064575,4.871176719665527,15.0,4.980611204335723,90.0,0.3681070804595947,10.178975582122803,0.11309972869025336,0.09160268306732178,0.09899289716463201,0.027616918087005615,0.17388838529586792,9.0,4.102625347105367,0.3681070804595947,0.343966007232666,0.3426082134246826,0.3214411735534668,0.3204035758972168,0.03616347023231849,0.9344183404546641,0.02414107322692871,180.0,150.0,30.0,1.0,1.0
2009-06-01,1.0022638888888888,0.6645069444444445,1.1521569444444444,0.8630875,0.9403444444444444,0.8402124999999999,0.9203802221062398,0.16141330782847324,0.9365170951801041,0.1472166175294624,0,6,0,2009-05-28,2009-05-27,149.0,5.4860944747924805,588.2428243160248,3.9479384182283543,3.7291603088378906,0.857286624400816,3.212722063064575,4.871176719665527,15.0,4.980611204335723,90.0,0.3681070804595947,10.178975582122803,0.11309972869025336,0.09160268306732178,0.09899289716463201,0.027616918087005615,0.17388838529586792,9.0,4.102625347105367,0.3681070804595947,0.343966007232666,0.3426082134246826,0.3214411735534668,0.3204035758972168,0.03616347023231849,0.9344183404546641,0.02414107322692871,180.0,150.0,30.0,1.0,1.0
2009-06-02,0.7573875,1.0022638888888888,0.6645069444444445,1.1521569444444444,0.9308796102992345,1.1231555555555557,0.9292258570268748,0.16435945545102035,0.9480921943864533,0.14542188681050988,1,6,0,2009-05-28,2009-05-27,149.0,5.4860944747924805,588.2428243160248,3.9479384182283543,3.7291603088378906,0.857286624400816,3.212722063064575,4.871176719665527,15.0,4.980611204335723,90.0,0.3681070804595947,10.178975582122803,0.11309972869025336,0.09160268306732178,0.09899289716463201,0.027616918087005615,0.17388838529586792,9.0,4.102625347105367,0.3681070804595947,0.343966007232666,0.3426082134246826,0.3214411735534668,0.3204035758972168,0.03616347023231849,0.9344183404546641,0.02414107322692871,180.0,150.0,30.0,1.0,1.0
2009-06-03,0.9420680555555555,0.7573875,1.0022638888888888,0.6645069444444445,1.072425,0.907751388888889,0.9044412698412698,0.176687077101967,0.9219659047039136,0.14440401789291324,2,6,0,2009-05-28,2009-05-27,149.0,5.4860944747924805,588.2428243160248,3.9479384182283543,3.7291603088378906,0.857286624400816,3.212722063064575,4.871176719665527,15.0,4.980611204335723,90.0,0.3681070804595947,10.178975582122803,0.11309972869025336,0.09160268306732178,0.09899289716463201,0.027616918087005615,0.17388838529586792,9.0,4.102625347105367,0.3681070804595947,0.343966007232666,0.3426082134246826,0.3214411735534668,0.3204035758972168,0.03616347023231849,0.9344183404546641,0.02414107322692871,180.0,150.0,30.0,1.0,1.0
2009-06-04,0.7192083333333333,0.9420680555555555,0.7573875,1.0022638888888888,0.8192611111111112,1.0938541666666668,0.8858188492063492,0.1623163674443822,0.9244170951801041,0.14443542403481457,3,6,0,2009-06-04,2009-06-03,149.0,5.4860944747924805,581.6329007148743,3.903576514864928,3.492633104324341,0.9103014602551366,3.177090883255005,4.902043342590332,15.0,4.977069093048334,109.0,0.3954002857208252,12.977934837341309,0.11906362236092943,0.09930562973022461,0.09743705633447515,0.03418445587158203,0.17885446548461914,11.0,4.336203499169707,0.3954002857208252,0.3426082134246826,0.3214411735534668,0.31371235847473145,0.3084404468536377,0.03046711905064765,0.8664844862215989,0.05279207229614258,180.0,150.0,30.0,1.0,1.0
2009-06-05,0.8544166666666666,0.7192083333333333,0.9420680555555555,0.7573875,0.8630875,0.7463930555555556,0.8715255952380953,0.17319481832998962,0.8976566785134373,0.1453316441935029,4,6,0,2009-06-04,2009-06-03,149.0,5.4860944747924805,581.6329007148743,3.903576514864928,3.492633104324341,0.9103014602551366,3.177090883255005,4.902043342590332,15.0,4.977069093048334,109.0,0.3954002857208252,12.977934837341309,0.11906362236092943,0.09930562973022461,0.09743705633447515,0.03418445587158203,0.17885446548461914,11.0,4.336203499169707,0.3954002857208252,0.3426082134246826,0.3214411735534668,0.31371235847473145,0.3084404468536377,0.03046711905064765,0.8664844862215989,0.05279207229614258,180.0,150.0,30.0,1.0,1.0
2009-06-06,1.0246180555555555,0.8544166666666666,0.7192083333333333,0.9420680555555555,1.1521569444444444,1.0629152777777777,0.8702869047619047,0.17329620311530827,0.9053726507356596,0.1394307758388526,5,6,1,2009-06-04,2009-06-03,149.0,5.4860944747924805,581.6329007148743,3.903576514864928,3.492633104324341,0.9103014602551366,3.177090883255005,4.902043342590332,15.0,4.977069093048334,109.0,0.3954002857208252,12.977934837341309,0.11906362236092943,0.09930562973022461,0.09743705633447515,0.03418445587158203,0.17885446548461914,11.0,4.336203499169707,0.3954002857208252,0.3426082134246826,0.3214411735534668,0.31371235847473145,0.3084404468536377,0.03046711905064765,0.8664844862215989,0.05279207229614258,180.0,150.0,30.0,1.0,1.0
2009-06-07,0.8384666666666667,1.0246180555555555,0.8544166666666666,0.7192083333333333,0.6645069444444445,0.8942958333333334,0.8520670634920636,0.14273115205895603,0.9026371348626437,0.13644589258393983,6,6,1,2009-06-04,2009-06-03,149.0,5.4860944747924805,581.6329007148743,3.903576514864928,3.492633104324341,0.9103014602551366,3.177090883255005,4.902043342590332,15.0,4.977069093048334,109.0,0.3954002857208252,12.977934837341309,0.11906362236092943,0.09930562973022461,0.09743705633447515,0.03418445587158203,0.17885446548461914,11.0,4.336203499169707,0.3954002857208252,0.3426082134246826,0.3214411735534668,0.31371235847473145,0.3084404468536377,0.03046711905064765,0.8664844862215989,0.05279207229614258,180.0,150.0,30.0,1.0,1.0
2009-06-08,0.8185944444444445,0.8384666666666667,1.0246180555555555,0.8544166666666666,1.0022638888888888,0.9403444444444444,0.8769184523809523,0.11755574736918488,0.8986493372435962,0.13752003968617868,0,6,0,2009-06-04,2009-06-03,149.0,5.4860944747924805,581.6329007148743,3.903576514864928,3.492633104324341,0.9103014602551366,3.177090883255005,4.902043342590332,15.0,4.977069093048334,109.0,0.3954002857208252,12.977934837341309,0.11906362236092943,0.09930562973022461,0.09743705633447515,0.03418445587158203,0.17885446548461914,11.0,4.336203499169707,0.3954002857208252,0.3426082134246826,0.3214411735534668,0.31371235847473145,0.3084404468536377,0.03046711905064765,0.8664844862215989,0.05279207229614258,180.0,150.0,30.0,1.0,1.0
2009-06-09,0.9255902777777777,0.8185944444444445,0.8384666666666667,1.0246180555555555,0.7573875,0.9308796102992345,0.8506799603174604,0.10471160762240879,0.8899529086721676,0.13852642369897647,1,6,0,2009-06-04,2009-06-03,149.0,5.4860944747924805,581.6329007148743,3.903576514864928,3.492633104324341,0.9103014602551366,3.177090883255005,4.902043342590332,15.0,4.977069093048334,109.0,0.3954002857208252,12.977934837341309,0.11906362236092943,0.09930562973022461,0.09743705633447515,0.03418445587158203,0.17885446548461914,11.0,4.336203499169707,0.3954002857208252,0.3426082134246826,0.3214411735534668,0.31371235847473145,0.3084404468536377,0.03046711905064765,0.8664844862215989,0.05279207229614258,180.0,150.0,30.0,1.0,1.0
2009-06-10,1.1131916666666668,0.9255902777777777,0.8185944444444445,0.8384666666666667,0.9420680555555555,1.072425,0.8747089285714286,0.09887151420546256,0.8895750992063493,0.13841338297555028,2,6,0,2009-06-04,2009-06-03,149.0,5.4860944747924805,581.6329007148743,3.903576514864928,3.492633104324341,0.9103014602551366,3.177090883255005,4.902043342590332,15.0,4.977069093048334,109.0,0.3954002857208252,12.977934837341309,0.11906362236092943,0.09930562973022461,0.09743705633447515,0.03418445587158203,0.17885446548461914,11.0,4.336203499169707,0.3954002857208252,0.3426082134246826,0.3214411735534668,0.31371235847473145,0.3084404468536377,0.03046711905064765,0.8664844862215989,0.05279207229614258,180.0,150.0,30.0,1.0,1.0
2009-06-11,0.9032291666666667,1.1131916666666668,0.9255902777777777,0.8185944444444445,0.7192083333333333,0.8192611111111112,0.8991551587301588,0.13342094733474819,0.8924870039682541,0.14291175706580553,3,6,0,2009-06-11,2009-06-10,149.0,5.4860944747924805,572.7805647850037,3.8441648643288837,3.413017749786377,0.9827035114398172,3.1098897457122803,4.902043342590332,15.0,4.97131589376014,121.0,0.5060336589813232,13.882506847381592,0.1147314615486082,0.09671783447265625,0.09671875976056499,0.03418445587158203,0.16728472709655762,13.0,4.432418397987284,0.5060336589813232,0.3426082134246826,0.3214411735534668,0.31371235847473145,0.3084404468536377,0.0364511730153958,0.6770462939449007,0.16342544555664062,180.0,150.0,30.0,1.0,1.0
2009-06-12,0.7650916666666666,0.9032291666666667,1.1131916666666668,0.9255902777777777,0.8544166666666666,0.8630875,0.9254438492063493,0.10770713839528889,0.8984847222222222,0.14135573236299506,4,6,0,2009-06-11,2009-06-10,149.0,5.4860944747924805,572.7805647850037,3.8441648643288837,3.413017749786377,0.9827035114398172,3.1098897457122803,4.902043342590332,15.0,4.97131589376014,121.0,0.5060336589813232,13.882506847381592,0.1147314615486082,0.09671783447265625,0.09671875976056499,0.03418445587158203,0.16728472709655762,13.0,4.432418397987284,0.5060336589813232,0.3426082134246826,0.3214411735534668,0.31371235847473145,0.3084404468536377,0.0364511730153958,0.6770462939449007,0.16342544555664062,180.0,150.0,30.0,1.0,1.0
2009-06-13,0.4739333333333333,0.7650916666666666,0.9032291666666667,1.1131916666666668,1.0246180555555555,1.1521569444444444,0.9126831349206349,0.12188319336558387,0.8914850198412699,0.14560578026245935,5,6,1,2009-06-11,2009-06-10,149.0,5.4860944747924805,572.7805647850037,3.8441648643288837,3.413017749786377,0.9827035114398172,3.1098897457122803,4.902043342590332,15.0,4.97131589376014,121.0,0.5060336589813232,13.882506847381592,0.1147314615486082,0.09671783447265625,0.09671875976056499,0.03418445587158203,0.16728472709655762,13.0,4.432418397987284,0.5060336589813232,0.3426082134246826,0.3214411735534668,0.31371235847473145,0.3084404468536377,0.0364511730153958,0.6770462939449007,0.16342544555664062,180.0,150.0,30.0,1.0,1.0
2009-06-14,0.6287981387478849,0.4739333333333333,0.7650916666666666,0.9032291666666667,0.8384666666666667,0.6645069444444445,0.834013888888889,0.19398586159257308,0.8430404761904761,0.16388478304818188,6,6,1,2009-06-11,2009-06-10,149.0,5.4860944747924805,572.7805647850037,3.8441648643288837,3.413017749786377,0.9827035114398172,3.1098897457122803,4.902043342590332,15.0,4.97131589376014,121.0,0.5060336589813232,13.882506847381592,0.1147314615486082,0.09671783447265625,0.09671875976056499,0.03418445587158203,0.16728472709655762,13.0,4.432418397987284,0.5060336589813232,0.3426082134246826,0.3214411735534668,0.31371235847473145,0.3084404468536377,0.0364511730153958,0.6770462939449007,0.16342544555664062,180.0,150.0,30.0,1.0,1.0
2009-06-15,0.7836629441624365,0.6287981387478849,0.4739333333333333,0.7650916666666666,0.8185944444444445,1.0022638888888888,0.8040612420433487,0.20880478781687353,0.8404898472121506,0.1671230234961217,0,6,0,2009-06-11,2009-06-10,149.0,5.4860944747924805,572.7805647850037,3.8441648643288837,3.413017749786377,0.9827035114398172,3.1098897457122803,4.902043342590332,15.0,4.97131589376014,121.0,0.5060336589813232,13.882506847381592,0.1147314615486082,0.09671783447265625,0.09671875976056499,0.03418445587158203,0.16728472709655762,13.0,4.432418397987284,0.5060336589813232,0.3426082134246826,0.3214411735534668,0.31371235847473145,0.3084404468536377,0.0364511730153958,0.6770462939449007,0.16342544555664062,180.0,150.0,30.0,1.0,1.0
2009-06-16,1.047772222222222,0.7836629441624365,0.6287981387478849,0.4739333333333333,0.9255902777777777,0.7573875,0.7990710277173474,0.20881698422413203,0.824875494017404,0.16094349432748595,1,6,0,2009-06-11,2009-06-10,149.0,5.4860944747924805,572.7805647850037,3.8441648643288837,3.413017749786377,0.9827035114398172,3.1098897457122803,4.902043342590332,15.0,4.97131589376014,121.0,0.5060336589813232,13.882506847381592,0.1147314615486082,0.09671783447265625,0.09671875976056499,0.03418445587158203,0.16728472709655762,13.0,4.432418397987284,0.5060336589813232,0.3426082134246826,0.3214411735534668,0.31371235847473145,0.3084404468536377,0.0364511730153958,0.6770462939449007,0.16342544555664062,180.0,150.0,30.0,1.0,1.0
2009-06-17,0.6861222222222222,1.047772222222222,0.7836629441624365,0.6287981387478849,1.1131916666666668,0.9420680555555555,0.8165255912094109,0.2255880199272476,0.8456172598904198,0.17003206461156395,2,6,0,2009-06-11,2009-06-10,149.0,5.4860944747924805,572.7805647850037,3.8441648643288837,3.413017749786377,0.9827035114398172,3.1098897457122803,4.902043342590332,15.0,4.97131589376014,121.0,0.5060336589813232,13.882506847381592,0.1147314615486082,0.09671783447265625,0.09671875976056499,0.03418445587158203,0.16728472709655762,13.0,4.432418397987284,0.5060336589813232,0.3426082134246826,0.3214411735534668,0.31371235847473145,0.3084404468536377,0.0364511730153958,0.6770462939449007,0.16342544555664062,180.0,150.0,30.0,1.0,1.0
2009-06-18,0.8095138888888889,0.6861222222222222,1.047772222222222,0.7836629441624365,0.9032291666666667,0.7192083333333333,0.7555156705744903,0.18631448942268675,0.8273354146523245,0.17260414646301372,3,6,0,2009-06-18,2009-06-17,149.0,5.4860944747924805,560.1484212875366,3.759385377768702,3.317300319671631,1.0478028196555866,3.0344579219818115,4.902043342590332,15.0,4.965085218695467,122.0,0.3426082134246826,13.674986362457275,0.11209005215128914,0.09801173210144043,0.09069504139277344,0.03481638431549072,0.16713565587997437,13.0,4.457392797675884,0.3426082134246826,0.3214411735534668,0.31371235847473145,0.3084404468536377,0.3019084930419922,0.025053642054464097,0.9382179438734645,0.02116703987121582,180.0,150.0,30.0,1.0,1.0
2009-06-19,0.7547680555555556,0.8095138888888889,0.6861222222222222,1.047772222222222,0.7650916666666666,0.8544166666666666,0.7421277737490934,0.1770689197254946,0.8337858114777214,0.16991901290095027,4,6,0,2009-06-18,2009-06-17,149.0,5.4860944747924805,560.1484212875366,3.759385377768702,3.317300319671631,1.0478028196555866,3.0344579219818115,4.902043342590332,15.0,4.965085218695467,122.0,0.3426082134246826,13.674986362457275,0.11209005215128914,0.09801173210144043,0.09069504139277344,0.03481638431549072,0.16713565587997437,13.0,4.457392797675884,0.3426082134246826,0.3214411735534668,0.31371235847473145,0.3084404468536377,0.3019084930419922,0.025053642054464097,0.9382179438734645,0.02116703987121582,180.0,150.0,30.0,1.0,1.0
2009-06-20,0.7688194444444444,0.7547680555555556,0.8095138888888889,0.6861222222222222,0.4739333333333333,1.0246180555555555,0.7406529721617919,0.17688867735795746,0.8266680535412135,0.17107151477145072,5,6,1,2009-06-18,2009-06-17,149.0,5.4860944747924805,560.1484212875366,3.759385377768702,3.317300319671631,1.0478028196555866,3.0344579219818115,4.902043342590332,15.0,4.965085218695467,122.0,0.3426082134246826,13.674986362457275,0.11209005215128914,0.09801173210144043,0.09069504139277344,0.03481638431549072,0.16713565587997437,13.0,4.457392797675884,0.3426082134246826,0.3214411735534668,0.31371235847473145,0.3084404468536377,0.3019084930419922,0.025053642054464097,0.9382179438734645,0.02116703987121582,180.0,150.0,30.0,1.0,1.0
2009-06-21,0.5938486111111112,0.7688194444444444,0.7547680555555556,0.8095138888888889,0.6287981387478849,0.8384666666666667,0.7827795594633792,0.1322680762599234,0.8083967241761342,0.16170711862043285,6,6,1,2009-06-18,2009-06-17,149.0,5.4860944747924805,560.1484212875366,3.759385377768702,3.317300319671631,1.0478028196555866,3.0344579219818115,4.902043342590332,15.0,4.965085218695467,122.0,0.3426082134246826,13.674986362457275,0.11209005215128914,0.09801173210144043,0.09069504139277344,0.03481638431549072,0.16713565587997437,13.0,4.457392797675884,0.3426082134246826,0.3214411735534668,0.31371235847473145,0.3084404468536377,0.3019084930419922,0.025053642054464097,0.9382179438734645,0.02116703987121582,180.0,150.0,30.0,1.0,1.0
2009-06-22,0.7597902777777777,0.5938486111111112,0.7688194444444444,0.7547680555555556,0.7836629441624365,0.8185944444444445,0.7777867698009829,0.13951056929162517,0.7909240059221657,0.17114816967416513,0,6,0,2009-06-18,2009-06-17,149.0,5.4860944747924805,560.1484212875366,3.759385377768702,3.317300319671631,1.0478028196555866,3.0344579219818115,4.902043342590332,15.0,4.965085218695467,122.0,0.3426082134246826,13.674986362457275,0.11209005215128914,0.09801173210144043,0.09069504139277344,0.03481638431549072,0.16713565587997437,13.0,4.457392797675884,0.3426082134246826,0.3214411735534668,0.31371235847473145,0.3084404468536377,0.3019084930419922,0.025053642054464097,0.9382179438734645,0.02116703987121582,180.0,150.0,30.0,1.0,1.0
2009-06-23,0.7216763888888889,0.7597902777777777,0.5938486111111112,0.7688194444444444,1.047772222222222,0.9255902777777777,0.7743763888888889,0.13963471576384337,0.7867237083031181,0.17113842994118314,1,6,0,2009-06-18,2009-06-17,149.0,5.4860944747924805,560.1484212875366,3.759385377768702,3.317300319671631,1.0478028196555866,3.0344579219818115,4.902043342590332,15.0,4.965085218695467,122.0,0.3426082134246826,13.674986362457275,0.11209005215128914,0.09801173210144043,0.09069504139277344,0.03481638431549072,0.16713565587997437,13.0,4.457392797675884,0.3426082134246826,0.3214411735534668,0.31371235847473145,0.3084404468536377,0.3019084930419922,0.025053642054464097,0.9382179438734645,0.02116703987121582,180.0,150.0,30.0,1.0,1.0
2009-06-24,1.0658847222222223,0.7216763888888889,0.7597902777777777,0.5938486111111112,0.6861222222222222,1.1131916666666668,0.72779126984127,0.07050758609055292,0.7721584305253405,0.16703888903403852,2,6,0,2009-06-18,2009-06-17,149.0,5.4860944747924805,560.1484212875366,3.759385377768702,3.317300319671631,1.0478028196555866,3.0344579219818115,4.902043342590332,15.0,4.965085218695467,122.0,0.3426082134246826,13.674986362457275,0.11209005215128914,0.09801173210144043,0.09069504139277344,0.03481638431549072,0.16713565587997437,13.0,4.457392797675884,0.3426082134246826,0.3214411735534668,0.31371235847473145,0.3084404468536377,0.3019084930419922,0.025053642054464097,0.9382179438734645,0.02116703987121582,180.0,150.0,30.0,1.0,1.0
2009-06-25,0.5356680555555555,1.0658847222222223,0.7216763888888889,0.7597902777777777,0.8095138888888889,0.9032291666666667,0.7820430555555555,0.14247572741755823,0.7687793630650229,0.15993688389024752,3,6,0,2009-06-25,2009-06-24,149.0,5.4860944747924805,545.6544902324677,3.6621106727011252,3.2968194484710693,1.070944177485604,2.739041805267334,4.902043342590332,15.0,4.9617740978953595,126.0,0.3426082134246826,13.687721729278564,0.10863271213713147,0.09160268306732178,0.08996450736462597,0.030158817768096924,0.1659526228904724,13.0,4.475380838845274,0.3426082134246826,0.3214411735534668,0.31371235847473145,0.3084404468536377,0.3019084930419922,0.025030331577521076,0.9382179438734645,0.02116703987121582,180.0,150.0,30.0,1.0,1.0
2009-06-26,0.8870291666666665,0.5356680555555555,1.0658847222222223,0.7216763888888889,0.7547680555555556,0.7650916666666666,0.7429222222222222,0.16883370228081615,0.742524997985658,0.166213842145722,4,6,0,2009-06-25,2009-06-24,149.0,5.4860944747924805,545.6544902324677,3.6621106727011252,3.2968194484710693,1.070944177485604,2.739041805267334,4.902043342590332,15.0,4.9617740978953595,126.0,0.3426082134246826,13.687721729278564,0.10863271213713147,0.09160268306732178,0.08996450736462597,0.030158817768096924,0.1659526228904724,13.0,4.475380838845274,0.3426082134246826,0.3214411735534668,0.31371235847473145,0.3084404468536377,0.3019084930419922,0.025030331577521076,0.9382179438734645,0.02116703987121582,180.0,150.0,30.0,1.0,1.0
2009-06-27,1.1868416666666666,0.8870291666666665,0.5356680555555555,1.0658847222222223,0.7688194444444444,0.4739333333333333,0.7618166666666667,0.17755581357645828,0.7512348194142293,0.1706236712659095,5,6,1,2009-06-25,2009-06-24,149.0,5.4860944747924805,545.6544902324677,3.6621106727011252,3.2968194484710693,1.070944177485604,2.739041805267334,4.902043342590332,15.0,4.9617740978953595,126.0,0.3426082134246826,13.687721729278564,0.10863271213713147,0.09160268306732178,0.08996450736462597,0.030158817768096924,0.1659526228904724,13.0,4.475380838845274,0.3426082134246826,0.3214411735534668,0.31371235847473145,0.3084404468536377,0.3019084930419922,0.025030331577521076,0.9382179438734645,0.02116703987121582,180.0,150.0,30.0,1.0,1.0
2009-06-28,0.7356902777777777,1.1868416666666666,0.8870291666666665,0.5356680555555555,0.5938486111111112,0.6287981387478849,0.821534126984127,0.239718719846759,0.8021568432237531,0.18708619149346176,6,6,1,2009-06-25,2009-06-24,149.0,5.4860944747924805,545.6544902324677,3.6621106727011252,3.2968194484710693,1.070944177485604,2.739041805267334,4.902043342590332,15.0,4.9617740978953595,126.0,0.3426082134246826,13.687721729278564,0.10863271213713147,0.09160268306732178,0.08996450736462597,0.030158817768096924,0.1659526228904724,13.0,4.475380838845274,0.3426082134246826,0.3214411735534668,0.31371235847473145,0.3084404468536377,0.3019084930419922,0.025030331577521076,0.9382179438734645,0.02116703987121582,180.0,150.0,30.0,1.0,1.0
2009-06-29,0.7014819444444444,0.7356902777777777,1.1868416666666666,0.8870291666666665,0.7597902777777777,0.7836629441624365,0.8417972222222222,0.22265246049153925,0.8097919960116026,0.18156681027383367,0,6,0,2009-06-25,2009-06-24,149.0,5.4860944747924805,545.6544902324677,3.6621106727011252,3.2968194484710693,1.070944177485604,2.739041805267334,4.902043342590332,15.0,4.9617740978953595,126.0,0.3426082134246826,13.687721729278564,0.10863271213713147,0.09160268306732178,0.08996450736462597,0.030158817768096924,0.1659526228904724,13.0,4.475380838845274,0.3426082134246826,0.3214411735534668,0.31371235847473145,0.3084404468536377,0.3019084930419922,0.025030331577521076,0.9382179438734645,0.02116703987121582,180.0,150.0,30.0,1.0,1.0
2009-06-30,0.8280875,0.7014819444444444,0.7356902777777777,1.1868416666666666,0.7216763888888889,1.047772222222222,0.8334674603174603,0.2272745229469671,0.8039219246031746,0.1837913778199389,1,6,0,2009-06-25,2009-06-24,149.0,5.4860944747924805,545.6544902324677,3.6621106727011252,3.2968194484710693,1.070944177485604,2.739041805267334,4.902043342590332,15.0,4.9617740978953595,126.0,0.3426082134246826,13.687721729278564,0.10863271213713147,0.09160268306732178,0.08996450736462597,0.030158817768096924,0.1659526228904724,13.0,4.475380838845274,0.3426082134246826,0.3214411735534668,0.31371235847473145,0.3084404468536377,0.3019084930419922,0.025030331577521076,0.9382179438734645,0.02116703987121582,180.0,150.0,30.0,1.0,1.0
2009-07-01,0.8460708333333334,0.8280875,0.7014819444444444,0.7356902777777777,1.0658847222222223,0.6861222222222222,0.8486690476190475,0.22204966982302426,0.7882301587301587,0.17024965456889,2,7,0,2009-06-25,2009-06-24,149.0,5.4860944747924805,545.6544902324677,3.6621106727011252,3.2968194484710693,1.070944177485604,2.739041805267334,4.902043342590332,15.0,4.9617740978953595,126.0,0.3426082134246826,13.687721729278564,0.10863271213713147,0.09160268306732178,0.08996450736462597,0.030158817768096924,0.1659526228904724,13.0,4.475380838845274,0.3426082134246826,0.3214411735534668,0.31371235847473145,0.3084404468536377,0.3019084930419922,0.025030331577521076,0.9382179438734645,0.02116703987121582,180.0,150.0,30.0,1.0,1.0
2009-07-02,0.8629013888888889,0.8460708333333334,0.8280875,0.7014819444444444,0.5356680555555555,0.8095138888888889,0.8172670634920635,0.20073109889661916,0.7996550595238096,0.16822521519982506,3,7,0,2009-07-02,2009-07-01,149.0,5.578564643859863,529.2669041156769,3.5521268732595765,3.2467174530029297,1.044318632896096,2.686879873275757,4.494990825653076,15.0,4.962108224827954,134.0,0.3426082134246826,14.558446884155273,0.10864512600115876,0.0929185152053833,0.09042084972673975,0.028310418128967285,0.17011678218841553,14.0,4.530362876531252,0.3426082134246826,0.3214411735534668,0.31371235847473145,0.3084404468536377,0.3019084930419922,0.023533294186590826,0.9382179438734645,0.02116703987121582,180.0,150.0,30.0,1.0,1.0
2009-07-03,0.6001027777777778,0.8629013888888889,0.8460708333333334,0.8280875,0.8870291666666665,0.7547680555555556,0.8640146825396825,0.1577154376098065,0.8034684523809524,0.1690688784371402,4,7,0,2009-07-02,2009-07-01,149.0,5.578564643859863,529.2669041156769,3.5521268732595765,3.2467174530029297,1.044318632896096,2.686879873275757,4.494990825653076,15.0,4.962108224827954,134.0,0.3426082134246826,14.558446884155273,0.10864512600115876,0.0929185152053833,0.09042084972673975,0.028310418128967285,0.17011678218841553,14.0,4.530362876531252,0.3426082134246826,0.3214411735534668,0.31371235847473145,0.3084404468536377,0.3019084930419922,0.023533294186590826,0.9382179438734645,0.02116703987121582,180.0,150.0,30.0,1.0,1.0
2009-07-04,0.8601166666666666,0.6001027777777778,0.8629013888888889,0.8460708333333334,1.1868416666666666,0.7688194444444444,0.8230251984126984,0.18556392335040336,0.7924209325396825,0.17734644815656742,5,7,1,2009-07-02,2009-07-01,149.0,5.578564643859863,529.2669041156769,3.5521268732595765,3.2467174530029297,1.044318632896096,2.686879873275757,4.494990825653076,15.0,4.962108224827954,134.0,0.3426082134246826,14.558446884155273,0.10864512600115876,0.0929185152053833,0.09042084972673975,0.028310418128967285,0.17011678218841553,14.0,4.530362876531252,0.3426082134246826,0.3214411735534668,0.31371235847473145,0.3084404468536377,0.3019084930419922,0.023533294186590826,0.9382179438734645,0.02116703987121582,180.0,150.0,30.0,1.0,1.0
2009-07-05,0.9796777777777779,0.8601166666666666,0.6001027777777778,0.8629013888888889,0.7356902777777777,0.5938486111111112,0.7763501984126985,0.10030560217373091,0.7989421626984126,0.17808883408578993,6,7,1,2009-07-02,2009-07-01,149.0,5.578564643859863,529.2669041156769,3.5521268732595765,3.2467174530029297,1.044318632896096,2.686879873275757,4.494990825653076,15.0,4.962108224827954,134.0,0.3426082134246826,14.558446884155273,0.10864512600115876,0.0929185152053833,0.09042084972673975,0.028310418128967285,0.17011678218841553,14.0,4.530362876531252,0.3426082134246826,0.3214411735534668,0.31371235847473145,0.3084404468536377,0.3019084930419922,0.023533294186590826,0.9382179438734645,0.02116703987121582,180.0,150.0,30.0,1.0,1.0
2009-07-06,0.6626805555555555,0.9796777777777779,0.8601166666666666,0.6001027777777778,0.7014819444444444,0.7597902777777777,0.8112055555555556,0.12352589937481533,0.8265013888888888,0.1737088791669823,0,7,0,2009-07-02,2009-07-01,149.0,5.578564643859863,529.2669041156769,3.5521268732595765,3.2467174530029297,1.044318632896096,2.686879873275757,4.494990825653076,15.0,4.962108224827954,134.0,0.3426082134246826,14.558446884155273,0.10864512600115876,0.0929185152053833,0.09042084972673975,0.028310418128967285,0.17011678218841553,14.0,4.530362876531252,0.3426082134246826,0.3214411735534668,0.31371235847473145,0.3084404468536377,0.3019084930419922,0.023533294186590826,0.9382179438734645,0.02116703987121582,180.0,150.0,30.0,1.0,1.0
2009-07-07,0.7709277777777778,0.6626805555555555,0.9796777777777779,0.8601166666666666,0.8280875,0.7216763888888889,0.8056625000000001,0.129972569819966,0.8195649801587301,0.1784517541957843,1,7,0,2009-07-02,2009-07-01,149.0,5.578564643859863,529.2669041156769,3.5521268732595765,3.2467174530029297,1.044318632896096,2.686879873275757,4.494990825653076,15.0,4.962108224827954,134.0,0.3426082134246826,14.558446884155273,0.10864512600115876,0.0929185152053833,0.09042084972673975,0.028310418128967285,0.17011678218841553,14.0,4.530362876531252,0.3426082134246826,0.3214411735534668,0.31371235847473145,0.3084404468536377,0.3019084930419922,0.023533294186590826,0.9382179438734645,0.02116703987121582,180.0,150.0,30.0,1.0,1.0
2009-07-08,0.8572222222222223,0.7709277777777778,0.6626805555555555,0.9796777777777779,0.8460708333333334,1.0658847222222223,0.7974968253968254,0.1301243546538052,0.8230829365079365,0.17685185203801482,2,7,0,2009-07-02,2009-07-01,149.0,5.578564643859863,529.2669041156769,3.5521268732595765,3.2467174530029297,1.044318632896096,2.686879873275757,4.494990825653076,15.0,4.962108224827954,134.0,0.3426082134246826,14.558446884155273,0.10864512600115876,0.0929185152053833,0.09042084972673975,0.028310418128967285,0.17011678218841553,14.0,4.530362876531252,0.3426082134246826,0.3214411735534668,0.31371235847473145,0.3084404468536377,0.3019084930419922,0.023533294186590826,0.9382179438734645,0.02116703987121582,180.0,150.0,30.0,1.0,1.0
2009-07-09,0.587675,0.8572222222222223,0.7709277777777778,0.6626805555555555,0.8629013888888889,0.5356680555555555,0.7990898809523809,0.13088417910588565,0.8081784722222222,0.1630710768356984,3,7,0,2009-07-09,2009-07-08,149.0,5.706623077392578,511.5074875354767,3.4329361579562194,3.1803641319274902,1.003450380682105,2.6597819328308105,4.17659854888916,15.0,4.963364958753202,141.0,0.3426082134246826,14.144817590713501,0.10031785525328724,0.07537508010864258,0.08814858905494971,0.026821374893188477,0.15762114524841309,15.0,4.557371557130983,0.3426082134246826,0.3214411735534668,0.31371235847473145,0.3084404468536377,0.3019084930419922,0.024221465651816904,0.9382179438734645,0.02116703987121582,180.0,150.0,30.0,1.0,1.0
2009-07-10,0.826683844011142,0.587675,0.8572222222222223,0.7709277777777778,0.6001027777777778,0.8870291666666665,0.7597718253968253,0.14865339268222666,0.811893253968254,0.15685979749860213,4,7,0,2009-07-09,2009-07-08,149.0,5.706623077392578,511.5074875354767,3.4329361579562194,3.1803641319274902,1.003450380682105,2.6597819328308105,4.17659854888916,15.0,4.963364958753202,141.0,0.3426082134246826,14.144817590713501,0.10031785525328724,0.07537508010864258,0.08814858905494971,0.026821374893188477,0.15762114524841309,15.0,4.557371557130983,0.3426082134246826,0.3214411735534668,0.31371235847473145,0.3084404468536377,0.3019084930419922,0.024221465651816904,0.9382179438734645,0.02116703987121582,180.0,150.0,30.0,1.0,1.0
2009-07-11,0.6902555555555555,0.826683844011142,0.587675,0.8572222222222223,0.8601166666666666,1.1868416666666666,0.7921405491444489,0.13180532390849412,0.8075828737785736,0.15545916946517138,5,7,1,2009-07-09,2009-07-08,149.0,5.706623077392578,511.5074875354767,3.4329361579562194,3.1803641319274902,1.003450380682105,2.6597819328308105,4.17659854888916,15.0,4.963364958753202,141.0,0.3426082134246826,14.144817590713501,0.10031785525328724,0.07537508010864258,0.08814858905494971,0.026821374893188477,0.15762114524841309,15.0,4.557371557130983,0.3426082134246826,0.3214411735534668,0.31371235847473145,0.3084404468536377,0.3019084930419922,0.024221465651816904,0.9382179438734645,0.02116703987121582,180.0,150.0,30.0,1.0,1.0
2009-07-12,0.3565819444444444,0.6902555555555555,0.826683844011142,0.587675,0.9796777777777779,0.7356902777777777,0.7678746761285759,0.13283688724421544,0.7721124372706372,0.11316853847724899,6,7,1,2009-07-09,2009-07-08,149.0,5.706623077392578,511.5074875354767,3.4329361579562194,3.1803641319274902,1.003450380682105,2.6597819328308105,4.17659854888916,15.0,4.963364958753202,141.0,0.3426082134246826,14.144817590713501,0.10031785525328724,0.07537508010864258,0.08814858905494971,0.026821374893188477,0.15762114524841309,15.0,4.557371557130983,0.3426082134246826,0.3214411735534668,0.31371235847473145,0.3084404468536377,0.3019084930419922,0.024221465651816904,0.9382179438734645,0.02116703987121582,180.0,150.0,30.0,1.0,1.0
2009-07-13,0.3449625,0.3565819444444444,0.6902555555555555,0.826683844011142,0.6626805555555555,0.7014819444444444,0.6788609856523854,0.1706414024101546,0.7450332706039705,0.15873674731773718,0,7,0,2009-07-09,2009-07-08,149.0,5.706623077392578,511.5074875354767,3.4329361579562194,3.1803641319274902,1.003450380682105,2.6597819328308105,4.17659854888916,15.0,4.963364958753202,141.0,0.3426082134246826,14.144817590713501,0.10031785525328724,0.07537508010864258,0.08814858905494971,0.026821374893188477,0.15762114524841309,15.0,4.557371557130983,0.3426082134246826,0.3214411735534668,0.31371235847473145,0.3084404468536377,0.3019084930419922,0.024221465651816904,0.9382179438734645,0.02116703987121582,180.0,150.0,30.0,1.0,1.0
2009-07-14,0.6329374999999999,0.3449625,0.3565819444444444,0.6902555555555555,0.7709277777777778,0.8280875,0.6334726920015917,0.2127269929973419,0.7195675960007958,0.19148137279494415,1,7,0,2009-07-09,2009-07-08,149.0,5.706623077392578,511.5074875354767,3.4329361579562194,3.1803641319274902,1.003450380682105,2.6597819328308105,4.17659854888916,15.0,4.963364958753202,141.0,0.3426082134246826,14.144817590713501,0.10031785525328724,0.07537508010864258,0.08814858905494971,0.026821374893188477,0.15762114524841309,15.0,4.557371557130983,0.3426082134246826,0.3214411735534668,0.31371235847473145,0.3084404468536377,0.3019084930419922,0.024221465651816904,0.9382179438734645,0.02116703987121582,180.0,150.0,30.0,1.0,1.0
2009-07-15,0.49866249999999995,0.6329374999999999,0.3449625,0.3565819444444444,0.8572222222222223,0.8460708333333334,0.6137597951761949,0.2040844755708384,0.7056283102865102,0.1900717399013495,2,7,0,2009-07-09,2009-07-08,149.0,5.706623077392578,511.5074875354767,3.4329361579562194,3.1803641319274902,1.003450380682105,2.6597819328308105,4.17659854888916,15.0,4.963364958753202,141.0,0.3426082134246826,14.144817590713501,0.10031785525328724,0.07537508010864258,0.08814858905494971,0.026821374893188477,0.15762114524841309,15.0,4.557371557130983,0.3426082134246826,0.3214411735534668,0.31371235847473145,0.3084404468536377,0.3019084930419922,0.024221465651816904,0.9382179438734645,0.02116703987121582,180.0,150.0,30.0,1.0,1.0
2009-07-16,0.41635694444444443,0.49866249999999995,0.6329374999999999,0.3449625,0.587675,0.8629013888888889,0.5625369777158774,0.1758360191522513,0.6808134293341291,0.19298152760002413,3,7,0,2009-07-16,2009-07-15,149.0,5.5425896644592285,491.6936728954315,3.29995753621095,3.1168456077575684,0.9175769839866426,2.638732433319092,3.6395790576934814,15.0,4.967593410192505,154.0,0.3426082134246826,15.730952024459839,0.10214903911986908,0.08156514167785645,0.0855608105208561,0.029402434825897217,0.15521985292434692,16.0,4.678003985113287,0.3426082134246826,0.3214411735534668,0.31371235847473145,0.3084404468536377,0.3019084930419922,0.02177924215215747,0.9382179438734645,0.02116703987121582,180.0,150.0,30.0,1.0,1.0
2009-07-17,0.5082,0.41635694444444443,0.49866249999999995,0.6329374999999999,0.826683844011142,0.6001027777777778,0.5380629697793695,0.1835091624866956,0.6489173975880975,0.19742233556559852,4,7,0,2009-07-16,2009-07-15,149.0,5.5425896644592285,491.6936728954315,3.29995753621095,3.1168456077575684,0.9175769839866426,2.638732433319092,3.6395790576934814,15.0,4.967593410192505,154.0,0.3426082134246826,15.730952024459839,0.10214903911986908,0.08156514167785645,0.0855608105208561,0.029402434825897217,0.15521985292434692,16.0,4.678003985113287,0.3426082134246826,0.3214411735534668,0.31371235847473145,0.3084404468536377,0.3019084930419922,0.02177924215215747,0.9382179438734645,0.02116703987121582,180.0,150.0,30.0,1.0,1.0
2009-07-18,0.6711180555555555,0.5082,0.41635694444444443,0.49866249999999995,0.6902555555555555,0.8601166666666666,0.49256527777777775,0.13238402747237396,0.6423529134611133,0.20067151614460696,5,7,1,2009-07-16,2009-07-15,149.0,5.5425896644592285,491.6936728954315,3.29995753621095,3.1168456077575684,0.9175769839866426,2.638732433319092,3.6395790576934814,15.0,4.967593410192505,154.0,0.3426082134246826,15.730952024459839,0.10214903911986908,0.08156514167785645,0.0855608105208561,0.029402434825897217,0.15521985292434692,16.0,4.678003985113287,0.3426082134246826,0.3214411735534668,0.31371235847473145,0.3084404468536377,0.3019084930419922,0.02177924215215747,0.9382179438734645,0.02116703987121582,180.0,150.0,30.0,1.0,1.0
2009-07-19,0.8358638888888889,0.6711180555555555,0.5082,0.41635694444444443,0.3565819444444444,0.9796777777777779,0.48983134920634924,0.12773704262083838,0.6288530126674626,0.1910200683743194,6,7,1,2009-07-16,2009-07-15,149.0,5.5425896644592285,491.6936728954315,3.29995753621095,3.1168456077575684,0.9175769839866426,2.638732433319092,3.6395790576934814,15.0,4.967593410192505,154.0,0.3426082134246826,15.730952024459839,0.10214903911986908,0.08156514167785645,0.0855608105208561,0.029402434825897217,0.15521985292434692,16.0,4.678003985113287,0.3426082134246826,0.3214411735534668,0.31371235847473145,0.3084404468536377,0.3019084930419922,0.02177924215215747,0.9382179438734645,0.02116703987121582,180.0,150.0,30.0,1.0,1.0
2009-07-20,0.4600597222222222,0.8358638888888889,0.6711180555555555,0.5082,0.3449625,0.6626805555555555,0.5583001984126984,0.16686708473780576,0.6185805920325419,0.17379272249124167,0,7,0,2009-07-16,2009-07-15,149.0,5.5425896644592285,491.6936728954315,3.29995753621095,3.1168456077575684,0.9175769839866426,2.638732433319092,3.6395790576934814,15.0,4.967593410192505,154.0,0.3426082134246826,15.730952024459839,0.10214903911986908,0.08156514167785645,0.0855608105208561,0.029402434825897217,0.15521985292434692,16.0,4.678003985113287,0.3426082134246826,0.3214411735534668,0.31371235847473145,0.3084404468536377,0.3019084930419922,0.02177924215215747,0.9382179438734645,0.02116703987121582,180.0,150.0,30.0,1.0,1.0
2009-07-21,0.5651125,0.4600597222222222,0.8358638888888889,0.6711180555555555,0.6329374999999999,0.7709277777777778,0.5747426587301587,0.14680683448124968,0.6041076753658752,0.17821818521318547,1,7,0,2009-07-16,2009-07-15,149.0,5.5425896644592285,491.6936728954315,3.29995753621095,3.1168456077575684,0.9175769839866426,2.638732433319092,3.6395790576934814,15.0,4.967593410192505,154.0,0.3426082134246826,15.730952024459839,0.10214903911986908,0.08156514167785645,0.0855608105208561,0.029402434825897217,0.15521985292434692,16.0,4.678003985113287,0.3426082134246826,0.3214411735534668,0.31371235847473145,0.3084404468536377,0.3019084930419922,0.02177924215215747,0.9382179438734645,0.02116703987121582,180.0,150.0,30.0,1.0,1.0
2009-07-22,0.5135638888888889,0.5651125,0.4600597222222222,0.8358638888888889,0.49866249999999995,0.8572222222222223,0.565053373015873,0.1445466502007826,0.589406584096034,0.17177094497270673,2,7,0,2009-07-16,2009-07-15,149.0,5.5425896644592285,491.6936728954315,3.29995753621095,3.1168456077575684,0.9175769839866426,2.638732433319092,3.6395790576934814,15.0,4.967593410192505,154.0,0.3426082134246826,15.730952024459839,0.10214903911986908,0.08156514167785645,0.0855608105208561,0.029402434825897217,0.15521985292434692,16.0,4.678003985113287,0.3426082134246826,0.3214411735534668,0.31371235847473145,0.3084404468536377,0.3019084930419922,0.02177924215215747,0.9382179438734645,0.02116703987121582,180.0,150.0,30.0,1.0,1.0
2009-07-23,0.7152777777777778,0.5135638888888889,0.5651125,0.4600597222222222,0.41635694444444443,0.587675,0.5671821428571429,0.14351196340038344,0.5648595602865101,0.15421250500010328,3,7,0,2009-07-23,2009-07-22,149.0,5.4860944747924805,474.37397599220276,3.183717959679213,3.0417490005493164,0.8311543426560516,2.583103895187378,3.3338170051574707,15.0,4.972277046326244,167.0,0.3426082134246826,17.481761693954468,0.10468120774823035,0.0839385986328125,0.08619316262566258,0.03116321563720703,0.15858995914459229,17.0,4.7668969745819645,0.3426082134246826,0.3214411735534668,0.31371235847473145,0.3084404468536377,0.3019084930419922,0.01959803705270523,0.9382179438734645,0.02116703987121582,180.0,150.0,30.0,1.0,1.0
2009-07-24,0.39009583333333336,0.7152777777777778,0.5135638888888889,0.5651125,0.5082,0.826683844011142,0.609885119047619,0.13539655904776246,0.5739740444134942,0.15935000650493694,4,7,0,2009-07-23,2009-07-22,149.0,5.4860944747924805,474.37397599220276,3.183717959679213,3.0417490005493164,0.8311543426560516,2.583103895187378,3.3338170051574707,15.0,4.972277046326244,167.0,0.3426082134246826,17.481761693954468,0.10468120774823035,0.0839385986328125,0.08619316262566258,0.03116321563720703,0.15858995914459229,17.0,4.7668969745819645,0.3426082134246826,0.3214411735534668,0.31371235847473145,0.3084404468536377,0.3019084930419922,0.01959803705270523,0.9382179438734645,0.02116703987121582,180.0,150.0,30.0,1.0,1.0
2009-07-25,0.3727,0.39009583333333336,0.7152777777777778,0.5135638888888889,0.6711180555555555,0.6902555555555555,0.5930130952380953,0.1559744528114076,0.5427891865079365,0.14843686512653365,5,7,1,2009-07-23,2009-07-22,149.0,5.4860944747924805,474.37397599220276,3.183717959679213,3.0417490005493164,0.8311543426560516,2.583103895187378,3.3338170051574707,15.0,4.972277046326244,167.0,0.3426082134246826,17.481761693954468,0.10468120774823035,0.0839385986328125,0.08619316262566258,0.03116321563720703,0.15858995914459229,17.0,4.7668969745819645,0.3426082134246826,0.3214411735534668,0.31371235847473145,0.3084404468536377,0.3019084930419922,0.01959803705270523,0.9382179438734645,0.02116703987121582,180.0,150.0,30.0,1.0,1.0
2009-07-26,0.3770944444444444,0.3727,0.39009583333333336,0.7152777777777778,0.8358638888888889,0.3565819444444444,0.5503819444444444,0.17111582313361481,0.5201066468253969,0.14843195098408668,6,7,1,2009-07-23,2009-07-22,149.0,5.4860944747924805,474.37397599220276,3.183717959679213,3.0417490005493164,0.8311543426560516,2.583103895187378,3.3338170051574707,15.0,4.972277046326244,167.0,0.3426082134246826,17.481761693954468,0.10468120774823035,0.0839385986328125,0.08619316262566258,0.03116321563720703,0.15858995914459229,17.0,4.7668969745819645,0.3426082134246826,0.3214411735534668,0.31371235847473145,0.3084404468536377,0.3019084930419922,0.01959803705270523,0.9382179438734645,0.02116703987121582,180.0,150.0,30.0,1.0,1.0
2009-07-27,0.4781708333333334,0.3770944444444444,0.3727,0.39009583333333336,0.4600597222222222,0.3449625,0.4848434523809524,0.1252632621181876,0.5215718253968255,0.14678573610587722,0,7,0,2009-07-23,2009-07-22,149.0,5.4860944747924805,474.37397599220276,3.183717959679213,3.0417490005493164,0.8311543426560516,2.583103895187378,3.3338170051574707,15.0,4.972277046326244,167.0,0.3426082134246826,17.481761693954468,0.10468120774823035,0.0839385986328125,0.08619316262566258,0.03116321563720703,0.15858995914459229,17.0,4.7668969745819645,0.3426082134246826,0.3214411735534668,0.31371235847473145,0.3084404468536377,0.3019084930419922,0.01959803705270523,0.9382179438734645,0.02116703987121582,180.0,150.0,30.0,1.0,1.0
2009-07-28,0.6269791666666666,0.4781708333333334,0.3770944444444444,0.3727,0.5651125,0.6329374999999999,0.48743075396825397,0.12485240664933611,0.5310867063492063,0.13854297058350254,1,7,0,2009-07-23,2009-07-22,149.0,5.4860944747924805,474.37397599220276,3.183717959679213,3.0417490005493164,0.8311543426560516,2.583103895187378,3.3338170051574707,15.0,4.972277046326244,167.0,0.3426082134246826,17.481761693954468,0.10468120774823035,0.0839385986328125,0.08619316262566258,0.03116321563720703,0.15858995914459229,17.0,4.7668969745819645,0.3426082134246826,0.3214411735534668,0.31371235847473145,0.3084404468536377,0.3019084930419922,0.01959803705270523,0.9382179438734645,0.02116703987121582,180.0,150.0,30.0,1.0,1.0
2009-07-29,0.6263888888888889,0.6269791666666666,0.4781708333333334,0.3770944444444444,0.5135638888888889,0.49866249999999995,0.4962688492063492,0.13317986772583776,0.530661111111111,0.13821478686769256,2,7,0,2009-07-23,2009-07-22,149.0,5.4860944747924805,474.37397599220276,3.183717959679213,3.0417490005493164,0.8311543426560516,2.583103895187378,3.3338170051574707,15.0,4.972277046326244,167.0,0.3426082134246826,17.481761693954468,0.10468120774823035,0.0839385986328125,0.08619316262566258,0.03116321563720703,0.15858995914459229,17.0,4.7668969745819645,0.3426082134246826,0.3214411735534668,0.31371235847473145,0.3084404468536377,0.3019084930419922,0.01959803705270523,0.9382179438734645,0.02116703987121582,180.0,150.0,30.0,1.0,1.0
2009-07-30,0.5502263888888889,0.6263888888888889,0.6269791666666666,0.4781708333333334,0.7152777777777778,0.41635694444444443,0.5123867063492064,0.14214714916947438,0.5397844246031746,0.14014219796435615,3,7,0,2009-07-30,2009-07-29,149.0,5.17008638381958,455.9628896713257,3.060153621955206,2.8838443756103516,0.6967522864598714,2.583103895187378,3.300992965698242,15.0,4.97973275972144,174.0,0.3426082134246826,18.836710929870605,0.10825695936707244,0.0870966911315918,0.0874665033367617,0.03422445058822632,0.1659526228904724,18.0,4.816885706332739,0.3426082134246826,0.3214411735534668,0.31371235847473145,0.3084404468536377,0.3019084930419922,0.018188324633754735,0.9382179438734645,0.02116703987121582,180.0,150.0,30.0,1.0,1.0
2009-07-31,0.6776597222222223,0.5502263888888889,0.6263888888888889,0.6269791666666666,0.39009583333333336,0.5082,0.48880793650793647,0.11373230126099397,0.5493465277777778,0.1355650515928269,4,7,0,2009-07-30,2009-07-29,149.0,5.17008638381958,455.9628896713257,3.060153621955206,2.8838443756103516,0.6967522864598714,2.583103895187378,3.300992965698242,15.0,4.97973275972144,174.0,0.3426082134246826,18.836710929870605,0.10825695936707244,0.0870966911315918,0.0874665033367617,0.03422445058822632,0.1659526228904724,18.0,4.816885706332739,0.3426082134246826,0.3214411735534668,0.31371235847473145,0.3084404468536377,0.3019084930419922,0.018188324633754735,0.9382179438734645,0.02116703987121582,180.0,150.0,30.0,1.0,1.0
2009-08-01,0.4909486111111111,0.6776597222222223,0.5502263888888889,0.6263888888888889,0.3727,0.6711180555555555,0.5298884920634921,0.12363781207070124,0.5614507936507936,0.1391270961170674,5,8,1,2009-07-30,2009-07-29,149.0,5.17008638381958,455.9628896713257,3.060153621955206,2.8838443756103516,0.6967522864598714,2.583103895187378,3.300992965698242,15.0,4.97973275972144,174.0,0.3426082134246826,18.836710929870605,0.10825695936707244,0.0870966911315918,0.0874665033367617,0.03422445058822632,0.1659526228904724,18.0,4.816885706332739,0.3426082134246826,0.3214411735534668,0.31371235847473145,0.3084404468536377,0.3019084930419922,0.018188324633754735,0.9382179438734645,0.02116703987121582,180.0,150.0,30.0,1.0,1.0
2009-08-02,0.3400861111111111,0.4909486111111111,0.6776597222222223,0.5502263888888889,0.3770944444444444,0.8358638888888889,0.5467811507936507,0.1052998973569908,0.5485815476190476,0.13651078848963194,6,8,1,2009-07-30,2009-07-29,149.0,5.17008638381958,455.9628896713257,3.060153621955206,2.8838443756103516,0.6967522864598714,2.583103895187378,3.300992965698242,15.0,4.97973275972144,174.0,0.3426082134246826,18.836710929870605,0.10825695936707244,0.0870966911315918,0.0874665033367617,0.03422445058822632,0.1659526228904724,18.0,4.816885706332739,0.3426082134246826,0.3214411735534668,0.31371235847473145,0.3084404468536377,0.3019084930419922,0.018188324633754735,0.9382179438734645,0.02116703987121582,180.0,150.0,30.0,1.0,1.0
2009-08-03,0.3474291666666667,0.3400861111111111,0.4909486111111111,0.6776597222222223,0.4781708333333334,0.4600597222222222,0.541494246031746,0.11565899005578947,0.5131688492063492,0.11949892641223131,0,8,0,2009-07-30,2009-07-29,149.0,5.17008638381958,455.9628896713257,3.060153621955206,2.8838443756103516,0.6967522864598714,2.583103895187378,3.300992965698242,15.0,4.97973275972144,174.0,0.3426082134246826,18.836710929870605,0.10825695936707244,0.0870966911315918,0.0874665033367617,0.03422445058822632,0.1659526228904724,18.0,4.816885706332739,0.3426082134246826,0.3214411735534668,0.31371235847473145,0.3084404468536377,0.3019084930419922,0.018188324633754735,0.9382179438734645,0.02116703987121582,180.0,150.0,30.0,1.0,1.0
2009-08-04,0.3533972222222222,0.3474291666666667,0.3400861111111111,0.4909486111111111,0.6269791666666666,0.5651125,0.5228168650793651,0.13630327729177372,0.5051238095238094,0.12691088941828269,1,8,0,2009-07-30,2009-07-29,149.0,5.17008638381958,455.9628896713257,3.060153621955206,2.8838443756103516,0.6967522864598714,2.583103895187378,3.300992965698242,15.0,4.97973275972144,174.0,0.3426082134246826,18.836710929870605,0.10825695936707244,0.0870966911315918,0.0874665033367617,0.03422445058822632,0.1659526228904724,18.0,4.816885706332739,0.3426082134246826,0.3214411735534668,0.31371235847473145,0.3084404468536377,0.3019084930419922,0.018188324633754735,0.9382179438734645,0.02116703987121582,180.0,150.0,30.0,1.0,1.0
2009-08-05,0.360175,0.3533972222222222,0.3474291666666667,0.3400861111111111,0.6263888888888889,0.5135638888888889,0.48373373015873017,0.14061311619130304,0.4900012896825397,0.131735021308353,2,8,0,2009-07-30,2009-07-29,149.0,5.17008638381958,455.9628896713257,3.060153621955206,2.8838443756103516,0.6967522864598714,2.583103895187378,3.300992965698242,15.0,4.97973275972144,174.0,0.3426082134246826,18.836710929870605,0.10825695936707244,0.0870966911315918,0.0874665033367617,0.03422445058822632,0.1659526228904724,18.0,4.816885706332739,0.3426082134246826,0.3214411735534668,0.31371235847473145,0.3084404468536377,0.3019084930419922,0.018188324633754735,0.9382179438734645,0.02116703987121582,180.0,150.0,30.0,1.0,1.0
2009-08-06,0.36991111111111113,0.360175,0.3533972222222222,0.3474291666666667,0.5502263888888889,0.7152777777777778,0.44570317460317455,0.131291211983916,0.47904494047619045,0.13593623875490427,3,8,0,2009-08-06,2009-08-05,149.0,4.9538679122924805,438.48152589797974,2.942829032872347,2.7289602756500244,0.575054336197105,2.5471479892730713,3.248345136642456,15.0,4.98588589005141,180.0,0.3426082134246826,19.285004138946533,0.1071389118830363,0.08633828163146973,0.08764158371601213,0.03166985511779785,0.16448098421096802,18.0,4.842258158408929,0.3426082134246826,0.3214411735534668,0.31371235847473145,0.3084404468536377,0.3019084930419922,0.017765524495417507,0.9382179438734645,0.02116703987121582,180.0,150.0,30.0,1.0,1.0
2009-08-07,0.37451111111111113,0.36991111111111113,0.360175,0.3533972222222222,0.6776597222222223,0.39009583333333336,0.41994384920634925,0.1248991784832225,0.4543758928571428,0.12019438283146947,4,8,0,2009-08-06,2009-08-05,149.0,4.9538679122924805,438.48152589797974,2.942829032872347,2.7289602756500244,0.575054336197105,2.5471479892730713,3.248345136642456,15.0,4.98588589005141,180.0,0.3426082134246826,19.285004138946533,0.1071389118830363,0.08633828163146973,0.08764158371601213,0.03166985511779785,0.16448098421096802,18.0,4.842258158408929,0.3426082134246826,0.3214411735534668,0.31371235847473145,0.3084404468536377,0.3019084930419922,0.017765524495417507,0.9382179438734645,0.02116703987121582,180.0,150.0,30.0,1.0,1.0
2009-08-08,0.3656055555555555,0.37451111111111113,0.36991111111111113,0.360175,0.4909486111111111,0.3727,0.3766369047619048,0.05182832420822764,0.4532626984126984,0.12090558112709679,5,8,1,2009-08-06,2009-08-05,149.0,4.9538679122924805,438.48152589797974,2.942829032872347,2.7289602756500244,0.575054336197105,2.5471479892730713,3.248345136642456,15.0,4.98588589005141,180.0,0.3426082134246826,19.285004138946533,0.1071389118830363,0.08633828163146973,0.08764158371601213,0.03166985511779785,0.16448098421096802,18.0,4.842258158408929,0.3426082134246826,0.3214411735534668,0.31371235847473145,0.3084404468536377,0.3019084930419922,0.017765524495417507,0.9382179438734645,0.02116703987121582,180.0,150.0,30.0,1.0,1.0
2009-08-09,0.6932180555555556,0.3656055555555555,0.37451111111111113,0.36991111111111113,0.3400861111111111,0.3770944444444444,0.35873075396825393,0.012430901982081402,0.4527559523809524,0.12128349033332078,6,8,1,2009-08-06,2009-08-05,149.0,4.9538679122924805,438.48152589797974,2.942829032872347,2.7289602756500244,0.575054336197105,2.5471479892730713,3.248345136642456,15.0,4.98588589005141,180.0,0.3426082134246826,19.285004138946533,0.1071389118830363,0.08633828163146973,0.08764158371601213,0.03166985511779785,0.16448098421096802,18.0,4.842258158408929,0.3426082134246826,0.3214411735534668,0.31371235847473145,0.3084404468536377,0.3019084930419922,0.017765524495417507,0.9382179438734645,0.02116703987121582,180.0,150.0,30.0,1.0,1.0
2009-08-10,0.7426097222222222,0.6932180555555556,0.3656055555555555,0.37451111111111113,0.3474291666666667,0.4781708333333334,0.40917817460317457,0.12559637761456247,0.4753362103174603,0.13478904085725454,0,8,0,2009-08-06,2009-08-05,149.0,4.9538679122924805,438.48152589797974,2.942829032872347,2.7289602756500244,0.575054336197105,2.5471479892730713,3.248345136642456,15.0,4.98588589005141,180.0,0.3426082134246826,19.285004138946533,0.1071389118830363,0.08633828163146973,0.08764158371601213,0.03166985511779785,0.16448098421096802,18.0,4.842258158408929,0.3426082134246826,0.3214411735534668,0.31371235847473145,0.3084404468536377,0.3019084930419922,0.017765524495417507,0.9382179438734645,0.02116703987121582,180.0,150.0,30.0,1.0,1.0
2009-08-11,0.6603847222222222,0.7426097222222222,0.6932180555555556,0.3656055555555555,0.3533972222222222,0.6269791666666666,0.4656325396825397,0.17306101526643317,0.4942247023809524,0.15257214061199623,1,8,0,2009-08-06,2009-08-05,149.0,4.9538679122924805,438.48152589797974,2.942829032872347,2.7289602756500244,0.575054336197105,2.5471479892730713,3.248345136642456,15.0,4.98588589005141,180.0,0.3426082134246826,19.285004138946533,0.1071389118830363,0.08633828163146973,0.08764158371601213,0.03166985511779785,0.16448098421096802,18.0,4.842258158408929,0.3426082134246826,0.3214411735534668,0.31371235847473145,0.3084404468536377,0.3019084930419922,0.017765524495417507,0.9382179438734645,0.02116703987121582,180.0,150.0,30.0,1.0,1.0
2009-08-12,0.5725250000000001,0.6603847222222222,0.7426097222222222,0.6932180555555556,0.360175,0.6263888888888889,0.5094878968253969,0.17868468023213044,0.4966108134920635,0.1550491361870681,2,8,0,2009-08-06,2009-08-05,149.0,4.9538679122924805,438.48152589797974,2.942829032872347,2.7289602756500244,0.575054336197105,2.5471479892730713,3.248345136642456,15.0,4.98588589005141,180.0,0.3426082134246826,19.285004138946533,0.1071389118830363,0.08633828163146973,0.08764158371601213,0.03166985511779785,0.16448098421096802,18.0,4.842258158408929,0.3426082134246826,0.3214411735534668,0.31371235847473145,0.3084404468536377,0.3019084930419922,0.017765524495417507,0.9382179438734645,0.02116703987121582,180.0,150.0,30.0,1.0,1.0
2009-08-13,1.10535883424408,0.5725250000000001,0.6603847222222222,0.7426097222222222,0.36991111111111113,0.5502263888888889,0.5398236111111111,0.1667367365977656,0.4927633928571429,0.1522236280159751,3,8,0,2009-08-13,2009-08-12,149.0,4.443840980529785,422.09178853034973,2.832830795505703,2.6846377849578857,0.47801872196830936,2.4638240337371826,3.2036590576171875,15.0,4.990134402783726,188.0,0.3426082134246826,20.294451475143433,0.1079492099741672,0.08633828163146973,0.08734339996076428,0.032510221004486084,0.16683751344680786,19.0,4.892410139814668,0.3426082134246826,0.3214411735534668,0.31371235847473145,0.3084404468536377,0.3019084930419922,0.01688186615165765,0.9382179438734645,0.02116703987121582,180.0,150.0,30.0,1.0,1.0
2009-08-14,0.5199138888888889,1.10535883424408,0.5725250000000001,0.6603847222222222,0.37451111111111113,0.6776597222222223,0.6448875715586782,0.2518258712023555,0.5324157103825137,0.2238123044231737,4,8,0,2009-08-13,2009-08-12,149.0,4.443840980529785,422.09178853034973,2.832830795505703,2.6846377849578857,0.47801872196830936,2.4638240337371826,3.2036590576171875,15.0,4.990134402783726,188.0,0.3426082134246826,20.294451475143433,0.1079492099741672,0.08633828163146973,0.08734339996076428,0.032510221004486084,0.16683751344680786,19.0,4.892410139814668,0.3426082134246826,0.3214411735534668,0.31371235847473145,0.3084404468536377,0.3019084930419922,0.01688186615165765,0.9382179438734645,0.02116703987121582,180.0,150.0,30.0,1.0,1.0
2009-08-15,1.0514319444444444,0.5199138888888889,1.10535883424408,0.5725250000000001,0.3656055555555555,0.4909486111111111,0.6656593969555036,0.23093733866016336,0.5211481508587041,0.21987380662979555,5,8,1,2009-08-13,2009-08-12,149.0,4.443840980529785,422.09178853034973,2.832830795505703,2.6846377849578857,0.47801872196830936,2.4638240337371826,3.2036590576171875,15.0,4.990134402783726,188.0,0.3426082134246826,20.294451475143433,0.1079492099741672,0.08633828163146973,0.08734339996076428,0.032510221004486084,0.16683751344680786,19.0,4.892410139814668,0.3426082134246826,0.3214411735534668,0.31371235847473145,0.3084404468536377,0.3019084930419922,0.01688186615165765,0.9382179438734645,0.02116703987121582,180.0,150.0,30.0,1.0,1.0
2009-08-16,0.8456333333333333,1.0514319444444444,0.5199138888888889,1.10535883424408,0.6932180555555556,0.3400861111111111,0.7636345953682019,0.22788392529744414,0.5611826746682279,0.26111132125382525,6,8,1,2009-08-13,2009-08-12,149.0,4.443840980529785,422.09178853034973,2.832830795505703,2.6846377849578857,0.47801872196830936,2.4638240337371826,3.2036590576171875,15.0,4.990134402783726,188.0,0.3426082134246826,20.294451475143433,0.1079492099741672,0.08633828163146973,0.08734339996076428,0.032510221004486084,0.16683751344680786,19.0,4.892410139814668,0.3426082134246826,0.3214411735534668,0.31371235847473145,0.3084404468536377,0.3019084930419922,0.01688186615165765,0.9382179438734645,0.02116703987121582,180.0,150.0,30.0,1.0,1.0
2009-08-17,0.5457694444444444,0.8456333333333333,1.0514319444444444,0.5199138888888889,0.7426097222222222,0.3474291666666667,0.785408206479313,0.22731518992241825,0.5972931905412439,0.2631322427010606,0,8,0,2009-08-13,2009-08-12,149.0,4.443840980529785,422.09178853034973,2.832830795505703,2.6846377849578857,0.47801872196830936,2.4638240337371826,3.2036590576171875,15.0,4.990134402783726,188.0,0.3426082134246826,20.294451475143433,0.1079492099741672,0.08633828163146973,0.08734339996076428,0.032510221004486084,0.16683751344680786,19.0,4.892410139814668,0.3426082134246826,0.3214411735534668,0.31371235847473145,0.3084404468536377,0.3019084930419922,0.01688186615165765,0.9382179438734645,0.02116703987121582,180.0,150.0,30.0,1.0,1.0
2009-08-18,0.7504152777777777,0.5457694444444444,0.8456333333333333,1.0514319444444444,0.6603847222222222,0.3533972222222222,0.7572881667967735,0.24498062610794893,0.6114603532396565,0.25381917396441195,1,8,0,2009-08-13,2009-08-12,149.0,4.443840980529785,422.09178853034973,2.832830795505703,2.6846377849578857,0.47801872196830936,2.4638240337371826,3.2036590576171875,15.0,4.990134402783726,188.0,0.3426082134246826,20.294451475143433,0.1079492099741672,0.08633828163146973,0.08734339996076428,0.032510221004486084,0.16683751344680786,19.0,4.892410139814668,0.3426082134246826,0.3214411735534668,0.31371235847473145,0.3084404468536377,0.3019084930419922,0.01688186615165765,0.9382179438734645,0.02116703987121582,180.0,150.0,30.0,1.0,1.0
2009-08-19,0.6116263888888889,0.7504152777777777,0.5457694444444444,0.8456333333333333,0.5725250000000001,0.360175,0.7701496747332813,0.24138215666507776,0.6398187857793391,0.24478677246393868,2,8,0,2009-08-13,2009-08-12,149.0,4.443840980529785,422.09178853034973,2.832830795505703,2.6846377849578857,0.47801872196830936,2.4638240337371826,3.2036590576171875,15.0,4.990134402783726,188.0,0.3426082134246826,20.294451475143433,0.1079492099741672,0.08633828163146973,0.08734339996076428,0.032510221004486084,0.16683751344680786,19.0,4.892410139814668,0.3426082134246826,0.3214411735534668,0.31371235847473145,0.3084404468536377,0.3019084930419922,0.01688186615165765,0.9382179438734645,0.02116703987121582,180.0,150.0,30.0,1.0,1.0
2009-08-20,0.5386958333333334,0.6116263888888889,0.7504152777777777,0.5457694444444444,1.10535883424408,0.36991111111111113,0.7757355874316939,0.23644864716764358,0.6577795992714026,0.23155747325652976,3,8,0,2009-08-20,2009-08-19,149.0,3.7038893699645996,410.8274254798889,2.7572310434891873,2.668523073196411,0.3997744026871799,2.4415879249572754,3.1545474529266357,15.0,4.993472464334602,191.0,0.3426082134246826,20.427018404006958,0.10694774033511496,0.08607649803161621,0.08652185623217704,0.03234446048736572,0.1626502275466919,20.0,4.90987558814062,0.3426082134246826,0.3214411735534668,0.31371235847473145,0.3084404468536377,0.3019084930419922,0.016772306493711128,0.9382179438734645,0.02116703987121582,180.0,150.0,30.0,1.0,1.0
2009-08-21,0.8067680555555556,0.5386958333333334,0.6116263888888889,0.7504152777777777,0.5199138888888889,0.37451111111111113,0.6947837301587302,0.1987929049273496,0.6698356508587041,0.21949645590066286,4,8,0,2009-08-20,2009-08-19,149.0,3.7038893699645996,410.8274254798889,2.7572310434891873,2.668523073196411,0.3997744026871799,2.4415879249572754,3.1545474529266357,15.0,4.993472464334602,191.0,0.3426082134246826,20.427018404006958,0.10694774033511496,0.08607649803161621,0.08652185623217704,0.03234446048736572,0.1626502275466919,20.0,4.90987558814062,0.3426082134246826,0.3214411735534668,0.31371235847473145,0.3084404468536377,0.3019084930419922,0.016772306493711128,0.9382179438734645,0.02116703987121582,180.0,150.0,30.0,1.0,1.0
2009-08-22,1.0755125,0.8067680555555556,0.5386958333333334,0.6116263888888889,1.0514319444444444,0.3656055555555555,0.7357628968253968,0.1858842369777082,0.7007111468904501,0.20465933722885699,5,8,1,2009-08-20,2009-08-19,149.0,3.7038893699645996,410.8274254798889,2.7572310434891873,2.668523073196411,0.3997744026871799,2.4415879249572754,3.1545474529266357,15.0,4.993472464334602,191.0,0.3426082134246826,20.427018404006958,0.10694774033511496,0.08607649803161621,0.08652185623217704,0.03234446048736572,0.1626502275466919,20.0,4.90987558814062,0.3426082134246826,0.3214411735534668,0.31371235847473145,0.3084404468536377,0.3019084930419922,0.016772306493711128,0.9382179438734645,0.02116703987121582,180.0,150.0,30.0,1.0,1.0
2009-08-23,0.7407694444444445,1.0755125,0.8067680555555556,0.5386958333333334,0.8456333333333333,0.6932180555555556,0.7392029761904764,0.19279423554272673,0.751418785779339,0.20318490405381406,6,8,1,2009-08-20,2009-08-19,149.0,3.7038893699645996,410.8274254798889,2.7572310434891873,2.668523073196411,0.3997744026871799,2.4415879249572754,3.1545474529266357,15.0,4.993472464334602,191.0,0.3426082134246826,20.427018404006958,0.10694774033511496,0.08607649803161621,0.08652185623217704,0.03234446048736572,0.1626502275466919,20.0,4.90987558814062,0.3426082134246826,0.3214411735534668,0.31371235847473145,0.3084404468536377,0.3019084930419922,0.016772306493711128,0.9382179438734645,0.02116703987121582,180.0,150.0,30.0,1.0,1.0
2009-08-24,0.8696208333333333,0.7407694444444445,1.0755125,0.8067680555555556,0.5457694444444444,0.7426097222222222,0.7242224206349207,0.1871371231383504,0.7548153135571168,0.20253355693823666,0,8,0,2009-08-20,2009-08-19,149.0,3.7038893699645996,410.8274254798889,2.7572310434891873,2.668523073196411,0.3997744026871799,2.4415879249572754,3.1545474529266357,15.0,4.993472464334602,191.0,0.3426082134246826,20.427018404006958,0.10694774033511496,0.08607649803161621,0.08652185623217704,0.03234446048736572,0.1626502275466919,20.0,4.90987558814062,0.3426082134246826,0.3214411735534668,0.31371235847473145,0.3084404468536377,0.3019084930419922,0.016772306493711128,0.9382179438734645,0.02116703987121582,180.0,150.0,30.0,1.0,1.0
2009-08-25,0.6552847222222222,0.8696208333333333,0.7407694444444445,1.0755125,0.7504152777777777,0.6603847222222222,0.7704869047619047,0.1753255226724554,0.763887535779339,0.20477698935582475,1,8,0,2009-08-20,2009-08-19,149.0,3.7038893699645996,410.8274254798889,2.7572310434891873,2.668523073196411,0.3997744026871799,2.4415879249572754,3.1545474529266357,15.0,4.993472464334602,191.0,0.3426082134246826,20.427018404006958,0.10694774033511496,0.08607649803161621,0.08652185623217704,0.03234446048736572,0.1626502275466919,20.0,4.90987558814062,0.3426082134246826,0.3214411735534668,0.31371235847473145,0.3084404468536377,0.3019084930419922,0.016772306493711128,0.9382179438734645,0.02116703987121582,180.0,150.0,30.0,1.0,1.0
2009-08-26,0.7892680555555556,0.6552847222222222,0.8696208333333333,0.7407694444444445,0.6116263888888889,0.5725250000000001,0.7568968253968255,0.18074386769417186,0.7635232500650533,0.20497971393932207,2,8,0,2009-08-20,2009-08-19,149.0,3.7038893699645996,410.8274254798889,2.7572310434891873,2.668523073196411,0.3997744026871799,2.4415879249572754,3.1545474529266357,15.0,4.993472464334602,191.0,0.3426082134246826,20.427018404006958,0.10694774033511496,0.08607649803161621,0.08652185623217704,0.03234446048736572,0.1626502275466919,20.0,4.90987558814062,0.3426082134246826,0.3214411735534668,0.31371235847473145,0.3084404468536377,0.3019084930419922,0.016772306493711128,0.9382179438734645,0.02116703987121582,180.0,150.0,30.0,1.0,1.0
2009-08-27,0.5204625,0.7892680555555556,0.6552847222222222,0.8696208333333333,0.5386958333333334,1.10535883424408,0.7822742063492064,0.1690396357983624,0.7790048968904502,0.1974927076921038,3,8,0,2009-08-27,2009-08-26,149.0,3.4256632328033447,406.67563462257385,2.729366675319288,2.668523073196411,0.3675286433892506,2.4415879249572754,3.0696449279785156,15.0,4.994870475838306,188.0,0.3214411735534668,19.943216800689697,0.10608094042920052,0.08633828163146973,0.08583389914098029,0.03056544065475464,0.1600579023361206,19.0,4.892401598677099,0.3214411735534668,0.31371235847473145,0.3084404468536377,0.3019084930419922,0.29807400703430176,0.01611781974622822,0.9759557402267579,0.0077288150787353516,180.0,150.0,30.0,1.0,1.0
2009-08-28,0.7769736111111112,0.5204625,0.7892680555555556,0.6552847222222222,0.8067680555555556,0.5199138888888889,0.7796694444444444,0.17350016479983416,0.7372265873015873,0.18458792008239241,4,8,0,2009-08-27,2009-08-26,149.0,3.4256632328033447,406.67563462257385,2.729366675319288,2.668523073196411,0.3675286433892506,2.4415879249572754,3.0696449279785156,15.0,4.994870475838306,188.0,0.3214411735534668,19.943216800689697,0.10608094042920052,0.08633828163146973,0.08583389914098029,0.03056544065475464,0.1600579023361206,19.0,4.892401598677099,0.3214411735534668,0.31371235847473145,0.3084404468536377,0.3019084930419922,0.29807400703430176,0.01611781974622822,0.9759557402267579,0.0077288150787353516,180.0,150.0,30.0,1.0,1.0
2009-08-29,0.9641763888888889,0.7769736111111112,0.5204625,0.7892680555555556,1.0755125,1.0514319444444444,0.7754130952380952,0.173089553096397,0.7555879960317461,0.17377707680708243,5,8,1,2009-08-27,2009-08-26,149.0,3.4256632328033447,406.67563462257385,2.729366675319288,2.668523073196411,0.3675286433892506,2.4415879249572754,3.0696449279785156,15.0,4.994870475838306,188.0,0.3214411735534668,19.943216800689697,0.10608094042920052,0.08633828163146973,0.08583389914098029,0.03056544065475464,0.1600579023361206,19.0,4.892401598677099,0.3214411735534668,0.31371235847473145,0.3084404468536377,0.3019084930419922,0.29807400703430176,0.01611781974622822,0.9759557402267579,0.0077288150787353516,180.0,150.0,30.0,1.0,1.0
2009-08-30,1.1585708333333333,0.9641763888888889,0.7769736111111112,0.5204625,0.7407694444444445,0.8456333333333333,0.7595079365079366,0.1435043960525759,0.7493554563492063,0.16361817503349277,6,8,1,2009-08-27,2009-08-26,149.0,3.4256632328033447,406.67563462257385,2.729366675319288,2.668523073196411,0.3675286433892506,2.4415879249572754,3.0696449279785156,15.0,4.994870475838306,188.0,0.3214411735534668,19.943216800689697,0.10608094042920052,0.08633828163146973,0.08583389914098029,0.03056544065475464,0.1600579023361206,19.0,4.892401598677099,0.3214411735534668,0.31371235847473145,0.3084404468536377,0.3019084930419922,0.29807400703430176,0.01611781974622822,0.9759557402267579,0.0077288150787353516,180.0,150.0,30.0,1.0,1.0
2009-08-31,0.8788347222222221,1.1585708333333333,0.9641763888888889,0.7769736111111112,0.8696208333333333,0.5457694444444444,0.8191938492063492,0.2071731471635323,0.771708134920635,0.1959620444862536,0,8,0,2009-08-27,2009-08-26,149.0,3.4256632328033447,406.67563462257385,2.729366675319288,2.668523073196411,0.3675286433892506,2.4415879249572754,3.0696449279785156,15.0,4.994870475838306,188.0,0.3214411735534668,19.943216800689697,0.10608094042920052,0.08633828163146973,0.08583389914098029,0.03056544065475464,0.1600579023361206,19.0,4.892401598677099,0.3214411735534668,0.31371235847473145,0.3084404468536377,0.3019084930419922,0.29807400703430176,0.01611781974622822,0.9759557402267579,0.0077288150787353516,180.0,150.0,30.0,1.0,1.0
2009-09-01,0.6809277777777777,0.8788347222222221,1.1585708333333333,0.9641763888888889,0.6552847222222222,0.7504152777777777,0.8205101190476191,0.20757581043871773,0.7954985119047618,0.18640705309455533,1,9,0,2009-08-27,2009-08-26,149.0,3.4256632328033447,406.67563462257385,2.729366675319288,2.668523073196411,0.3675286433892506,2.4415879249572754,3.0696449279785156,15.0,4.994870475838306,188.0,0.3214411735534668,19.943216800689697,0.10608094042920052,0.08633828163146973,0.08583389914098029,0.03056544065475464,0.1600579023361206,19.0,4.892401598677099,0.3214411735534668,0.31371235847473145,0.3084404468536377,0.3019084930419922,0.29807400703430176,0.01611781974622822,0.9759557402267579,0.0077288150787353516,180.0,150.0,30.0,1.0,1.0
2009-09-02,0.8491763888888889,0.6809277777777777,0.8788347222222221,1.1585708333333333,0.7892680555555556,0.6116263888888889,0.8241734126984126,0.204375537785796,0.7905351190476191,0.18861187745494715,2,9,0,2009-08-27,2009-08-26,149.0,3.4256632328033447,406.67563462257385,2.729366675319288,2.668523073196411,0.3675286433892506,2.4415879249572754,3.0696449279785156,15.0,4.994870475838306,188.0,0.3214411735534668,19.943216800689697,0.10608094042920052,0.08633828163146973,0.08583389914098029,0.03056544065475464,0.1600579023361206,19.0,4.892401598677099,0.3214411735534668,0.31371235847473145,0.3084404468536377,0.3019084930419922,0.29807400703430176,0.01611781974622822,0.9759557402267579,0.0077288150787353516,180.0,150.0,30.0,1.0,1.0
2009-09-03,0.8688805555555557,0.8491763888888889,0.6809277777777777,0.8788347222222221,0.5204625,0.5386958333333334,0.8327317460317459,0.203924092105535,0.8075029761904763,0.18184259348283796,3,9,0,2009-09-03,2009-09-02,149.0,3.4256632328033447,406.59148120880127,2.728801887307391,2.668523073196411,0.3689823126012856,2.4415879249572754,3.0696449279785156,15.0,4.9948075643350816,176.0,0.3084404468536377,17.854921579360962,0.10144841806455092,0.08070504665374756,0.08188031324781406,0.033807337284088135,0.15330743789672852,18.0,4.8339497091409545,0.3084404468536377,0.3019084930419922,0.29807400703430176,0.29390954971313477,0.28502631187438965,0.017274813864776268,0.9788226418477954,0.006531953811645508,180.0,150.0,30.0,1.0,1.0
2009-09-04,0.7113805555555555,0.8688805555555557,0.8491763888888889,0.6809277777777777,0.7769736111111112,0.8067680555555556,0.882505753968254,0.15053388510936166,0.8310875992063492,0.16492192079373236,4,9,0,2009-09-03,2009-09-02,149.0,3.4256632328033447,406.59148120880127,2.728801887307391,2.668523073196411,0.3689823126012856,2.4415879249572754,3.0696449279785156,15.0,4.9948075643350816,176.0,0.3084404468536377,17.854921579360962,0.10144841806455092,0.08070504665374756,0.08188031324781406,0.033807337284088135,0.15330743789672852,18.0,4.8339497091409545,0.3084404468536377,0.3019084930419922,0.29807400703430176,0.29390954971313477,0.28502631187438965,0.017274813864776268,0.9788226418477954,0.006531953811645508,180.0,150.0,30.0,1.0,1.0
2009-09-05,1.0512958333333333,0.7113805555555555,0.8688805555555557,0.8491763888888889,0.9641763888888889,1.0755125,0.8731353174603174,0.15994523447627879,0.8242742063492063,0.16794654438996434,5,9,1,2009-09-03,2009-09-02,149.0,3.4256632328033447,406.59148120880127,2.728801887307391,2.668523073196411,0.3689823126012856,2.4415879249572754,3.0696449279785156,15.0,4.9948075643350816,176.0,0.3084404468536377,17.854921579360962,0.10144841806455092,0.08070504665374756,0.08188031324781406,0.033807337284088135,0.15330743789672852,18.0,4.8339497091409545,0.3084404468536377,0.3019084930419922,0.29807400703430176,0.29390954971313477,0.28502631187438965,0.017274813864776268,0.9788226418477954,0.006531953811645508,180.0,150.0,30.0,1.0,1.0
2009-09-06,0.8532152777777778,1.0512958333333333,0.7113805555555555,0.8688805555555557,1.1585708333333333,0.7407694444444445,0.8855809523809522,0.1712032437967926,0.8225444444444445,0.1652631451532771,6,9,1,2009-09-03,2009-09-02,149.0,3.4256632328033447,406.59148120880127,2.728801887307391,2.668523073196411,0.3689823126012856,2.4415879249572754,3.0696449279785156,15.0,4.9948075643350816,176.0,0.3084404468536377,17.854921579360962,0.10144841806455092,0.08070504665374756,0.08188031324781406,0.033807337284088135,0.15330743789672852,18.0,4.8339497091409545,0.3084404468536377,0.3019084930419922,0.29807400703430176,0.29390954971313477,0.28502631187438965,0.017274813864776268,0.9788226418477954,0.006531953811645508,180.0,150.0,30.0,1.0,1.0
2009-09-07,0.8482347222222223,0.8532152777777778,1.0512958333333333,0.7113805555555555,0.8788347222222221,0.8696208333333333,0.8419587301587301,0.12183806056138016,0.8305762896825397,0.16370827589595735,0,9,0,2009-09-03,2009-09-02,149.0,3.4256632328033447,406.59148120880127,2.728801887307391,2.668523073196411,0.3689823126012856,2.4415879249572754,3.0696449279785156,15.0,4.9948075643350816,176.0,0.3084404468536377,17.854921579360962,0.10144841806455092,0.08070504665374756,0.08188031324781406,0.033807337284088135,0.15330743789672852,18.0,4.8339497091409545,0.3084404468536377,0.3019084930419922,0.29807400703430176,0.29390954971313477,0.28502631187438965,0.017274813864776268,0.9788226418477954,0.006531953811645508,180.0,150.0,30.0,1.0,1.0
2009-09-08,0.7543430555555555,0.8482347222222223,0.8532152777777778,1.0512958333333333,0.6809277777777777,0.6552847222222222,0.8375873015873017,0.12083932967621348,0.8290487103174603,0.16341543793646746,1,9,0,2009-09-03,2009-09-02,149.0,3.4256632328033447,406.59148120880127,2.728801887307391,2.668523073196411,0.3689823126012856,2.4415879249572754,3.0696449279785156,15.0,4.9948075643350816,176.0,0.3084404468536377,17.854921579360962,0.10144841806455092,0.08070504665374756,0.08188031324781406,0.033807337284088135,0.15330743789672852,18.0,4.8339497091409545,0.3084404468536377,0.3019084930419922,0.29807400703430176,0.29390954971313477,0.28502631187438965,0.017274813864776268,0.9788226418477954,0.006531953811645508,180.0,150.0,30.0,1.0,1.0
2009-09-09,1.056488888888889,0.7543430555555555,0.8482347222222223,0.8532152777777778,0.8491763888888889,0.7892680555555556,0.8480751984126984,0.10741685762952197,0.8361243055555556,0.1573447914736669,2,9,0,2009-09-03,2009-09-02,149.0,3.4256632328033447,406.59148120880127,2.728801887307391,2.668523073196411,0.3689823126012856,2.4415879249572754,3.0696449279785156,15.0,4.9948075643350816,176.0,0.3084404468536377,17.854921579360962,0.10144841806455092,0.08070504665374756,0.08188031324781406,0.033807337284088135,0.15330743789672852,18.0,4.8339497091409545,0.3084404468536377,0.3019084930419922,0.29807400703430176,0.29390954971313477,0.28502631187438965,0.017274813864776268,0.9788226418477954,0.006531953811645508,180.0,150.0,30.0,1.0,1.0
2009-09-10,0.7724680555555555,1.056488888888889,0.7543430555555555,0.8482347222222223,0.8688805555555557,0.5204625,0.8776912698412699,0.13324511233525718,0.8552115079365079,0.16712743354144752,3,9,0,2009-09-10,2009-09-09,149.0,3.499131441116333,405.5963351726532,2.7221230548500213,2.6639506816864014,0.3740352689947611,2.4415879249572754,2.9875290393829346,15.0,4.994569171036949,161.0,0.4564335346221924,15.63773250579834,0.09712877332794,0.0744333267211914,0.08324739845604862,0.030339956283569336,0.14879608154296875,17.0,4.716394159775039,0.4564335346221924,0.3084404468536377,0.3019084930419922,0.28502631187438965,0.2822401523590088,0.029187961518906316,0.6757620189080668,0.1479930877685547,180.0,150.0,30.0,1.0,1.0
2009-09-11,0.8431569444444444,0.7724680555555555,1.056488888888889,0.7543430555555555,0.7113805555555555,0.7769736111111112,0.8639180555555557,0.13915934864001697,0.8732119047619048,0.13960491178905826,4,9,0,2009-09-10,2009-09-09,149.0,3.499131441116333,405.5963351726532,2.7221230548500213,2.6639506816864014,0.3740352689947611,2.4415879249572754,2.9875290393829346,15.0,4.994569171036949,161.0,0.4564335346221924,15.63773250579834,0.09712877332794,0.0744333267211914,0.08324739845604862,0.030339956283569336,0.14879608154296875,17.0,4.716394159775039,0.4564335346221924,0.3084404468536377,0.3019084930419922,0.28502631187438965,0.2822401523590088,0.029187961518906316,0.6757620189080668,0.1479930877685547,180.0,150.0,30.0,1.0,1.0
2009-09-12,1.4335819444444446,0.8431569444444444,0.7724680555555555,1.056488888888889,1.0512958333333333,0.9641763888888889,0.8827432539682539,0.12306811396191615,0.8779392857142857,0.13719512376081852,5,9,1,2009-09-10,2009-09-09,149.0,3.499131441116333,405.5963351726532,2.7221230548500213,2.6639506816864014,0.3740352689947611,2.4415879249572754,2.9875290393829346,15.0,4.994569171036949,161.0,0.4564335346221924,15.63773250579834,0.09712877332794,0.0744333267211914,0.08324739845604862,0.030339956283569336,0.14879608154296875,17.0,4.716394159775039,0.4564335346221924,0.3084404468536377,0.3019084930419922,0.28502631187438965,0.2822401523590088,0.029187961518906316,0.6757620189080668,0.1479930877685547,180.0,150.0,30.0,1.0,1.0
2009-09-13,1.0912453092425294,1.4335819444444446,0.8431569444444444,0.7724680555555555,0.8532152777777778,1.1585708333333333,0.9373555555555556,0.2397951662590135,0.9114682539682539,0.20196263326417863,6,9,1,2009-09-10,2009-09-09,149.0,3.499131441116333,405.5963351726532,2.7221230548500213,2.6639506816864014,0.3740352689947611,2.4415879249572754,2.9875290393829346,15.0,4.994569171036949,161.0,0.4564335346221924,15.63773250579834,0.09712877332794,0.0744333267211914,0.08324739845604862,0.030339956283569336,0.14879608154296875,17.0,4.716394159775039,0.4564335346221924,0.3084404468536377,0.3019084930419922,0.28502631187438965,0.2822401523590088,0.029187961518906316,0.6757620189080668,0.1479930877685547,180.0,150.0,30.0,1.0,1.0
2009-09-14,1.0936513888888888,1.0912453092425294,1.4335819444444446,0.8431569444444444,0.8482347222222223,0.8788347222222221,0.9713598457648057,0.24273399646663982,0.906659287961768,0.1963497873248163,0,9,0,2009-09-10,2009-09-09,149.0,3.499131441116333,405.5963351726532,2.7221230548500213,2.6639506816864014,0.3740352689947611,2.4415879249572754,2.9875290393829346,15.0,4.994569171036949,161.0,0.4564335346221924,15.63773250579834,0.09712877332794,0.0744333267211914,0.08324739845604862,0.030339956283569336,0.14879608154296875,17.0,4.716394159775039,0.4564335346221924,0.3084404468536377,0.3019084930419922,0.28502631187438965,0.2822401523590088,0.029187961518906316,0.6757620189080668,0.1479930877685547,180.0,150.0,30.0,1.0,1.0
2009-09-15,1.0116708333333333,1.0936513888888888,1.0912453092425294,1.4335819444444446,0.7543430555555555,0.6809277777777777,1.0064193695743295,0.23969077031599162,0.9220033355808156,0.20231122045014494,1,9,0,2009-09-10,2009-09-09,149.0,3.499131441116333,405.5963351726532,2.7221230548500213,2.6639506816864014,0.3740352689947611,2.4415879249572754,2.9875290393829346,15.0,4.994569171036949,161.0,0.4564335346221924,15.63773250579834,0.09712877332794,0.0744333267211914,0.08324739845604862,0.030339956283569336,0.14879608154296875,17.0,4.716394159775039,0.4564335346221924,0.3084404468536377,0.3019084930419922,0.28502631187438965,0.2822401523590088,0.029187961518906316,0.6757620189080668,0.1479930877685547,180.0,150.0,30.0,1.0,1.0
2009-09-16,1.2105291666666667,1.0116708333333333,1.0936513888888888,1.0912453092425294,1.056488888888889,0.8491763888888889,1.0431804806854408,0.2128126903325623,0.9456278395490695,0.19098871974645293,2,9,0,2009-09-10,2009-09-09,149.0,3.499131441116333,405.5963351726532,2.7221230548500213,2.6639506816864014,0.3740352689947611,2.4415879249572754,2.9875290393829346,15.0,4.994569171036949,161.0,0.4564335346221924,15.63773250579834,0.09712877332794,0.0744333267211914,0.08324739845604862,0.030339956283569336,0.14879608154296875,17.0,4.716394159775039,0.4564335346221924,0.3084404468536377,0.3019084930419922,0.28502631187438965,0.2822401523590088,0.029187961518906316,0.6757620189080668,0.1479930877685547,180.0,150.0,30.0,1.0,1.0
2009-09-17,0.8496013888888888,1.2105291666666667,1.0116708333333333,1.0936513888888888,0.7724680555555555,0.8688805555555557,1.0651862346536947,0.2221764102075396,0.9714387522474822,0.20110081086336107,3,9,0,2009-09-17,2009-09-16,149.0,3.460972785949707,400.49374651908875,2.687877493416703,2.6565167903900146,0.3465995892499377,2.440230131149292,2.8876430988311768,15.0,4.995696569592459,165.0,0.4564335346221924,16.490875959396362,0.09994470278422038,0.07994294166564941,0.08285709234945714,0.032012939453125,0.15242910385131836,17.0,4.760362295761349,0.4564335346221924,0.3084404468536377,0.3019084930419922,0.28502631187438965,0.2822401523590088,0.02767794359414367,0.6757620189080668,0.1479930877685547,180.0,150.0,30.0,1.0,1.0
2009-09-18,0.9541888888888889,0.8496013888888888,1.2105291666666667,1.0116708333333333,0.8431569444444444,0.7113805555555555,1.0762052822727421,0.2066063491248284,0.970061668914149,0.20192145846859408,4,9,0,2009-09-17,2009-09-16,149.0,3.460972785949707,400.49374651908875,2.687877493416703,2.6565167903900146,0.3465995892499377,2.440230131149292,2.8876430988311768,15.0,4.995696569592459,165.0,0.4564335346221924,16.490875959396362,0.09994470278422038,0.07994294166564941,0.08285709234945714,0.032012939453125,0.15242910385131836,17.0,4.760362295761349,0.4564335346221924,0.3084404468536377,0.3019084930419922,0.28502631187438965,0.2822401523590088,0.02767794359414367,0.6757620189080668,0.1479930877685547,180.0,150.0,30.0,1.0,1.0
2009-09-19,1.4831319444444444,0.9541888888888889,0.8496013888888888,1.2105291666666667,1.4335819444444446,1.0512958333333333,1.0920669886219485,0.1892671909338115,0.9874051212951013,0.18793707458400433,5,9,1,2009-09-17,2009-09-16,149.0,3.460972785949707,400.49374651908875,2.687877493416703,2.6565167903900146,0.3465995892499377,2.440230131149292,2.8876430988311768,15.0,4.995696569592459,165.0,0.4564335346221924,16.490875959396362,0.09994470278422038,0.07994294166564941,0.08285709234945714,0.032012939453125,0.15242910385131836,17.0,4.760362295761349,0.4564335346221924,0.3084404468536377,0.3019084930419922,0.28502631187438965,0.2822401523590088,0.02767794359414367,0.6757620189080668,0.1479930877685547,180.0,150.0,30.0,1.0,1.0
2009-09-20,1.4134222222222221,1.4831319444444444,0.9541888888888889,0.8496013888888888,1.0912453092425294,0.8532152777777778,1.09914556005052,0.2044834992493603,1.0182505578030379,0.22996778349609537,6,9,1,2009-09-17,2009-09-16,149.0,3.460972785949707,400.49374651908875,2.687877493416703,2.6565167903900146,0.3465995892499377,2.440230131149292,2.8876430988311768,15.0,4.995696569592459,165.0,0.4564335346221924,16.490875959396362,0.09994470278422038,0.07994294166564941,0.08285709234945714,0.032012939453125,0.15242910385131836,17.0,4.760362295761349,0.4564335346221924,0.3084404468536377,0.3019084930419922,0.28502631187438965,0.2822401523590088,0.02767794359414367,0.6757620189080668,0.1479930877685547,180.0,150.0,30.0,1.0,1.0
2009-09-21,0.9846305555555556,1.4134222222222221,1.4831319444444444,0.9541888888888889,1.0936513888888888,0.8482347222222223,1.1451708333333332,0.23620617221304574,1.0582653395490695,0.24713976128306356,0,9,0,2009-09-17,2009-09-16,149.0,3.460972785949707,400.49374651908875,2.687877493416703,2.6565167903900146,0.3465995892499377,2.440230131149292,2.8876430988311768,15.0,4.995696569592459,165.0,0.4564335346221924,16.490875959396362,0.09994470278422038,0.07994294166564941,0.08285709234945714,0.032012939453125,0.15242910385131836,17.0,4.760362295761349,0.4564335346221924,0.3084404468536377,0.3019084930419922,0.28502631187438965,0.2822401523590088,0.02767794359414367,0.6757620189080668,0.1479930877685547,180.0,150.0,30.0,1.0,1.0
2009-09-22,0.86565,0.9846305555555556,1.4134222222222221,1.4831319444444444,1.0116708333333333,0.7543430555555555,1.1295964285714286,0.24364630368511708,1.0680078990728792,0.24083112141812793,1,9,0,2009-09-17,2009-09-16,149.0,3.460972785949707,400.49374651908875,2.687877493416703,2.6565167903900146,0.3465995892499377,2.440230131149292,2.8876430988311768,15.0,4.995696569592459,165.0,0.4564335346221924,16.490875959396362,0.09994470278422038,0.07994294166564941,0.08285709234945714,0.032012939453125,0.15242910385131836,17.0,4.760362295761349,0.4564335346221924,0.3084404468536377,0.3019084930419922,0.28502631187438965,0.2822401523590088,0.02767794359414367,0.6757620189080668,0.1479930877685547,180.0,150.0,30.0,1.0,1.0
2009-09-23,1.1365347222222222,0.86565,0.9846305555555556,1.4134222222222221,1.2105291666666667,1.056488888888889,1.1087363095238094,0.2610543963024783,1.0759583951046252,0.23132948819378832,2,9,0,2009-09-17,2009-09-16,149.0,3.460972785949707,400.49374651908875,2.687877493416703,2.6565167903900146,0.3465995892499377,2.440230131149292,2.8876430988311768,15.0,4.995696569592459,165.0,0.4564335346221924,16.490875959396362,0.09994470278422038,0.07994294166564941,0.08285709234945714,0.032012939453125,0.15242910385131836,17.0,4.760362295761349,0.4564335346221924,0.3084404468536377,0.3019084930419922,0.28502631187438965,0.2822401523590088,0.02767794359414367,0.6757620189080668,0.1479930877685547,180.0,150.0,30.0,1.0,1.0
2009-09-24,0.9904569444444444,1.1365347222222222,0.86565,0.9846305555555556,0.8496013888888888,0.7724680555555555,1.0981656746031747,0.25772245559192014,1.0816759546284345,0.2317999934164162,3,9,0,2009-09-24,2009-09-23,149.0,3.4256632328033447,395.6392960548401,2.6552972889586584,2.643686532974243,0.31630786367603575,2.440230131149292,2.8344967365264893,15.0,4.996894993192555,170.0,0.4564335346221924,16.35739278793335,0.09621995757607853,0.07404327392578125,0.0820871476032438,0.029822826385498047,0.1473151445388794,17.0,4.776754493633219,0.4564335346221924,0.3084404468536377,0.3019084930419922,0.28502631187438965,0.2822401523590088,0.027903807198351185,0.6757620189080668,0.1479930877685547,180.0,150.0,30.0,1.0,1.0
2009-09-25,0.8062611111111112,0.9904569444444444,1.1365347222222222,0.86565,0.9541888888888889,0.8431569444444444,1.1182878968253969,0.23996799242385292,1.0972465895490695,0.21623051052883643,4,9,0,2009-09-24,2009-09-23,149.0,3.4256632328033447,395.6392960548401,2.6552972889586584,2.643686532974243,0.31630786367603575,2.440230131149292,2.8344967365264893,15.0,4.996894993192555,170.0,0.4564335346221924,16.35739278793335,0.09621995757607853,0.07404327392578125,0.0820871476032438,0.029822826385498047,0.1473151445388794,17.0,4.776754493633219,0.4564335346221924,0.3084404468536377,0.3019084930419922,0.28502631187438965,0.2822401523590088,0.027903807198351185,0.6757620189080668,0.1479930877685547,180.0,150.0,30.0,1.0,1.0
2009-09-26,1.0807319444444443,0.8062611111111112,0.9904569444444444,1.1365347222222222,1.4831319444444444,1.4335819444444446,1.0971553571428572,0.26230197778229103,1.0946111728824028,0.21976158460837164,5,9,1,2009-09-24,2009-09-23,149.0,3.4256632328033447,395.6392960548401,2.6552972889586584,2.643686532974243,0.31630786367603575,2.440230131149292,2.8344967365264893,15.0,4.996894993192555,170.0,0.4564335346221924,16.35739278793335,0.09621995757607853,0.07404327392578125,0.0820871476032438,0.029822826385498047,0.1473151445388794,17.0,4.776754493633219,0.4564335346221924,0.3084404468536377,0.3019084930419922,0.28502631187438965,0.2822401523590088,0.027903807198351185,0.6757620189080668,0.1479930877685547,180.0,150.0,30.0,1.0,1.0
2009-09-27,0.9794944444444444,1.0807319444444443,0.8062611111111112,0.9904569444444444,1.4134222222222221,1.0912453092425294,1.0396696428571428,0.20040522132341337,1.0694076014538314,0.1969450082822163,6,9,1,2009-09-24,2009-09-23,149.0,3.4256632328033447,395.6392960548401,2.6552972889586584,2.643686532974243,0.31630786367603575,2.440230131149292,2.8344967365264893,15.0,4.996894993192555,170.0,0.4564335346221924,16.35739278793335,0.09621995757607853,0.07404327392578125,0.0820871476032438,0.029822826385498047,0.1473151445388794,17.0,4.776754493633219,0.4564335346221924,0.3084404468536377,0.3019084930419922,0.28502631187438965,0.2822401523590088,0.027903807198351185,0.6757620189080668,0.1479930877685547,180.0,150.0,30.0,1.0,1.0
2009-09-28,0.9024,0.9794944444444444,1.0807319444444443,0.8062611111111112,0.9846305555555556,1.0936513888888888,0.9776799603174603,0.11402085710845378,1.0614253968253968,0.19825214011578926,0,9,0,2009-09-24,2009-09-23,149.0,3.4256632328033447,395.6392960548401,2.6552972889586584,2.643686532974243,0.31630786367603575,2.440230131149292,2.8344967365264893,15.0,4.996894993192555,170.0,0.4564335346221924,16.35739278793335,0.09621995757607853,0.07404327392578125,0.0820871476032438,0.029822826385498047,0.1473151445388794,17.0,4.776754493633219,0.4564335346221924,0.3084404468536377,0.3019084930419922,0.28502631187438965,0.2822401523590088,0.027903807198351185,0.6757620189080668,0.1479930877685547,180.0,150.0,30.0,1.0,1.0
2009-09-29,0.7961097222222222,0.9024,0.9794944444444444,1.0807319444444443,0.86565,1.0116708333333333,0.965932738095238,0.11737214048781253,1.0477645833333333,0.20240643736032082,1,9,0,2009-09-24,2009-09-23,149.0,3.4256632328033447,395.6392960548401,2.6552972889586584,2.643686532974243,0.31630786367603575,2.440230131149292,2.8344967365264893,15.0,4.996894993192555,170.0,0.4564335346221924,16.35739278793335,0.09621995757607853,0.07404327392578125,0.0820871476032438,0.029822826385498047,0.1473151445388794,17.0,4.776754493633219,0.4564335346221924,0.3084404468536377,0.3019084930419922,0.28502631187438965,0.2822401523590088,0.027903807198351185,0.6757620189080668,0.1479930877685547,180.0,150.0,30.0,1.0,1.0
2009-09-30,1.232778859527121,0.7961097222222222,0.9024,0.9794944444444444,1.1365347222222222,1.2105291666666667,0.9559984126984127,0.12958247668881442,1.032367361111111,0.21327070636331788,2,9,0,2009-09-24,2009-09-23,149.0,3.4256632328033447,395.6392960548401,2.6552972889586584,2.643686532974243,0.31630786367603575,2.440230131149292,2.8344967365264893,15.0,4.996894993192555,170.0,0.4564335346221924,16.35739278793335,0.09621995757607853,0.07404327392578125,0.0820871476032438,0.029822826385498047,0.1473151445388794,17.0,4.776754493633219,0.4564335346221924,0.3084404468536377,0.3019084930419922,0.28502631187438965,0.2822401523590088,0.027903807198351185,0.6757620189080668,0.1479930877685547,180.0,150.0,30.0,1.0,1.0
2009-10-01,0.893925,1.232778859527121,0.7961097222222222,0.9024,0.9904569444444444,0.8496013888888888,0.9697475751705412,0.1546180724658188,1.033956624886858,0.21477804350123897,3,10,0,2009-10-01,2009-09-30,149.0,3.3619942665100098,391.4413459300995,2.6271231270476476,2.6231775283813477,0.29069209326910683,2.440230131149292,2.783238410949707,15.0,4.997854972728682,176.0,0.4564335346221924,17.929248571395874,0.10187073051929474,0.07449924945831299,0.08824035990913563,0.030167579650878906,0.15188872814178467,18.0,4.800999573678552,0.4564335346221924,0.3384861946105957,0.33425164222717285,0.3084404468536377,0.3019084930419922,0.02545748266050488,0.7415892324624521,0.11794734001159668,180.0,150.0,30.0,1.0,1.0
2009-10-02,0.8004638888888889,0.893925,1.232778859527121,0.7961097222222222,0.8062611111111112,0.9541888888888889,0.9559572973927634,0.15675324164629054,1.03712259710908,0.21216223458981745,4,10,0,2009-10-01,2009-09-30,149.0,3.3619942665100098,391.4413459300995,2.6271231270476476,2.6231775283813477,0.29069209326910683,2.440230131149292,2.783238410949707,15.0,4.997854972728682,176.0,0.4564335346221924,17.929248571395874,0.10187073051929474,0.07449924945831299,0.08824035990913563,0.030167579650878906,0.15188872814178467,18.0,4.800999573678552,0.4564335346221924,0.3384861946105957,0.33425164222717285,0.3084404468536377,0.3019084930419922,0.02545748266050488,0.7415892324624521,0.11794734001159668,180.0,150.0,30.0,1.0,1.0
2009-10-03,1.1921805555555556,0.8004638888888889,0.893925,1.232778859527121,1.0807319444444443,1.4831319444444444,0.9551291227895887,0.1576884710372482,1.0261422399662228,0.22059499402148275,5,10,1,2009-10-01,2009-09-30,149.0,3.3619942665100098,391.4413459300995,2.6271231270476476,2.6231775283813477,0.29069209326910683,2.440230131149292,2.783238410949707,15.0,4.997854972728682,176.0,0.4564335346221924,17.929248571395874,0.10187073051929474,0.07449924945831299,0.08824035990913563,0.030167579650878906,0.15188872814178467,18.0,4.800999573678552,0.4564335346221924,0.3384861946105957,0.33425164222717285,0.3084404468536377,0.3019084930419922,0.02545748266050488,0.7415892324624521,0.11794734001159668,180.0,150.0,30.0,1.0,1.0
2009-10-04,1.1257680555555556,1.1921805555555556,0.8004638888888889,0.893925,0.9794944444444444,1.4134222222222221,0.9710503529483189,0.1769354107053176,1.0053599979027308,0.1850759673729532,6,10,1,2009-10-01,2009-09-30,149.0,3.3619942665100098,391.4413459300995,2.6271231270476476,2.6231775283813477,0.29069209326910683,2.440230131149292,2.783238410949707,15.0,4.997854972728682,176.0,0.4564335346221924,17.929248571395874,0.10187073051929474,0.07449924945831299,0.08824035990913563,0.030167579650878906,0.15188872814178467,18.0,4.800999573678552,0.4564335346221924,0.3384861946105957,0.33425164222717285,0.3084404468536377,0.3019084930419922,0.02545748266050488,0.7415892324624521,0.11794734001159668,180.0,150.0,30.0,1.0,1.0
2009-10-05,0.8857791666666667,1.1257680555555556,1.1921805555555556,0.8004638888888889,0.9024,0.9846305555555556,0.9919465831070491,0.18647901362874475,0.9848132717122546,0.14867710188359262,0,10,0,2009-10-01,2009-09-30,149.0,3.3619942665100098,391.4413459300995,2.6271231270476476,2.6231775283813477,0.29069209326910683,2.440230131149292,2.783238410949707,15.0,4.997854972728682,176.0,0.4564335346221924,17.929248571395874,0.10187073051929474,0.07449924945831299,0.08824035990913563,0.030167579650878906,0.15188872814178467,18.0,4.800999573678552,0.4564335346221924,0.3384861946105957,0.33425164222717285,0.3084404468536377,0.3019084930419922,0.02545748266050488,0.7415892324624521,0.11794734001159668,180.0,150.0,30.0,1.0,1.0
2009-10-06,0.9919777777777778,0.8857791666666667,1.1257680555555556,1.1921805555555556,0.7961097222222222,0.86565,0.9895721783451442,0.1879095528551621,0.9777524582201912,0.1510153322514397,1,10,0,2009-10-01,2009-09-30,149.0,3.3619942665100098,391.4413459300995,2.6271231270476476,2.6231775283813477,0.29069209326910683,2.440230131149292,2.783238410949707,15.0,4.997854972728682,176.0,0.4564335346221924,17.929248571395874,0.10187073051929474,0.07449924945831299,0.08824035990913563,0.030167579650878906,0.15188872814178467,18.0,4.800999573678552,0.4564335346221924,0.3384861946105957,0.33425164222717285,0.3084404468536377,0.3019084930419922,0.02545748266050488,0.7415892324624521,0.11794734001159668,180.0,150.0,30.0,1.0,1.0
2009-10-07,1.2651625,0.9919777777777778,0.8857791666666667,1.1257680555555556,1.232778859527121,1.1365347222222222,1.017553329138795,0.16780815023250034,0.9867758709186037,0.14753583355565586,2,10,0,2009-10-01,2009-09-30,149.0,3.3619942665100098,391.4413459300995,2.6271231270476476,2.6231775283813477,0.29069209326910683,2.440230131149292,2.783238410949707,15.0,4.997854972728682,176.0,0.4564335346221924,17.929248571395874,0.10187073051929474,0.07449924945831299,0.08824035990913563,0.030167579650878906,0.15188872814178467,18.0,4.800999573678552,0.4564335346221924,0.3384861946105957,0.33425164222717285,0.3084404468536377,0.3019084930419922,0.02545748266050488,0.7415892324624521,0.11794734001159668,180.0,150.0,30.0,1.0,1.0
2009-10-08,1.0952541666666666,1.2651625,0.9919777777777778,0.8857791666666667,0.893925,0.9904569444444444,1.0221795634920636,0.17502186052048768,0.9959635693313024,0.16097259605676642,3,10,0,2009-10-08,2009-10-07,149.0,3.3619942665100098,386.6831817626953,2.5951891393469486,2.592724084854126,0.2589039233696026,2.440230131149292,2.7256860733032227,15.0,4.998977848974738,183.0,0.656846284866333,20.501201629638672,0.1120284242056758,0.0814671516418457,0.10612568932307785,0.03514671325683594,0.15484118461608887,19.0,4.823025176654974,0.656846284866333,0.5546073913574219,0.501746416091919,0.4564335346221924,0.44132256507873535,0.03203940416432604,0.8443488288440019,0.10223889350891113,180.0,150.0,30.0,1.0,1.0
2009-10-09,0.9387930555555556,1.0952541666666666,1.2651625,0.9919777777777778,0.8004638888888889,0.8062611111111112,1.0509408730158731,0.16678133591334232,1.0034490852043183,0.16311914838015934,4,10,0,2009-10-08,2009-10-07,149.0,3.3619942665100098,386.6831817626953,2.5951891393469486,2.592724084854126,0.2589039233696026,2.440230131149292,2.7256860733032227,15.0,4.998977848974738,183.0,0.656846284866333,20.501201629638672,0.1120284242056758,0.0814671516418457,0.10612568932307785,0.03514671325683594,0.15484118461608887,19.0,4.823025176654974,0.656846284866333,0.5546073913574219,0.501746416091919,0.4564335346221924,0.44132256507873535,0.03203940416432604,0.8443488288440019,0.10223889350891113,180.0,150.0,30.0,1.0,1.0
2009-10-10,1.3977472222222223,0.9387930555555556,1.0952541666666666,1.2651625,1.1921805555555556,1.0807319444444443,1.0707021825396825,0.13784105094838292,1.0129156526646355,0.15440825452170548,5,10,1,2009-10-08,2009-10-07,149.0,3.3619942665100098,386.6831817626953,2.5951891393469486,2.592724084854126,0.2589039233696026,2.440230131149292,2.7256860733032227,15.0,4.998977848974738,183.0,0.656846284866333,20.501201629638672,0.1120284242056758,0.0814671516418457,0.10612568932307785,0.03514671325683594,0.15484118461608887,19.0,4.823025176654974,0.656846284866333,0.5546073913574219,0.501746416091919,0.4564335346221924,0.44132256507873535,0.03203940416432604,0.8443488288440019,0.10223889350891113,180.0,150.0,30.0,1.0,1.0
2009-10-11,1.3469659485753998,1.3977472222222223,0.9387930555555556,1.0952541666666666,1.1257680555555556,0.9794944444444444,1.1000688492063493,0.1826497500007058,1.035559601077334,0.18527788438307183,6,10,1,2009-10-08,2009-10-07,149.0,3.3619942665100098,386.6831817626953,2.5951891393469486,2.592724084854126,0.2589039233696026,2.440230131149292,2.7256860733032227,15.0,4.998977848974738,183.0,0.656846284866333,20.501201629638672,0.1120284242056758,0.0814671516418457,0.10612568932307785,0.03514671325683594,0.15484118461608887,19.0,4.823025176654974,0.656846284866333,0.5546073913574219,0.501746416091919,0.4564335346221924,0.44132256507873535,0.03203940416432604,0.8443488288440019,0.10223889350891113,180.0,150.0,30.0,1.0,1.0
2009-10-12,0.938613888888889,1.3469659485753998,1.3977472222222223,0.9387930555555556,0.8857791666666667,0.9024,1.1316685482091842,0.20553731562350852,1.0618075656581165,0.20199921176312471,0,10,0,2009-10-08,2009-10-07,149.0,3.3619942665100098,386.6831817626953,2.5951891393469486,2.592724084854126,0.2589039233696026,2.440230131149292,2.7256860733032227,15.0,4.998977848974738,183.0,0.656846284866333,20.501201629638672,0.1120284242056758,0.0814671516418457,0.10612568932307785,0.03514671325683594,0.15484118461608887,19.0,4.823025176654974,0.656846284866333,0.5546073913574219,0.501746416091919,0.4564335346221924,0.44132256507873535,0.03203940416432604,0.8443488288440019,0.10223889350891113,180.0,150.0,30.0,1.0,1.0
2009-10-13,1.0063194444444443,0.938613888888889,1.3469659485753998,1.3977472222222223,0.9919777777777778,0.7961097222222222,1.1392163656695016,0.19573930595451036,1.064394272007323,0.20002309395485848,1,10,0,2009-10-08,2009-10-07,149.0,3.3619942665100098,386.6831817626953,2.5951891393469486,2.592724084854126,0.2589039233696026,2.440230131149292,2.7256860733032227,15.0,4.998977848974738,183.0,0.656846284866333,20.501201629638672,0.1120284242056758,0.0814671516418457,0.10612568932307785,0.03514671325683594,0.15484118461608887,19.0,4.823025176654974,0.656846284866333,0.5546073913574219,0.501746416091919,0.4564335346221924,0.44132256507873535,0.03203940416432604,0.8443488288440019,0.10223889350891113,180.0,150.0,30.0,1.0,1.0
2009-10-14,1.18835,1.0063194444444443,0.938613888888889,1.3469659485753998,1.2651625,1.232778859527121,1.141265175193311,0.1940087033858777,1.079409252166053,0.18571274067417795,2,10,0,2009-10-08,2009-10-07,149.0,3.3619942665100098,386.6831817626953,2.5951891393469486,2.592724084854126,0.2589039233696026,2.440230131149292,2.7256860733032227,15.0,4.998977848974738,183.0,0.656846284866333,20.501201629638672,0.1120284242056758,0.0814671516418457,0.10612568932307785,0.03514671325683594,0.15484118461608887,19.0,4.823025176654974,0.656846284866333,0.5546073913574219,0.501746416091919,0.4564335346221924,0.44132256507873535,0.03203940416432604,0.8443488288440019,0.10223889350891113,180.0,150.0,30.0,1.0,1.0
2009-10-15,1.0347055555555555,1.18835,1.0063194444444443,0.938613888888889,1.0952541666666666,0.893925,1.1302919609075968,0.18790947091055904,1.0762357621998302,0.18325365820042566,3,10,0,2009-10-15,2009-10-14,149.0,3.295881986618042,384.5445194244385,2.5808357008351575,2.5691676139831543,0.25274809471466414,2.4332103729248047,2.721972942352295,15.0,4.999157370193361,190.0,0.656846284866333,22.680932760238647,0.11937333031704551,0.08867967128753662,0.11100540446144933,0.03864949941635132,0.16894268989562988,19.0,4.877089358328827,0.656846284866333,0.5608406066894531,0.5462765693664551,0.501746416091919,0.4564335346221924,0.028960285355540277,0.8538384392378547,0.09600567817687988,180.0,150.0,30.0,1.0,1.0
2009-10-16,1.053375,1.0347055555555555,1.18835,1.0063194444444443,0.9387930555555556,0.8004638888888889,1.1216421593202952,0.19115665300902393,1.0862915161680842,0.17620718390789325,4,10,0,2009-10-15,2009-10-14,149.0,3.295881986618042,384.5445194244385,2.5808357008351575,2.5691676139831543,0.25274809471466414,2.4332103729248047,2.721972942352295,15.0,4.999157370193361,190.0,0.656846284866333,22.680932760238647,0.11937333031704551,0.08867967128753662,0.11100540446144933,0.03864949941635132,0.16894268989562988,19.0,4.877089358328827,0.656846284866333,0.5608406066894531,0.5462765693664551,0.501746416091919,0.4564335346221924,0.028960285355540277,0.8538384392378547,0.09600567817687988,180.0,150.0,30.0,1.0,1.0
2009-10-17,1.9042222222222223,1.053375,1.0347055555555555,1.18835,1.3977472222222223,1.1921805555555556,1.1380110085266444,0.17729271072691602,1.1043565955331636,0.1565134147152611,5,10,1,2009-10-15,2009-10-14,149.0,3.295881986618042,384.5445194244385,2.5808357008351575,2.5691676139831543,0.25274809471466414,2.4332103729248047,2.721972942352295,15.0,4.999157370193361,190.0,0.656846284866333,22.680932760238647,0.11937333031704551,0.08867967128753662,0.11100540446144933,0.03864949941635132,0.16894268989562988,19.0,4.877089358328827,0.656846284866333,0.5608406066894531,0.5462765693664551,0.501746416091919,0.4564335346221924,0.028960285355540277,0.8538384392378547,0.09600567817687988,180.0,150.0,30.0,1.0,1.0
2009-10-18,1.0806694444444445,1.9042222222222223,1.053375,1.0347055555555555,1.3469659485753998,1.1257680555555556,1.2103645799552158,0.33455634300269965,1.1552167145807826,0.2652011262429587,6,10,1,2009-10-15,2009-10-14,149.0,3.295881986618042,384.5445194244385,2.5808357008351575,2.5691676139831543,0.25274809471466414,2.4332103729248047,2.721972942352295,15.0,4.999157370193361,190.0,0.656846284866333,22.680932760238647,0.11937333031704551,0.08867967128753662,0.11100540446144933,0.03864949941635132,0.16894268989562988,19.0,4.877089358328827,0.656846284866333,0.5608406066894531,0.5462765693664551,0.501746416091919,0.4564335346221924,0.028960285355540277,0.8538384392378547,0.09600567817687988,180.0,150.0,30.0,1.0,1.0
2009-10-19,0.9507694444444444,1.0806694444444445,1.9042222222222223,1.053375,0.938613888888889,0.8857791666666667,1.1723222222222223,0.3315614641995994,1.151995385215703,0.2658594307832384,0,10,0,2009-10-15,2009-10-14,149.0,3.295881986618042,384.5445194244385,2.5808357008351575,2.5691676139831543,0.25274809471466414,2.4332103729248047,2.721972942352295,15.0,4.999157370193361,190.0,0.656846284866333,22.680932760238647,0.11937333031704551,0.08867967128753662,0.11100540446144933,0.03864949941635132,0.16894268989562988,19.0,4.877089358328827,0.656846284866333,0.5608406066894531,0.5462765693664551,0.501746416091919,0.4564335346221924,0.028960285355540277,0.8538384392378547,0.09600567817687988,180.0,150.0,30.0,1.0,1.0
2009-10-20,1.1963944444444445,0.9507694444444444,1.0806694444444445,1.9042222222222223,1.0063194444444443,0.9919777777777778,1.1740587301587302,0.3301623255576978,1.1566375479141158,0.2613831830489642,1,10,0,2009-10-15,2009-10-14,149.0,3.295881986618042,384.5445194244385,2.5808357008351575,2.5691676139831543,0.25274809471466414,2.4332103729248047,2.721972942352295,15.0,4.999157370193361,190.0,0.656846284866333,22.680932760238647,0.11937333031704551,0.08867967128753662,0.11100540446144933,0.03864949941635132,0.16894268989562988,19.0,4.877089358328827,0.656846284866333,0.5608406066894531,0.5462765693664551,0.501746416091919,0.4564335346221924,0.028960285355540277,0.8538384392378547,0.09600567817687988,180.0,150.0,30.0,1.0,1.0
2009-10-21,1.3677125,1.1963944444444445,0.9507694444444444,1.0806694444444445,1.18835,1.2651625,1.2012123015873015,0.32177739934552924,1.1712387383903062,0.257152788043991,2,10,0,2009-10-15,2009-10-14,149.0,3.295881986618042,384.5445194244385,2.5808357008351575,2.5691676139831543,0.25274809471466414,2.4332103729248047,2.721972942352295,15.0,4.999157370193361,190.0,0.656846284866333,22.680932760238647,0.11937333031704551,0.08867967128753662,0.11100540446144933,0.03864949941635132,0.16894268989562988,19.0,4.877089358328827,0.656846284866333,0.5608406066894531,0.5462765693664551,0.501746416091919,0.4564335346221924,0.028960285355540277,0.8538384392378547,0.09600567817687988,180.0,150.0,30.0,1.0,1.0
2009-10-22,0.9720208333333333,1.3677125,1.1963944444444445,0.9507694444444444,1.0347055555555555,1.0952541666666666,1.226835515873016,0.3276698546490705,1.1785637383903063,0.2614585303844744,3,10,0,2009-10-22,2009-10-21,149.0,3.295881986618042,380.55421328544617,2.554055122721115,2.5465362071990967,0.24834265294247845,2.403202533721924,2.680459499359131,15.0,4.999250132564517,179.0,0.656846284866333,22.114261150360107,0.12354335838190005,0.08607649803161621,0.11880808255268643,0.037844300270080566,0.17165160179138184,18.0,4.7886861044923394,0.656846284866333,0.5608406066894531,0.5462765693664551,0.501746416091919,0.4564335346221924,0.029702384375416356,0.8538384392378547,0.09600567817687988,180.0,150.0,30.0,1.0,1.0
2009-10-23,1.2204513888888888,0.9720208333333333,1.3677125,1.1963944444444445,1.053375,0.9387930555555556,1.2178805555555556,0.33457945330933897,1.1697613574379255,0.26650473521310375,4,10,0,2009-10-22,2009-10-21,149.0,3.295881986618042,380.55421328544617,2.554055122721115,2.5465362071990967,0.24834265294247845,2.403202533721924,2.680459499359131,15.0,4.999250132564517,179.0,0.656846284866333,22.114261150360107,0.12354335838190005,0.08607649803161621,0.11880808255268643,0.037844300270080566,0.17165160179138184,18.0,4.7886861044923394,0.656846284866333,0.5608406066894531,0.5462765693664551,0.501746416091919,0.4564335346221924,0.029702384375416356,0.8538384392378547,0.09600567817687988,180.0,150.0,30.0,1.0,1.0
2009-10-24,1.815561111111111,1.2204513888888888,0.9720208333333333,1.3677125,1.9042222222222223,1.3977472222222223,1.2417486111111111,0.3267560778072898,1.1898798098188779,0.25823046558486545,5,10,1,2009-10-22,2009-10-21,149.0,3.295881986618042,380.55421328544617,2.554055122721115,2.5465362071990967,0.24834265294247845,2.403202533721924,2.680459499359131,15.0,4.999250132564517,179.0,0.656846284866333,22.114261150360107,0.12354335838190005,0.08607649803161621,0.11880808255268643,0.037844300270080566,0.17165160179138184,18.0,4.7886861044923394,0.656846284866333,0.5608406066894531,0.5462765693664551,0.501746416091919,0.4564335346221924,0.029702384375416356,0.8538384392378547,0.09600567817687988,180.0,150.0,30.0,1.0,1.0
2009-10-25,1.6712055555555556,1.815561111111111,1.2204513888888888,0.9720208333333333,1.0806694444444445,1.3469659485753998,1.229082738095238,0.2971766409805499,1.219723659025227,0.3041605988468609,6,10,1,2009-10-22,2009-10-21,149.0,3.295881986618042,380.55421328544617,2.554055122721115,2.5465362071990967,0.24834265294247845,2.403202533721924,2.680459499359131,15.0,4.999250132564517,179.0,0.656846284866333,22.114261150360107,0.12354335838190005,0.08607649803161621,0.11880808255268643,0.037844300270080566,0.17165160179138184,18.0,4.7886861044923394,0.656846284866333,0.5608406066894531,0.5462765693664551,0.501746416091919,0.4564335346221924,0.029702384375416356,0.8538384392378547,0.09600567817687988,180.0,150.0,30.0,1.0,1.0
2009-10-26,0.7724611111111112,1.6712055555555556,1.815561111111111,1.2204513888888888,0.9507694444444444,0.938613888888889,1.3134450396825397,0.3300279862248866,1.242883630952381,0.3261445681136809,0,10,0,2009-10-22,2009-10-21,149.0,3.295881986618042,380.55421328544617,2.554055122721115,2.5465362071990967,0.24834265294247845,2.403202533721924,2.680459499359131,15.0,4.999250132564517,179.0,0.656846284866333,22.114261150360107,0.12354335838190005,0.08607649803161621,0.11880808255268643,0.037844300270080566,0.17165160179138184,18.0,4.7886861044923394,0.656846284866333,0.5608406066894531,0.5462765693664551,0.501746416091919,0.4564335346221924,0.029702384375416356,0.8538384392378547,0.09600567817687988,180.0,150.0,30.0,1.0,1.0
2009-10-27,0.775525,0.7724611111111112,1.6712055555555556,1.815561111111111,1.1963944444444445,1.0063194444444443,1.2879724206349206,0.3674458856968322,1.2310155753968253,0.3407637340617083,1,10,0,2009-10-22,2009-10-21,149.0,3.295881986618042,380.55421328544617,2.554055122721115,2.5465362071990967,0.24834265294247845,2.403202533721924,2.680459499359131,15.0,4.999250132564517,179.0,0.656846284866333,22.114261150360107,0.12354335838190005,0.08607649803161621,0.11880808255268643,0.037844300270080566,0.17165160179138184,18.0,4.7886861044923394,0.656846284866333,0.5608406066894531,0.5462765693664551,0.501746416091919,0.4564335346221924,0.029702384375416356,0.8538384392378547,0.09600567817687988,180.0,150.0,30.0,1.0,1.0
2009-10-28,0.8810472222222223,0.775525,0.7724611111111112,1.6712055555555556,1.3677125,1.18835,1.2278482142857143,0.4161350472626166,1.2145302579365078,0.35763513693292764,2,10,0,2009-10-22,2009-10-21,149.0,3.295881986618042,380.55421328544617,2.554055122721115,2.5465362071990967,0.24834265294247845,2.403202533721924,2.680459499359131,15.0,4.999250132564517,179.0,0.656846284866333,22.114261150360107,0.12354335838190005,0.08607649803161621,0.11880808255268643,0.037844300270080566,0.17165160179138184,18.0,4.7886861044923394,0.656846284866333,0.5608406066894531,0.5462765693664551,0.501746416091919,0.4564335346221924,0.029702384375416356,0.8538384392378547,0.09600567817687988,180.0,150.0,30.0,1.0,1.0
2009-10-29,1.3760000000000001,0.8810472222222223,0.775525,0.7724611111111112,0.9720208333333333,1.0347055555555555,1.1583246031746033,0.4293181507782447,1.1925800595238096,0.36862715763054177,3,10,0,2009-10-29,2009-10-28,149.0,3.295881986618042,382.861403465271,2.5695396205722885,2.5471479892730713,0.2398146198761932,2.4373586177825928,2.6894044876098633,15.0,4.9996283181503465,168.0,0.6439304351806641,20.744685411453247,0.12348027030626933,0.08575558662414551,0.11795997769079623,0.03748685121536255,0.17143511772155762,17.0,4.730949163761244,0.6439304351806641,0.5608406066894531,0.5462765693664551,0.501746416091919,0.4564335346221924,0.031040742359252495,0.8709645887945973,0.08308982849121094,180.0,150.0,30.0,1.0,1.0
2009-10-30,1.0370541666666666,1.3760000000000001,0.8810472222222223,0.775525,1.2204513888888888,1.053375,1.2160359126984126,0.4272477354188603,1.2169582341269842,0.36866872115547206,4,10,0,2009-10-29,2009-10-28,149.0,3.295881986618042,382.861403465271,2.5695396205722885,2.5471479892730713,0.2398146198761932,2.4373586177825928,2.6894044876098633,15.0,4.9996283181503465,168.0,0.6439304351806641,20.744685411453247,0.12348027030626933,0.08575558662414551,0.11795997769079623,0.03748685121536255,0.17143511772155762,17.0,4.730949163761244,0.6439304351806641,0.5608406066894531,0.5462765693664551,0.501746416091919,0.4564335346221924,0.031040742359252495,0.8709645887945973,0.08308982849121094,180.0,150.0,30.0,1.0,1.0
2009-10-31,1.3027375,1.0370541666666666,1.3760000000000001,0.8810472222222223,1.815561111111111,1.9042222222222223,1.1898363095238094,0.43252240771631373,1.2157924603174604,0.3692511246856075,5,10,1,2009-10-29,2009-10-28,149.0,3.295881986618042,382.861403465271,2.5695396205722885,2.5471479892730713,0.2398146198761932,2.4373586177825928,2.6894044876098633,15.0,4.9996283181503465,168.0,0.6439304351806641,20.744685411453247,0.12348027030626933,0.08575558662414551,0.11795997769079623,0.03748685121536255,0.17143511772155762,17.0,4.730949163761244,0.6439304351806641,0.5608406066894531,0.5462765693664551,0.501746416091919,0.4564335346221924,0.031040742359252495,0.8709645887945973,0.08308982849121094,180.0,150.0,30.0,1.0,1.0
2009-11-01,1.2799777777777777,1.3027375,1.0370541666666666,1.3760000000000001,1.6712055555555556,1.0806694444444445,1.1165757936507936,0.34304985746679023,1.172829265873016,0.31382078519111406,6,11,1,2009-10-29,2009-10-28,149.0,3.295881986618042,382.861403465271,2.5695396205722885,2.5471479892730713,0.2398146198761932,2.4373586177825928,2.6894044876098633,15.0,4.9996283181503465,168.0,0.6439304351806641,20.744685411453247,0.12348027030626933,0.08575558662414551,0.11795997769079623,0.03748685121536255,0.17143511772155762,17.0,4.730949163761244,0.6439304351806641,0.5608406066894531,0.5462765693664551,0.501746416091919,0.4564335346221924,0.031040742359252495,0.8709645887945973,0.08308982849121094,180.0,150.0,30.0,1.0,1.0
2009-11-02,1.0446013888888888,1.2799777777777777,1.3027375,1.0370541666666666,0.7724611111111112,0.9507694444444444,1.0606861111111112,0.25926809405623147,1.1870655753968253,0.3138391630740456,0,11,0,2009-10-29,2009-10-28,149.0,3.295881986618042,382.861403465271,2.5695396205722885,2.5471479892730713,0.2398146198761932,2.4373586177825928,2.6894044876098633,15.0,4.9996283181503465,168.0,0.6439304351806641,20.744685411453247,0.12348027030626933,0.08575558662414551,0.11795997769079623,0.03748685121536255,0.17143511772155762,17.0,4.730949163761244,0.6439304351806641,0.5608406066894531,0.5462765693664551,0.501746416091919,0.4564335346221924,0.031040742359252495,0.8709645887945973,0.08308982849121094,180.0,150.0,30.0,1.0,1.0
2009-11-03,1.5740888888888889,1.0446013888888888,1.2799777777777777,1.3027375,0.775525,1.1963944444444445,1.0995632936507935,0.22727541588041966,1.1937678571428572,0.30937487323174834,1,11,0,2009-10-29,2009-10-28,149.0,3.295881986618042,382.861403465271,2.5695396205722885,2.5471479892730713,0.2398146198761932,2.4373586177825928,2.6894044876098633,15.0,4.9996283181503465,168.0,0.6439304351806641,20.744685411453247,0.12348027030626933,0.08575558662414551,0.11795997769079623,0.03748685121536255,0.17143511772155762,17.0,4.730949163761244,0.6439304351806641,0.5608406066894531,0.5462765693664551,0.501746416091919,0.4564335346221924,0.031040742359252495,0.8709645887945973,0.08308982849121094,180.0,150.0,30.0,1.0,1.0
2009-11-04,1.25125,1.5740888888888889,1.0446013888888888,1.2799777777777777,0.8810472222222223,1.3677125,1.213643849206349,0.23769651542622286,1.2207460317460317,0.32566077678748023,2,11,0,2009-10-29,2009-10-28,149.0,3.295881986618042,382.861403465271,2.5695396205722885,2.5471479892730713,0.2398146198761932,2.4373586177825928,2.6894044876098633,15.0,4.9996283181503465,168.0,0.6439304351806641,20.744685411453247,0.12348027030626933,0.08575558662414551,0.11795997769079623,0.03748685121536255,0.17143511772155762,17.0,4.730949163761244,0.6439304351806641,0.5608406066894531,0.5462765693664551,0.501746416091919,0.4564335346221924,0.031040742359252495,0.8709645887945973,0.08308982849121094,180.0,150.0,30.0,1.0,1.0
2009-11-05,1.0836569444444444,1.25125,1.5740888888888889,1.0446013888888888,1.3760000000000001,0.9720208333333333,1.2665299603174602,0.18717768818768274,1.212427281746032,0.3230952189797025,3,11,0,2009-11-05,2009-11-04,149.0,3.5514907836914062,390.109078168869,2.618181732676973,2.5666263103485107,0.26991678419749277,2.467463731765747,2.7489585876464844,15.0,4.998736570697291,158.0,0.6439304351806641,19.382185220718384,0.12267205835897711,0.08575558662414551,0.11661911073127353,0.03892165422439575,0.1708117127418518,16.0,4.674343624142635,0.6439304351806641,0.5608406066894531,0.5462765693664551,0.47811317443847656,0.4564335346221924,0.03322279855691098,0.8709645887945973,0.08308982849121094,180.0,150.0,30.0,1.0,1.0
2009-11-06,0.9655902777777778,1.0836569444444444,1.25125,1.5740888888888889,1.0370541666666666,1.2204513888888888,1.2247666666666668,0.19125138918979973,1.2204012896825396,0.31804367370056885,4,11,0,2009-11-05,2009-11-04,149.0,3.5514907836914062,390.109078168869,2.618181732676973,2.5666263103485107,0.26991678419749277,2.467463731765747,2.7489585876464844,15.0,4.998736570697291,158.0,0.6439304351806641,19.382185220718384,0.12267205835897711,0.08575558662414551,0.11661911073127353,0.03892165422439575,0.1708117127418518,16.0,4.674343624142635,0.6439304351806641,0.5608406066894531,0.5462765693664551,0.47811317443847656,0.4564335346221924,0.03322279855691098,0.8709645887945973,0.08308982849121094,180.0,150.0,30.0,1.0,1.0
2009-11-07,1.0813722222222222,0.9655902777777778,1.0836569444444444,1.25125,1.3027375,1.815561111111111,1.2145575396825397,0.20439724280061336,1.2021969246031747,0.3252528227890516,5,11,1,2009-11-05,2009-11-04,149.0,3.5514907836914062,390.109078168869,2.618181732676973,2.5666263103485107,0.26991678419749277,2.467463731765747,2.7489585876464844,15.0,4.998736570697291,158.0,0.6439304351806641,19.382185220718384,0.12267205835897711,0.08575558662414551,0.11661911073127353,0.03892165422439575,0.1708117127418518,16.0,4.674343624142635,0.6439304351806641,0.5608406066894531,0.5462765693664551,0.47811317443847656,0.4564335346221924,0.03322279855691098,0.8709645887945973,0.08308982849121094,180.0,150.0,30.0,1.0,1.0
2009-11-08,1.7416680555555555,1.0813722222222222,0.9655902777777778,1.0836569444444444,1.2799777777777777,1.6712055555555556,1.1829339285714284,0.20560141500584142,1.149754861111111,0.27388133120973657,6,11,1,2009-11-05,2009-11-04,149.0,3.5514907836914062,390.109078168869,2.618181732676973,2.5666263103485107,0.26991678419749277,2.467463731765747,2.7489585876464844,15.0,4.998736570697291,158.0,0.6439304351806641,19.382185220718384,0.12267205835897711,0.08575558662414551,0.11661911073127353,0.03892165422439575,0.1708117127418518,16.0,4.674343624142635,0.6439304351806641,0.5608406066894531,0.5462765693664551,0.47811317443847656,0.4564335346221924,0.03322279855691098,0.8709645887945973,0.08308982849121094,180.0,150.0,30.0,1.0,1.0
2009-11-09,0.9762001389854065,1.7416680555555555,1.0813722222222222,0.9655902777777778,1.0446013888888888,0.7724611111111112,1.2488896825396825,0.29607061002732427,1.1547878968253968,0.2846372251655999,0,11,0,2009-11-05,2009-11-04,149.0,3.5514907836914062,390.109078168869,2.618181732676973,2.5666263103485107,0.26991678419749277,2.467463731765747,2.7489585876464844,15.0,4.998736570697291,158.0,0.6439304351806641,19.382185220718384,0.12267205835897711,0.08575558662414551,0.11661911073127353,0.03892165422439575,0.1708117127418518,16.0,4.674343624142635,0.6439304351806641,0.5608406066894531,0.5462765693664551,0.47811317443847656,0.4564335346221924,0.03322279855691098,0.8709645887945973,0.08308982849121094,180.0,150.0,30.0,1.0,1.0
2009-11-10,1.1154055555555555,0.9762001389854065,1.7416680555555555,1.0813722222222222,1.5740888888888889,0.775525,1.2391180754106137,0.3049328687956317,1.1693406845307037,0.2683272105106288,1,11,0,2009-11-05,2009-11-04,149.0,3.5514907836914062,390.109078168869,2.618181732676973,2.5666263103485107,0.26991678419749277,2.467463731765747,2.7489585876464844,15.0,4.998736570697291,158.0,0.6439304351806641,19.382185220718384,0.12267205835897711,0.08575558662414551,0.11661911073127353,0.03892165422439575,0.1708117127418518,16.0,4.674343624142635,0.6439304351806641,0.5608406066894531,0.5462765693664551,0.47811317443847656,0.4564335346221924,0.03322279855691098,0.8709645887945973,0.08308982849121094,180.0,150.0,30.0,1.0,1.0
2009-11-11,1.417,1.1154055555555555,0.9762001389854065,1.7416680555555555,1.25125,0.8810472222222223,1.1735918849344231,0.2680012117665198,1.1936178670703863,0.2442508573595954,2,11,0,2009-11-05,2009-11-04,149.0,3.5514907836914062,390.109078168869,2.618181732676973,2.5666263103485107,0.26991678419749277,2.467463731765747,2.7489585876464844,15.0,4.998736570697291,158.0,0.6439304351806641,19.382185220718384,0.12267205835897711,0.08575558662414551,0.11661911073127353,0.03892165422439575,0.1708117127418518,16.0,4.674343624142635,0.6439304351806641,0.5608406066894531,0.5462765693664551,0.47811317443847656,0.4564335346221924,0.03322279855691098,0.8709645887945973,0.08308982849121094,180.0,150.0,30.0,1.0,1.0
2009-11-12,1.0160180555555556,1.417,1.1154055555555555,0.9762001389854065,1.0836569444444444,1.3760000000000001,1.1972704563629946,0.28291338529659915,1.2319002083402275,0.2332449849934356,3,11,0,2009-11-12,2009-11-11,149.0,3.8894927501678467,399.50195384025574,2.681221166713126,2.619974136352539,0.3449539929728301,2.48653507232666,2.783238410949707,15.0,4.996002560643403,155.0,0.7286298274993896,19.48201322555542,0.12569040790680916,0.08607649803161621,0.1296619165812628,0.03921401500701904,0.16214120388031006,16.0,4.624753525453272,0.7286298274993896,0.7054224014282227,0.6292145252227783,0.5944726467132568,0.5482511520385742,0.03740013001036328,0.9681492231098837,0.023207426071166992,180.0,150.0,30.0,1.0,1.0
2009-11-13,1.0645319444444443,1.0160180555555556,1.417,1.1154055555555555,0.9655902777777778,1.0370541666666666,1.1876077579502962,0.2885396362153104,1.2061872123084814,0.2359638236524989,4,11,0,2009-11-12,2009-11-11,149.0,3.8894927501678467,399.50195384025574,2.681221166713126,2.619974136352539,0.3449539929728301,2.48653507232666,2.783238410949707,15.0,4.996002560643403,155.0,0.7286298274993896,19.48201322555542,0.12569040790680916,0.08607649803161621,0.1296619165812628,0.03921401500701904,0.16214120388031006,16.0,4.624753525453272,0.7286298274993896,0.7054224014282227,0.6292145252227783,0.5944726467132568,0.5482511520385742,0.03740013001036328,0.9681492231098837,0.023207426071166992,180.0,150.0,30.0,1.0,1.0
2009-11-14,1.7780944444444446,1.0645319444444443,1.0160180555555556,1.417,1.0813722222222222,1.3027375,1.20174228175982,0.2780851581285552,1.2081499107211797,0.2345588881512775,5,11,1,2009-11-12,2009-11-11,149.0,3.8894927501678467,399.50195384025574,2.681221166713126,2.619974136352539,0.3449539929728301,2.48653507232666,2.783238410949707,15.0,4.996002560643403,155.0,0.7286298274993896,19.48201322555542,0.12569040790680916,0.08607649803161621,0.1296619165812628,0.03921401500701904,0.16214120388031006,16.0,4.624753525453272,0.7286298274993896,0.7054224014282227,0.6292145252227783,0.5944726467132568,0.5482511520385742,0.03740013001036328,0.9681492231098837,0.023207426071166992,180.0,150.0,30.0,1.0,1.0
2009-11-15,1.366186111111111,1.7780944444444446,1.0645319444444443,1.0160180555555556,1.7416680555555555,1.2799777777777777,1.301274027791566,0.3445613191556205,1.2421039781814973,0.2794200028432493,6,11,1,2009-11-12,2009-11-11,149.0,3.8894927501678467,399.50195384025574,2.681221166713126,2.619974136352539,0.3449539929728301,2.48653507232666,2.783238410949707,15.0,4.996002560643403,155.0,0.7286298274993896,19.48201322555542,0.12569040790680916,0.08607649803161621,0.1296619165812628,0.03921401500701904,0.16214120388031006,16.0,4.624753525453272,0.7286298274993896,0.7054224014282227,0.6292145252227783,0.5944726467132568,0.5482511520385742,0.03740013001036328,0.9681492231098837,0.023207426071166992,180.0,150.0,30.0,1.0,1.0
2009-11-16,1.0517138888888888,1.366186111111111,1.7780944444444446,1.0645319444444443,0.9762001389854065,1.0446013888888888,1.2476337500137882,0.28938461690851275,1.2482617162767353,0.2812626881287298,0,11,0,2009-11-12,2009-11-11,149.0,3.8894927501678467,399.50195384025574,2.681221166713126,2.619974136352539,0.3449539929728301,2.48653507232666,2.783238410949707,15.0,4.996002560643403,155.0,0.7286298274993896,19.48201322555542,0.12569040790680916,0.08607649803161621,0.1296619165812628,0.03921401500701904,0.16214120388031006,16.0,4.624753525453272,0.7286298274993896,0.7054224014282227,0.6292145252227783,0.5944726467132568,0.5482511520385742,0.03740013001036328,0.9681492231098837,0.023207426071166992,180.0,150.0,30.0,1.0,1.0
2009-11-17,1.186315277777778,1.0517138888888888,1.366186111111111,1.7780944444444446,1.1154055555555555,1.5740888888888889,1.2584214285714286,0.27879338458984665,1.2487697519910212,0.28087267887909206,1,11,0,2009-11-12,2009-11-11,149.0,3.8894927501678467,399.50195384025574,2.681221166713126,2.619974136352539,0.3449539929728301,2.48653507232666,2.783238410949707,15.0,4.996002560643403,155.0,0.7286298274993896,19.48201322555542,0.12569040790680916,0.08607649803161621,0.1296619165812628,0.03921401500701904,0.16214120388031006,16.0,4.624753525453272,0.7286298274993896,0.7054224014282227,0.6292145252227783,0.5944726467132568,0.5482511520385742,0.03740013001036328,0.9681492231098837,0.023207426071166992,180.0,150.0,30.0,1.0,1.0
2009-11-18,1.8327597222222223,1.186315277777778,1.0517138888888888,1.366186111111111,1.417,1.25125,1.268551388888889,0.27397747843023046,1.221071636911656,0.2649949818162472,2,11,0,2009-11-12,2009-11-11,149.0,3.8894927501678467,399.50195384025574,2.681221166713126,2.619974136352539,0.3449539929728301,2.48653507232666,2.783238410949707,15.0,4.996002560643403,155.0,0.7286298274993896,19.48201322555542,0.12569040790680916,0.08607649803161621,0.1296619165812628,0.03921401500701904,0.16214120388031006,16.0,4.624753525453272,0.7286298274993896,0.7054224014282227,0.6292145252227783,0.5944726467132568,0.5482511520385742,0.03740013001036328,0.9681492231098837,0.023207426071166992,180.0,150.0,30.0,1.0,1.0
2009-11-19,1.0242,1.8327597222222223,1.186315277777778,1.0517138888888888,1.0160180555555556,1.0836569444444444,1.3279456349206349,0.3468866938334307,1.2626080456418147,0.31157023898197955,3,11,0,2009-11-19,2009-11-18,149.0,3.8894927501678467,406.9772255420685,2.731390775450124,2.643686532974243,0.3975420034410896,2.48653507232666,2.8312318325042725,15.0,4.993773697382279,139.0,0.7286298274993896,19.385758876800537,0.13946589120000386,0.10863113403320312,0.1392172480484249,0.04858684539794922,0.19025719165802002,14.0,4.541055008981216,0.7286298274993896,0.7192108631134033,0.708430290222168,0.7054224014282227,0.5482511520385742,0.03758582948080308,0.9870730458313632,0.009418964385986328,180.0,150.0,30.0,1.0,1.0
2009-11-20,1.3618166666666667,1.0242,1.8327597222222223,1.186315277777778,1.0645319444444443,0.9655902777777778,1.3291144841269842,0.3456721237091687,1.25836112103864,0.31458771188500395,4,11,0,2009-11-19,2009-11-18,149.0,3.8894927501678467,406.9772255420685,2.731390775450124,2.643686532974243,0.3975420034410896,2.48653507232666,2.8312318325042725,15.0,4.993773697382279,139.0,0.7286298274993896,19.385758876800537,0.13946589120000386,0.10863113403320312,0.1392172480484249,0.04858684539794922,0.19025719165802002,14.0,4.541055008981216,0.7286298274993896,0.7192108631134033,0.708430290222168,0.7054224014282227,0.5482511520385742,0.03758582948080308,0.9870730458313632,0.009418964385986328,180.0,150.0,30.0,1.0,1.0
2009-11-21,1.733927777777778,1.3618166666666667,1.0242,1.8327597222222223,1.7780944444444446,1.0813722222222222,1.3715837301587304,0.3254164913578966,1.2866630059592752,0.30386293718033885,5,11,1,2009-11-19,2009-11-18,149.0,3.8894927501678467,406.9772255420685,2.731390775450124,2.643686532974243,0.3975420034410896,2.48653507232666,2.8312318325042725,15.0,4.993773697382279,139.0,0.7286298274993896,19.385758876800537,0.13946589120000386,0.10863113403320312,0.1392172480484249,0.04858684539794922,0.19025719165802002,14.0,4.541055008981216,0.7286298274993896,0.7192108631134033,0.708430290222168,0.7054224014282227,0.5482511520385742,0.03758582948080308,0.9870730458313632,0.009418964385986328,180.0,150.0,30.0,1.0,1.0
2009-11-22,1.7020666666666668,1.733927777777778,1.3618166666666667,1.0242,1.366186111111111,1.7416680555555555,1.3652742063492063,0.3165277593058404,1.3332741170703861,0.31959229200420625,6,11,1,2009-11-19,2009-11-18,149.0,3.8894927501678467,406.9772255420685,2.731390775450124,2.643686532974243,0.3975420034410896,2.48653507232666,2.8312318325042725,15.0,4.993773697382279,139.0,0.7286298274993896,19.385758876800537,0.13946589120000386,0.10863113403320312,0.1392172480484249,0.04858684539794922,0.19025719165802002,14.0,4.541055008981216,0.7286298274993896,0.7192108631134033,0.708430290222168,0.7054224014282227,0.5482511520385742,0.03758582948080308,0.9870730458313632,0.009418964385986328,180.0,150.0,30.0,1.0,1.0
2009-11-23,1.0216125,1.7020666666666668,1.733927777777778,1.3618166666666667,1.0517138888888888,0.9762001389854065,1.413257142857143,0.34118683270118016,1.3304454464354656,0.3158529778200086,0,11,0,2009-11-19,2009-11-18,149.0,3.8894927501678467,406.9772255420685,2.731390775450124,2.643686532974243,0.3975420034410896,2.48653507232666,2.8312318325042725,15.0,4.993773697382279,139.0,0.7286298274993896,19.385758876800537,0.13946589120000386,0.10863113403320312,0.1392172480484249,0.04858684539794922,0.19025719165802002,14.0,4.541055008981216,0.7286298274993896,0.7192108631134033,0.708430290222168,0.7054224014282227,0.5482511520385742,0.03758582948080308,0.9870730458313632,0.009418964385986328,180.0,150.0,30.0,1.0,1.0
2009-11-24,1.4783722222222224,1.0216125,1.7020666666666668,1.733927777777778,1.186315277777778,1.1154055555555555,1.4089569444444445,0.34664902728264024,1.3336891865079363,0.31214654988043733,1,11,0,2009-11-19,2009-11-18,149.0,3.8894927501678467,406.9772255420685,2.731390775450124,2.643686532974243,0.3975420034410896,2.48653507232666,2.8312318325042725,15.0,4.993773697382279,139.0,0.7286298274993896,19.385758876800537,0.13946589120000386,0.10863113403320312,0.1392172480484249,0.04858684539794922,0.19025719165802002,14.0,4.541055008981216,0.7286298274993896,0.7192108631134033,0.708430290222168,0.7054224014282227,0.5482511520385742,0.03758582948080308,0.9870730458313632,0.009418964385986328,180.0,150.0,30.0,1.0,1.0
2009-11-25,1.3750902777777778,1.4783722222222224,1.0216125,1.7020666666666668,1.8327597222222223,1.417,1.4506793650793652,0.33268031077482374,1.359615376984127,0.3076631757388917,2,11,0,2009-11-19,2009-11-18,149.0,3.8894927501678467,406.9772255420685,2.731390775450124,2.643686532974243,0.3975420034410896,2.48653507232666,2.8312318325042725,15.0,4.993773697382279,139.0,0.7286298274993896,19.385758876800537,0.13946589120000386,0.10863113403320312,0.1392172480484249,0.04858684539794922,0.19025719165802002,14.0,4.541055008981216,0.7286298274993896,0.7192108631134033,0.708430290222168,0.7054224014282227,0.5482511520385742,0.03758582948080308,0.9870730458313632,0.009418964385986328,180.0,150.0,30.0,1.0,1.0
2009-11-26,1.110851388888889,1.3750902777777778,1.4783722222222224,1.0216125,1.0242,1.0160180555555556,1.385298015873016,0.28689789127253773,1.3566218253968254,0.30726550844694056,3,11,0,2009-11-26,2009-11-25,149.0,3.8894927501678467,414.8465027809143,2.784204716650432,2.659379720687866,0.44436911857576883,2.48653507232666,2.9307467937469482,15.0,4.991660444255885,128.0,0.7286298274993896,18.491786241531372,0.14446708001196384,0.10810995101928711,0.14439330370816364,0.04474067687988281,0.2006901502609253,13.0,4.450095101548943,0.7286298274993896,0.7192108631134033,0.708430290222168,0.7054224014282227,0.5482511520385742,0.039402890449973596,0.9870730458313632,0.009418964385986328,180.0,150.0,30.0,1.0,1.0
2009-11-27,0.9583513888888889,1.110851388888889,1.3750902777777778,1.4783722222222224,1.3618166666666667,1.0645319444444443,1.3976767857142858,0.2700984192523864,1.363395634920635,0.3001418896954916,4,11,0,2009-11-26,2009-11-25,149.0,3.8894927501678467,414.8465027809143,2.784204716650432,2.659379720687866,0.44436911857576883,2.48653507232666,2.9307467937469482,15.0,4.991660444255885,128.0,0.7286298274993896,18.491786241531372,0.14446708001196384,0.10810995101928711,0.14439330370816364,0.04474067687988281,0.2006901502609253,13.0,4.450095101548943,0.7286298274993896,0.7192108631134033,0.708430290222168,0.7054224014282227,0.5482511520385742,0.039402890449973596,0.9870730458313632,0.009418964385986328,180.0,150.0,30.0,1.0,1.0
2009-11-28,1.2909375,0.9583513888888889,1.110851388888889,1.3750902777777778,1.733927777777778,1.7780944444444446,1.340038888888889,0.31785345223869094,1.3558113095238096,0.3094713891614808,5,11,1,2009-11-26,2009-11-25,149.0,3.8894927501678467,414.8465027809143,2.784204716650432,2.659379720687866,0.44436911857576883,2.48653507232666,2.9307467937469482,15.0,4.991660444255885,128.0,0.7286298274993896,18.491786241531372,0.14446708001196384,0.10810995101928711,0.14439330370816364,0.04474067687988281,0.2006901502609253,13.0,4.450095101548943,0.7286298274993896,0.7192108631134033,0.708430290222168,0.7054224014282227,0.5482511520385742,0.039402890449973596,0.9870730458313632,0.009418964385986328,180.0,150.0,30.0,1.0,1.0
2009-11-29,1.1465013888888889,1.2909375,0.9583513888888889,1.110851388888889,1.7020666666666668,1.366186111111111,1.2767545634920636,0.26627462368592814,1.321014384920635,0.2847369948245038,6,11,1,2009-11-26,2009-11-25,149.0,3.8894927501678467,414.8465027809143,2.784204716650432,2.659379720687866,0.44436911857576883,2.48653507232666,2.9307467937469482,15.0,4.991660444255885,128.0,0.7286298274993896,18.491786241531372,0.14446708001196384,0.10810995101928711,0.14439330370816364,0.04474067687988281,0.2006901502609253,13.0,4.450095101548943,0.7286298274993896,0.7192108631134033,0.708430290222168,0.7054224014282227,0.5482511520385742,0.039402890449973596,0.9870730458313632,0.009418964385986328,180.0,150.0,30.0,1.0,1.0
2009-11-30,1.2119375000000001,1.1465013888888889,1.2909375,0.9583513888888889,1.0216125,1.0517138888888888,1.1973880952380953,0.19034849693835104,1.305322619047619,0.288089741706125,0,11,0,2009-11-26,2009-11-25,149.0,3.8894927501678467,414.8465027809143,2.784204716650432,2.659379720687866,0.44436911857576883,2.48653507232666,2.9307467937469482,15.0,4.991660444255885,128.0,0.7286298274993896,18.491786241531372,0.14446708001196384,0.10810995101928711,0.14439330370816364,0.04474067687988281,0.2006901502609253,13.0,4.450095101548943,0.7286298274993896,0.7192108631134033,0.708430290222168,0.7054224014282227,0.5482511520385742,0.039402890449973596,0.9870730458313632,0.009418964385986328,180.0,150.0,30.0,1.0,1.0
2009-12-01,1.2197069444444444,1.2119375000000001,1.1465013888888889,1.2909375,1.4783722222222224,1.186315277777778,1.224577380952381,0.17394210062268095,1.3167671626984128,0.28031764906804846,1,12,0,2009-11-26,2009-11-25,149.0,3.8894927501678467,414.8465027809143,2.784204716650432,2.659379720687866,0.44436911857576883,2.48653507232666,2.9307467937469482,15.0,4.991660444255885,128.0,0.7286298274993896,18.491786241531372,0.14446708001196384,0.10810995101928711,0.14439330370816364,0.04474067687988281,0.2006901502609253,13.0,4.450095101548943,0.7286298274993896,0.7192108631134033,0.708430290222168,0.7054224014282227,0.5482511520385742,0.039402890449973596,0.9870730458313632,0.009418964385986328,180.0,150.0,30.0,1.0,1.0
2009-12-02,1.6289361111111111,1.2197069444444444,1.2119375000000001,1.1465013888888889,1.3750902777777778,1.8327597222222223,1.1876251984126984,0.13390841357040492,1.319152281746032,0.2792623725673722,2,12,0,2009-11-26,2009-11-25,149.0,3.8894927501678467,414.8465027809143,2.784204716650432,2.659379720687866,0.44436911857576883,2.48653507232666,2.9307467937469482,15.0,4.991660444255885,128.0,0.7286298274993896,18.491786241531372,0.14446708001196384,0.10810995101928711,0.14439330370816364,0.04474067687988281,0.2006901502609253,13.0,4.450095101548943,0.7286298274993896,0.7192108631134033,0.708430290222168,0.7054224014282227,0.5482511520385742,0.039402890449973596,0.9870730458313632,0.009418964385986328,180.0,150.0,30.0,1.0,1.0
2009-12-03,1.0275611111111111,1.6289361111111111,1.2197069444444444,1.2119375000000001,1.110851388888889,1.0242,1.2238888888888888,0.20736262854652182,1.3045934523809524,0.2546555940215816,3,12,0,2009-12-03,2009-12-02,149.0,3.8894927501678467,422.94706892967224,2.8385709324139077,2.756052017211914,0.45715096237948266,2.5055832862854004,3.090993881225586,15.0,4.99127173618154,126.0,0.6892240047454834,19.451023817062378,0.15437320489732045,0.11568176746368408,0.15273942935107435,0.04723101854324341,0.2100292444229126,13.0,4.417004440705311,0.6892240047454834,0.6518511772155762,0.6360287666320801,0.6058995723724365,0.59798264503479,0.0354338162981888,0.9457754992969111,0.03737282752990723,180.0,150.0,30.0,1.0,1.0
2009-12-04,1.1883986111111111,1.0275611111111111,1.6289361111111111,1.2197069444444444,0.9583513888888889,1.3618166666666667,1.2119902777777778,0.21709124026648052,1.3048335317460318,0.2543723426853784,4,12,0,2009-12-03,2009-12-02,149.0,3.8894927501678467,422.94706892967224,2.8385709324139077,2.756052017211914,0.45715096237948266,2.5055832862854004,3.090993881225586,15.0,4.99127173618154,126.0,0.6892240047454834,19.451023817062378,0.15437320489732045,0.11568176746368408,0.15273942935107435,0.04723101854324341,0.2100292444229126,13.0,4.417004440705311,0.6892240047454834,0.6518511772155762,0.6360287666320801,0.6058995723724365,0.59798264503479,0.0354338162981888,0.9457754992969111,0.03737282752990723,180.0,150.0,30.0,1.0,1.0
2009-12-05,1.6331680555555557,1.1883986111111111,1.0275611111111111,1.6289361111111111,1.2909375,1.733927777777778,1.2448541666666666,0.1877211025393993,1.2924465277777777,0.25560345434312026,5,12,1,2009-12-03,2009-12-02,149.0,3.8894927501678467,422.94706892967224,2.8385709324139077,2.756052017211914,0.45715096237948266,2.5055832862854004,3.090993881225586,15.0,4.99127173618154,126.0,0.6892240047454834,19.451023817062378,0.15437320489732045,0.11568176746368408,0.15273942935107435,0.04723101854324341,0.2100292444229126,13.0,4.417004440705311,0.6892240047454834,0.6518511772155762,0.6360287666320801,0.6058995723724365,0.59798264503479,0.0354338162981888,0.9457754992969111,0.03737282752990723,180.0,150.0,30.0,1.0,1.0
2009-12-06,1.651588888888889,1.6331680555555557,1.1883986111111111,1.0275611111111111,1.1465013888888889,1.7020666666666668,1.293744246031746,0.23922360450085275,1.2852494047619047,0.2433406794553905,6,12,1,2009-12-03,2009-12-02,149.0,3.8894927501678467,422.94706892967224,2.8385709324139077,2.756052017211914,0.45715096237948266,2.5055832862854004,3.090993881225586,15.0,4.99127173618154,126.0,0.6892240047454834,19.451023817062378,0.15437320489732045,0.11568176746368408,0.15273942935107435,0.04723101854324341,0.2100292444229126,13.0,4.417004440705311,0.6892240047454834,0.6518511772155762,0.6360287666320801,0.6058995723724365,0.59798264503479,0.0354338162981888,0.9457754992969111,0.03737282752990723,180.0,150.0,30.0,1.0,1.0
2009-12-07,1.2101652777777778,1.651588888888889,1.6331680555555557,1.1883986111111111,1.2119375000000001,1.0216125,1.3658996031746031,0.26245480823478806,1.2816438492063493,0.2369805102320714,0,12,0,2009-12-03,2009-12-02,149.0,3.8894927501678467,422.94706892967224,2.8385709324139077,2.756052017211914,0.45715096237948266,2.5055832862854004,3.090993881225586,15.0,4.99127173618154,126.0,0.6892240047454834,19.451023817062378,0.15437320489732045,0.11568176746368408,0.15273942935107435,0.04723101854324341,0.2100292444229126,13.0,4.417004440705311,0.6892240047454834,0.6518511772155762,0.6360287666320801,0.6058995723724365,0.59798264503479,0.0354338162981888,0.9457754992969111,0.03737282752990723,180.0,150.0,30.0,1.0,1.0
2009-12-08,1.3936694444444444,1.2101652777777778,1.651588888888889,1.6331680555555557,1.2197069444444444,1.4783722222222224,1.3656464285714285,0.2626288764284929,1.2951119047619049,0.2261773220804381,1,12,0,2009-12-03,2009-12-02,149.0,3.8894927501678467,422.94706892967224,2.8385709324139077,2.756052017211914,0.45715096237948266,2.5055832862854004,3.090993881225586,15.0,4.99127173618154,126.0,0.6892240047454834,19.451023817062378,0.15437320489732045,0.11568176746368408,0.15273942935107435,0.04723101854324341,0.2100292444229126,13.0,4.417004440705311,0.6892240047454834,0.6518511772155762,0.6360287666320801,0.6058995723724365,0.59798264503479,0.0354338162981888,0.9457754992969111,0.03737282752990723,180.0,150.0,30.0,1.0,1.0
2009-12-09,1.2516361111111112,1.3936694444444444,1.2101652777777778,1.651588888888889,1.6289361111111111,1.3750902777777778,1.3904982142857143,0.25462627450952635,1.2890617063492065,0.22199222601880136,2,12,0,2009-12-03,2009-12-02,149.0,3.8894927501678467,422.94706892967224,2.8385709324139077,2.756052017211914,0.45715096237948266,2.5055832862854004,3.090993881225586,15.0,4.99127173618154,126.0,0.6892240047454834,19.451023817062378,0.15437320489732045,0.11568176746368408,0.15273942935107435,0.04723101854324341,0.2100292444229126,13.0,4.417004440705311,0.6892240047454834,0.6518511772155762,0.6360287666320801,0.6058995723724365,0.59798264503479,0.0354338162981888,0.9457754992969111,0.03737282752990723,180.0,150.0,30.0,1.0,1.0
2009-12-10,1.4285716272600835,1.2516361111111112,1.3936694444444444,1.2101652777777778,1.0275611111111111,1.110851388888889,1.3365982142857145,0.2349116220621271,1.2802435515873014,0.22076061721926313,3,12,0,2009-12-10,2009-12-09,149.0,3.8894927501678467,429.24199867248535,2.8808187830368146,2.783238410949707,0.4734442022044487,2.5213241577148438,3.2988479137420654,15.0,4.990610569149548,132.0,0.5886871814727783,21.355764865875244,0.16178609746875186,0.1253601312637329,0.13953266783744483,0.04908871650695801,0.2395496368408203,14.0,4.524278251835879,0.5886871814727783,0.551682710647583,0.522428035736084,0.5011637210845947,0.4689757823944092,0.02756572687375164,0.9371406886546816,0.03700447082519531,180.0,150.0,30.0,1.0,1.0
2009-12-11,1.2392097222222223,1.4285716272600835,1.2516361111111112,1.3936694444444444,1.1883986111111111,0.9583513888888889,1.3938854308784248,0.19195625471279582,1.3029378543281012,0.21832497398780057,4,12,0,2009-12-10,2009-12-09,149.0,3.8894927501678467,429.24199867248535,2.8808187830368146,2.783238410949707,0.4734442022044487,2.5213241577148438,3.2988479137420654,15.0,4.990610569149548,132.0,0.5886871814727783,21.355764865875244,0.16178609746875186,0.1253601312637329,0.13953266783744483,0.04908871650695801,0.2395496368408203,14.0,4.524278251835879,0.5886871814727783,0.551682710647583,0.522428035736084,0.5011637210845947,0.4689757823944092,0.02756572687375164,0.9371406886546816,0.03700447082519531,180.0,150.0,30.0,1.0,1.0
2009-12-12,1.2613750000000001,1.2392097222222223,1.4285716272600835,1.2516361111111112,1.6331680555555557,1.2909375,1.401144161037155,0.18367277966798087,1.322999163851911,0.19598712323645776,5,12,1,2009-12-10,2009-12-09,149.0,3.8894927501678467,429.24199867248535,2.8808187830368146,2.783238410949707,0.4734442022044487,2.5213241577148438,3.2988479137420654,15.0,4.990610569149548,132.0,0.5886871814727783,21.355764865875244,0.16178609746875186,0.1253601312637329,0.13953266783744483,0.04908871650695801,0.2395496368408203,14.0,4.524278251835879,0.5886871814727783,0.551682710647583,0.522428035736084,0.5011637210845947,0.4689757823944092,0.02756572687375164,0.9371406886546816,0.03700447082519531,180.0,150.0,30.0,1.0,1.0
2009-12-13,1.4852874999999999,1.2613750000000001,1.2392097222222223,1.4285716272600835,1.651588888888889,1.1465013888888889,1.3480308673863612,0.15725102912131192,1.3208875567090534,0.19651767293081687,6,12,1,2009-12-10,2009-12-09,149.0,3.8894927501678467,429.24199867248535,2.8808187830368146,2.783238410949707,0.4734442022044487,2.5213241577148438,3.2988479137420654,15.0,4.990610569149548,132.0,0.5886871814727783,21.355764865875244,0.16178609746875186,0.1253601312637329,0.13953266783744483,0.04908871650695801,0.2395496368408203,14.0,4.524278251835879,0.5886871814727783,0.551682710647583,0.522428035736084,0.5011637210845947,0.4689757823944092,0.02756572687375164,0.9371406886546816,0.03700447082519531,180.0,150.0,30.0,1.0,1.0
2009-12-14,1.2464319444444445,1.4852874999999999,1.2613750000000001,1.2392097222222223,1.2101652777777778,1.2119375000000001,1.3242735261165197,0.10886409638221231,1.3450865646455614,0.19423777322165103,0,12,0,2009-12-10,2009-12-09,149.0,3.8894927501678467,429.24199867248535,2.8808187830368146,2.783238410949707,0.4734442022044487,2.5213241577148438,3.2988479137420654,15.0,4.990610569149548,132.0,0.5886871814727783,21.355764865875244,0.16178609746875186,0.1253601312637329,0.13953266783744483,0.04908871650695801,0.2395496368408203,14.0,4.524278251835879,0.5886871814727783,0.551682710647583,0.522428035736084,0.5011637210845947,0.4689757823944092,0.02756572687375164,0.9371406886546816,0.03700447082519531,180.0,150.0,30.0,1.0,1.0
2009-12-15,1.3473027777777777,1.2464319444444445,1.4852874999999999,1.2613750000000001,1.3936694444444444,1.2197069444444444,1.3294544784974724,0.10324652739273471,1.3475504535344505,0.19263100103805791,1,12,0,2009-12-10,2009-12-09,149.0,3.8894927501678467,429.24199867248535,2.8808187830368146,2.783238410949707,0.4734442022044487,2.5213241577148438,3.2988479137420654,15.0,4.990610569149548,132.0,0.5886871814727783,21.355764865875244,0.16178609746875186,0.1253601312637329,0.13953266783744483,0.04908871650695801,0.2395496368408203,14.0,4.524278251835879,0.5886871814727783,0.551682710647583,0.522428035736084,0.5011637210845947,0.4689757823944092,0.02756572687375164,0.9371406886546816,0.03700447082519531,180.0,150.0,30.0,1.0,1.0
2009-12-16,0.9686625,1.3473027777777777,1.2464319444444445,1.4852874999999999,1.2516361111111112,1.6289361111111111,1.3228306689736626,0.09987237562620165,1.3566644416296885,0.18910321254091889,2,12,0,2009-12-10,2009-12-09,149.0,3.8894927501678467,429.24199867248535,2.8808187830368146,2.783238410949707,0.4734442022044487,2.5213241577148438,3.2988479137420654,15.0,4.990610569149548,132.0,0.5886871814727783,21.355764865875244,0.16178609746875186,0.1253601312637329,0.13953266783744483,0.04908871650695801,0.2395496368408203,14.0,4.524278251835879,0.5886871814727783,0.551682710647583,0.522428035736084,0.5011637210845947,0.4689757823944092,0.02756572687375164,0.9371406886546816,0.03700447082519531,180.0,150.0,30.0,1.0,1.0
2009-12-17,1.1924875,0.9686625,1.3473027777777777,1.2464319444444445,1.4285716272600835,1.0275611111111111,1.2824058673863612,0.167717134505606,1.3095020408360376,0.1980974664805886,3,12,0,2009-12-17,2009-12-16,149.0,3.8894927501678467,434.9841208457947,2.9193565157435883,2.830120801925659,0.48430193275307526,2.5213241577148438,3.358722686767578,15.0,4.990222912189267,131.0,0.6314010620117188,24.63441514968872,0.18804897060831086,0.14092135429382324,0.1603472621656852,0.05501842498779297,0.28228282928466797,14.0,4.511179675751491,0.6314010620117188,0.6170165538787842,0.5774240493774414,0.5549099445343018,0.5393593311309814,0.02563085253597738,0.9772181122294856,0.01438450813293457,180.0,150.0,30.0,1.0,1.0
2009-12-18,1.2116013888888888,1.1924875,0.9686625,1.3473027777777777,1.2392097222222223,1.1883986111111111,1.2486795634920635,0.15680819581790595,1.3212824971852442,0.18447695034801198,4,12,0,2009-12-17,2009-12-16,149.0,3.8894927501678467,434.9841208457947,2.9193565157435883,2.830120801925659,0.48430193275307526,2.5213241577148438,3.358722686767578,15.0,4.990222912189267,131.0,0.6314010620117188,24.63441514968872,0.18804897060831086,0.14092135429382324,0.1603472621656852,0.05501842498779297,0.28228282928466797,14.0,4.511179675751491,0.6314010620117188,0.6170165538787842,0.5774240493774414,0.5549099445343018,0.5393593311309814,0.02563085253597738,0.9772181122294856,0.01438450813293457,180.0,150.0,30.0,1.0,1.0
2009-12-19,1.5307875,1.2116013888888888,1.1924875,0.9686625,1.2613750000000001,1.6331680555555557,1.2447355158730158,0.15743204153479398,1.3229398384550852,0.18329170763565028,5,12,1,2009-12-17,2009-12-16,149.0,3.8894927501678467,434.9841208457947,2.9193565157435883,2.830120801925659,0.48430193275307526,2.5213241577148438,3.358722686767578,15.0,4.990222912189267,131.0,0.6314010620117188,24.63441514968872,0.18804897060831086,0.14092135429382324,0.1603472621656852,0.05501842498779297,0.28228282928466797,14.0,4.511179675751491,0.6314010620117188,0.6170165538787842,0.5774240493774414,0.5549099445343018,0.5393593311309814,0.02563085253597738,0.9772181122294856,0.01438450813293457,180.0,150.0,30.0,1.0,1.0
2009-12-20,0.7945597222222222,1.5307875,1.2116013888888888,1.1924875,1.4852874999999999,1.651588888888889,1.2832230158730158,0.19143708183460795,1.3156269416296884,0.17163388055987835,6,12,1,2009-12-17,2009-12-16,149.0,3.8894927501678467,434.9841208457947,2.9193565157435883,2.830120801925659,0.48430193275307526,2.5213241577148438,3.358722686767578,15.0,4.990222912189267,131.0,0.6314010620117188,24.63441514968872,0.18804897060831086,0.14092135429382324,0.1603472621656852,0.05501842498779297,0.28228282928466797,14.0,4.511179675751491,0.6314010620117188,0.6170165538787842,0.5774240493774414,0.5549099445343018,0.5393593311309814,0.02563085253597738,0.9772181122294856,0.01438450813293457,180.0,150.0,30.0,1.0,1.0
2009-12-21,1.4131708333333333,0.7945597222222222,1.5307875,1.2116013888888888,1.2464319444444445,1.2101652777777778,1.184547619047619,0.24141694881597459,1.2544105725820693,0.19397320588404646,0,12,0,2009-12-17,2009-12-16,149.0,3.8894927501678467,434.9841208457947,2.9193565157435883,2.830120801925659,0.48430193275307526,2.5213241577148438,3.358722686767578,15.0,4.990222912189267,131.0,0.6314010620117188,24.63441514968872,0.18804897060831086,0.14092135429382324,0.1603472621656852,0.05501842498779297,0.28228282928466797,14.0,4.511179675751491,0.6314010620117188,0.6170165538787842,0.5774240493774414,0.5549099445343018,0.5393593311309814,0.02563085253597738,0.9772181122294856,0.01438450813293457,180.0,150.0,30.0,1.0,1.0
2009-12-22,1.3111263888888889,1.4131708333333333,0.7945597222222222,1.5307875,1.3473027777777777,1.3936694444444444,1.2083674603174601,0.25630713007619027,1.2689109694074663,0.19795810997829527,1,12,0,2009-12-17,2009-12-16,149.0,3.8894927501678467,434.9841208457947,2.9193565157435883,2.830120801925659,0.48430193275307526,2.5213241577148438,3.358722686767578,15.0,4.990222912189267,131.0,0.6314010620117188,24.63441514968872,0.18804897060831086,0.14092135429382324,0.1603472621656852,0.05501842498779297,0.28228282928466797,14.0,4.511179675751491,0.6314010620117188,0.6170165538787842,0.5774240493774414,0.5549099445343018,0.5393593311309814,0.02563085253597738,0.9772181122294856,0.01438450813293457,180.0,150.0,30.0,1.0,1.0
2009-12-23,1.0105555555555557,1.3111263888888889,1.4131708333333333,0.7945597222222222,0.9686625,1.2516361111111112,1.2031994047619048,0.25338688565877876,1.263015036867784,0.1951660376432158,2,12,0,2009-12-17,2009-12-16,149.0,3.8894927501678467,434.9841208457947,2.9193565157435883,2.830120801925659,0.48430193275307526,2.5213241577148438,3.358722686767578,15.0,4.990222912189267,131.0,0.6314010620117188,24.63441514968872,0.18804897060831086,0.14092135429382324,0.1603472621656852,0.05501842498779297,0.28228282928466797,14.0,4.511179675751491,0.6314010620117188,0.6170165538787842,0.5774240493774414,0.5549099445343018,0.5393593311309814,0.02563085253597738,0.9772181122294856,0.01438450813293457,180.0,150.0,30.0,1.0,1.0
2009-12-24,2.0179819444444442,1.0105555555555557,1.3111263888888889,1.4131708333333333,1.1924875,1.4285716272600835,1.2091841269841268,0.24734687437696812,1.2457949971852442,0.2065508062404054,3,12,0,2009-12-24,2009-12-23,149.0,3.828279733657837,438.3138258457184,2.941703529165895,2.866159439086914,0.4783901136733096,2.5213241577148438,3.358722686767578,15.0,4.99063261302902,139.0,0.6156036853790283,27.55180549621582,0.19821442803032965,0.15430402755737305,0.1616811460036243,0.06444954872131348,0.31425046920776367,14.0,4.594309907550558,0.6156036853790283,0.6090786457061768,0.6039233207702637,0.5774240493774414,0.557283878326416,0.02234349707004066,0.9894005838044422,0.0065250396728515625,180.0,150.0,30.0,1.0,1.0
2009-12-25,1.4775333333333334,2.0179819444444442,1.0105555555555557,1.3111263888888889,1.2116013888888888,1.2392097222222223,1.3271119047619047,0.39234535474906745,1.287895734126984,0.28991681015856674,4,12,0,2009-12-24,2009-12-23,149.0,3.828279733657837,438.3138258457184,2.941703529165895,2.866159439086914,0.4783901136733096,2.5213241577148438,3.358722686767578,15.0,4.99063261302902,139.0,0.6156036853790283,27.55180549621582,0.19821442803032965,0.15430402755737305,0.1616811460036243,0.06444954872131348,0.31425046920776367,14.0,4.594309907550558,0.6156036853790283,0.6090786457061768,0.6039233207702637,0.5774240493774414,0.557283878326416,0.02234349707004066,0.9894005838044422,0.0065250396728515625,180.0,150.0,30.0,1.0,1.0
2009-12-26,1.5164013888888888,1.4775333333333334,2.0179819444444442,1.0105555555555557,1.5307875,1.2613750000000001,1.3651021825396825,0.39217138320208533,1.304918849206349,0.29380892791354957,5,12,1,2009-12-24,2009-12-23,149.0,3.828279733657837,438.3138258457184,2.941703529165895,2.866159439086914,0.4783901136733096,2.5213241577148438,3.358722686767578,15.0,4.99063261302902,139.0,0.6156036853790283,27.55180549621582,0.19821442803032965,0.15430402755737305,0.1616811460036243,0.06444954872131348,0.31425046920776367,14.0,4.594309907550558,0.6156036853790283,0.6090786457061768,0.6039233207702637,0.5774240493774414,0.557283878326416,0.02234349707004066,0.9894005838044422,0.0065250396728515625,180.0,150.0,30.0,1.0,1.0
2009-12-27,1.5246194444444443,1.5164013888888888,1.4775333333333334,2.0179819444444442,0.7945597222222222,1.4852874999999999,1.3630470238095236,0.3911948837629721,1.32313501984127,0.2987655516586524,6,12,1,2009-12-24,2009-12-23,149.0,3.828279733657837,438.3138258457184,2.941703529165895,2.866159439086914,0.4783901136733096,2.5213241577148438,3.358722686767578,15.0,4.99063261302902,139.0,0.6156036853790283,27.55180549621582,0.19821442803032965,0.15430402755737305,0.1616811460036243,0.06444954872131348,0.31425046920776367,14.0,4.594309907550558,0.6156036853790283,0.6090786457061768,0.6039233207702637,0.5774240493774414,0.557283878326416,0.02234349707004066,0.9894005838044422,0.0065250396728515625,180.0,150.0,30.0,1.0,1.0
2009-12-28,1.4542347222222223,1.5246194444444443,1.5164013888888888,1.4775333333333334,1.4131708333333333,1.2464319444444445,1.46734126984127,0.30138221282685185,1.3259444444444444,0.30058701025676626,0,12,0,2009-12-24,2009-12-23,149.0,3.828279733657837,438.3138258457184,2.941703529165895,2.866159439086914,0.4783901136733096,2.5213241577148438,3.358722686767578,15.0,4.99063261302902,139.0,0.6156036853790283,27.55180549621582,0.19821442803032965,0.15430402755737305,0.1616811460036243,0.06444954872131348,0.31425046920776367,14.0,4.594309907550558,0.6156036853790283,0.6090786457061768,0.6039233207702637,0.5774240493774414,0.557283878326416,0.02234349707004066,0.9894005838044422,0.0065250396728515625,180.0,150.0,30.0,1.0,1.0
2009-12-29,1.4222000000000001,1.4542347222222223,1.5246194444444443,1.5164013888888888,1.3111263888888889,1.3473027777777777,1.4732075396825395,0.30055057333626206,1.3407875,0.30148796239487946,1,12,0,2009-12-24,2009-12-23,149.0,3.828279733657837,438.3138258457184,2.941703529165895,2.866159439086914,0.4783901136733096,2.5213241577148438,3.358722686767578,15.0,4.99063261302902,139.0,0.6156036853790283,27.55180549621582,0.19821442803032965,0.15430402755737305,0.1616811460036243,0.06444954872131348,0.31425046920776367,14.0,4.594309907550558,0.6156036853790283,0.6090786457061768,0.6039233207702637,0.5774240493774414,0.557283878326416,0.02234349707004066,0.9894005838044422,0.0065250396728515625,180.0,150.0,30.0,1.0,1.0
2009-12-30,1.7021597222222222,1.4222000000000001,1.4542347222222223,1.5246194444444443,1.0105555555555557,0.9686625,1.4890751984126982,0.2934146310551474,1.3461373015873015,0.30227595010196723,2,12,0,2009-12-24,2009-12-23,149.0,3.828279733657837,438.3138258457184,2.941703529165895,2.866159439086914,0.4783901136733096,2.5213241577148438,3.358722686767578,15.0,4.99063261302902,139.0,0.6156036853790283,27.55180549621582,0.19821442803032965,0.15430402755737305,0.1616811460036243,0.06444954872131348,0.31425046920776367,14.0,4.594309907550558,0.6156036853790283,0.6090786457061768,0.6039233207702637,0.5774240493774414,0.557283878326416,0.02234349707004066,0.9894005838044422,0.0065250396728515625,180.0,150.0,30.0,1.0,1.0
2009-12-31,1.536036111111111,1.7021597222222222,1.4222000000000001,1.4542347222222223,2.0179819444444442,1.1924875,1.5878757936507937,0.21001822804007753,1.3985299603174606,0.29530357504525034,3,12,0,2009-12-31,2009-12-30,149.0,3.951993703842163,446.5620427131653,2.9970606893501026,3.000004291534424,0.49287743860616906,2.5439682006835938,3.410945177078247,15.0,4.990249158022854,139.0,0.6090786457061768,27.477423667907715,0.19767930696336486,0.15421199798583984,0.15863734778386765,0.06444954872131348,0.31425046920776367,14.0,4.602379625876818,0.6090786457061768,0.5951747894287109,0.5774240493774414,0.557283878326416,0.5549099445343018,0.02216651215439644,0.9771723136651008,0.01390385627746582,180.0,150.0,30.0,1.0,1.0
2010-01-01,0.850175,1.536036111111111,1.7021597222222222,1.4222000000000001,1.4775333333333334,1.2116013888888888,1.519026388888889,0.09051731384783591,1.4230691468253966,0.2911091073884353,4,1,0,2009-12-31,2009-12-30,149.0,3.951993703842163,446.5620427131653,2.9970606893501026,3.000004291534424,0.49287743860616906,2.5439682006835938,3.410945177078247,15.0,4.990249158022854,139.0,0.6090786457061768,27.477423667907715,0.19767930696336486,0.15421199798583984,0.15863734778386765,0.06444954872131348,0.31425046920776367,14.0,4.602379625876818,0.6090786457061768,0.5951747894287109,0.5774240493774414,0.557283878326416,0.5549099445343018,0.02216651215439644,0.9771723136651008,0.01390385627746582,180.0,150.0,30.0,1.0,1.0
2010-01-02,0.9095455177206393,0.850175,1.536036111111111,1.7021597222222222,1.5164013888888888,1.5307875,1.42940376984127,0.2703625080276292,1.3972529761904762,0.3253208010506385,5,1,1,2009-12-31,2009-12-30,149.0,3.951993703842163,446.5620427131653,2.9970606893501026,3.000004291534424,0.49287743860616906,2.5439682006835938,3.410945177078247,15.0,4.990249158022854,139.0,0.6090786457061768,27.477423667907715,0.19767930696336486,0.15421199798583984,0.15863734778386765,0.06444954872131348,0.31425046920776367,14.0,4.602379625876818,0.6090786457061768,0.5951747894287109,0.5774240493774414,0.557283878326416,0.5549099445343018,0.02216651215439644,0.9771723136651008,0.01390385627746582,180.0,150.0,30.0,1.0,1.0
2010-01-03,1.4468430555555556,0.9095455177206393,0.850175,1.536036111111111,1.5246194444444443,0.7945597222222222,1.3427100739600915,0.3287980009877215,1.3528785488848079,0.3473301406185328,6,1,1,2009-12-31,2009-12-30,149.0,3.951993703842163,446.5620427131653,2.9970606893501026,3.000004291534424,0.49287743860616906,2.5439682006835938,3.410945177078247,15.0,4.990249158022854,139.0,0.6090786457061768,27.477423667907715,0.19767930696336486,0.15421199798583984,0.15863734778386765,0.06444954872131348,0.31425046920776367,14.0,4.602379625876818,0.6090786457061768,0.5951747894287109,0.5774240493774414,0.557283878326416,0.5549099445343018,0.02216651215439644,0.9771723136651008,0.01390385627746582,180.0,150.0,30.0,1.0,1.0
2010-01-04,1.1139805555555555,1.4468430555555556,0.9095455177206393,0.850175,1.4542347222222223,1.4131708333333333,1.3315991612616787,0.32288729840821534,1.3994702155514742,0.30822262112314297,0,1,0,2009-12-31,2009-12-30,149.0,3.951993703842163,446.5620427131653,2.9970606893501026,3.000004291534424,0.49287743860616906,2.5439682006835938,3.410945177078247,15.0,4.990249158022854,139.0,0.6090786457061768,27.477423667907715,0.19767930696336486,0.15421199798583984,0.15863734778386765,0.06444954872131348,0.31425046920776367,14.0,4.602379625876818,0.6090786457061768,0.5951747894287109,0.5774240493774414,0.557283878326416,0.5549099445343018,0.02216651215439644,0.9771723136651008,0.01390385627746582,180.0,150.0,30.0,1.0,1.0
2010-01-05,1.541513888888889,1.1139805555555555,1.4468430555555556,0.9095455177206393,1.4222000000000001,1.3111263888888889,1.2829914231664403,0.3269344063055964,1.3780994814244902,0.31743419880146706,1,1,0,2009-12-31,2009-12-30,149.0,3.951993703842163,446.5620427131653,2.9970606893501026,3.000004291534424,0.49287743860616906,2.5439682006835938,3.410945177078247,15.0,4.990249158022854,139.0,0.6090786457061768,27.477423667907715,0.19767930696336486,0.15421199798583984,0.15863734778386765,0.06444954872131348,0.31425046920776367,14.0,4.602379625876818,0.6090786457061768,0.5951747894287109,0.5774240493774414,0.557283878326416,0.5549099445343018,0.02216651215439644,0.9771723136651008,0.01390385627746582,180.0,150.0,30.0,1.0,1.0
2010-01-06,1.2341527777777779,1.541513888888889,1.1139805555555555,1.4468430555555556,1.7021597222222222,1.0105555555555557,1.3000362644362817,0.3383139043551487,1.3945557314244899,0.31965915459821165,2,1,0,2009-12-31,2009-12-30,149.0,3.951993703842163,446.5620427131653,2.9970606893501026,3.000004291534424,0.49287743860616906,2.5439682006835938,3.410945177078247,15.0,4.990249158022854,139.0,0.6090786457061768,27.477423667907715,0.19767930696336486,0.15421199798583984,0.15863734778386765,0.06444954872131348,0.31425046920776367,14.0,4.602379625876818,0.6090786457061768,0.5951747894287109,0.5774240493774414,0.557283878326416,0.5549099445343018,0.02216651215439644,0.9771723136651008,0.01390385627746582,180.0,150.0,30.0,1.0,1.0
2010-01-07,1.2287791666666668,1.2341527777777779,1.541513888888889,1.1139805555555555,1.536036111111111,2.0179819444444442,1.233178129515647,0.28812181288396205,1.4105269615832203,0.3042098878573067,3,1,0,2010-01-07,2010-01-06,149.0,4.184790134429932,458.65123295783997,3.0781961943479192,3.090993881225586,0.501896034385112,2.6212737560272217,3.4777345657348633,15.0,4.990517932500384,140.0,0.6090786457061768,27.376781225204468,0.19554843732288907,0.15147161483764648,0.15956969141851177,0.055561602115631104,0.3137112855911255,14.0,4.59664590087792,0.6090786457061768,0.5951747894287109,0.5774240493774414,0.557283878326416,0.5549099445343018,0.02224800062125009,0.9771723136651008,0.01390385627746582,180.0,150.0,30.0,1.0,1.0
2010-01-08,1.248061111111111,1.2287791666666668,1.2341527777777779,1.541513888888889,0.850175,1.4775333333333334,1.1892842803092978,0.2558954142575516,1.3541553345990933,0.25155051281424,4,1,0,2010-01-07,2010-01-06,149.0,4.184790134429932,458.65123295783997,3.0781961943479192,3.090993881225586,0.501896034385112,2.6212737560272217,3.4777345657348633,15.0,4.990517932500384,140.0,0.6090786457061768,27.376781225204468,0.19554843732288907,0.15147161483764648,0.15956969141851177,0.055561602115631104,0.3137112855911255,14.0,4.59664590087792,0.6090786457061768,0.5951747894287109,0.5774240493774414,0.557283878326416,0.5549099445343018,0.02224800062125009,0.9771723136651008,0.01390385627746582,180.0,150.0,30.0,1.0,1.0
2010-01-09,1.6228472222222223,1.248061111111111,1.2287791666666668,1.2341527777777779,0.9095455177206393,1.5164013888888888,1.2461251533251707,0.2076608598007156,1.3377644615832203,0.2503662225456526,5,1,1,2010-01-07,2010-01-06,149.0,4.184790134429932,458.65123295783997,3.0781961943479192,3.090993881225586,0.501896034385112,2.6212737560272217,3.4777345657348633,15.0,4.990517932500384,140.0,0.6090786457061768,27.376781225204468,0.19554843732288907,0.15147161483764648,0.15956969141851177,0.055561602115631104,0.3137112855911255,14.0,4.59664590087792,0.6090786457061768,0.5951747894287109,0.5774240493774414,0.557283878326416,0.5549099445343018,0.02224800062125009,0.9771723136651008,0.01390385627746582,180.0,150.0,30.0,1.0,1.0
2010-01-10,1.7419902777777776,1.6228472222222223,1.248061111111111,1.2287791666666668,1.4468430555555556,1.5246194444444443,1.348025396825397,0.1891587714379981,1.345367735392744,0.2577168813151896,6,1,1,2010-01-07,2010-01-06,149.0,4.184790134429932,458.65123295783997,3.0781961943479192,3.090993881225586,0.501896034385112,2.6212737560272217,3.4777345657348633,15.0,4.990517932500384,140.0,0.6090786457061768,27.376781225204468,0.19554843732288907,0.15147161483764648,0.15956969141851177,0.055561602115631104,0.3137112855911255,14.0,4.59664590087792,0.6090786457061768,0.5951747894287109,0.5774240493774414,0.557283878326416,0.5549099445343018,0.02224800062125009,0.9771723136651008,0.01390385627746582,180.0,150.0,30.0,1.0,1.0
2010-01-11,1.0546416666666667,1.7419902777777776,1.6228472222222223,1.248061111111111,1.1139805555555555,1.4542347222222223,1.3901892857142857,0.24072290014830675,1.3608942234879822,0.27529524600756683,0,1,0,2010-01-07,2010-01-06,149.0,4.184790134429932,458.65123295783997,3.0781961943479192,3.090993881225586,0.501896034385112,2.6212737560272217,3.4777345657348633,15.0,4.990517932500384,140.0,0.6090786457061768,27.376781225204468,0.19554843732288907,0.15147161483764648,0.15956969141851177,0.055561602115631104,0.3137112855911255,14.0,4.59664590087792,0.6090786457061768,0.5951747894287109,0.5774240493774414,0.557283878326416,0.5549099445343018,0.02224800062125009,0.9771723136651008,0.01390385627746582,180.0,150.0,30.0,1.0,1.0
2010-01-12,1.4362127659574468,1.0546416666666667,1.7419902777777776,1.6228472222222223,1.541513888888889,1.4222000000000001,1.3817123015873016,0.2528118586183124,1.332351862376871,0.28540254873710275,1,1,0,2010-01-07,2010-01-06,149.0,4.184790134429932,458.65123295783997,3.0781961943479192,3.090993881225586,0.501896034385112,2.6212737560272217,3.4777345657348633,15.0,4.990517932500384,140.0,0.6090786457061768,27.376781225204468,0.19554843732288907,0.15147161483764648,0.15956969141851177,0.055561602115631104,0.3137112855911255,14.0,4.59664590087792,0.6090786457061768,0.5951747894287109,0.5774240493774414,0.557283878326416,0.5549099445343018,0.02224800062125009,0.9771723136651008,0.01390385627746582,180.0,150.0,30.0,1.0,1.0
2010-01-13,1.7558379266028845,1.4362127659574468,1.0546416666666667,1.7419902777777776,1.2341527777777779,1.7021597222222222,1.366669284025667,0.2447218563387184,1.3333527742309743,0.28576622595400214,2,1,0,2010-01-07,2010-01-06,149.0,4.184790134429932,458.65123295783997,3.0781961943479192,3.090993881225586,0.501896034385112,2.6212737560272217,3.4777345657348633,15.0,4.990517932500384,140.0,0.6090786457061768,27.376781225204468,0.19554843732288907,0.15147161483764648,0.15956969141851177,0.055561602115631104,0.3137112855911255,14.0,4.59664590087792,0.6090786457061768,0.5951747894287109,0.5774240493774414,0.557283878326416,0.5549099445343018,0.02224800062125009,0.9771723136651008,0.01390385627746582,180.0,150.0,30.0,1.0,1.0
2010-01-14,2.0754630872483224,1.7558379266028845,1.4362127659574468,1.0546416666666667,1.2287791666666668,1.536036111111111,1.441195733857825,0.2751802402318535,1.337186931686736,0.29139976440628224,3,1,0,2010-01-14,2010-01-13,149.0,4.184790134429932,468.6584162712097,3.145358498464495,3.2730884552001953,0.4890718860536947,2.7420077323913574,3.548701047897339,15.0,4.9917264780478225,148.0,0.6090786457061768,28.787686824798584,0.1945113974648553,0.15298163890838623,0.1573020352377064,0.05810457468032837,0.2957940101623535,15.0,4.655817435222485,0.6090786457061768,0.5951747894287109,0.5774240493774414,0.557283878326416,0.5549099445343018,0.021157609828570803,0.9771723136651008,0.01390385627746582,180.0,150.0,30.0,1.0,1.0
2010-01-15,1.525527777777778,2.0754630872483224,1.7558379266028845,1.4362127659574468,1.248061111111111,0.850175,1.5621505796552047,0.343780148299996,1.375717429982251,0.3495718249710764,4,1,0,2010-01-14,2010-01-13,149.0,4.184790134429932,468.6584162712097,3.145358498464495,3.2730884552001953,0.4890718860536947,2.7420077323913574,3.548701047897339,15.0,4.9917264780478225,148.0,0.6090786457061768,28.787686824798584,0.1945113974648553,0.15298163890838623,0.1573020352377064,0.05810457468032837,0.2957940101623535,15.0,4.655817435222485,0.6090786457061768,0.5951747894287109,0.5774240493774414,0.557283878326416,0.5549099445343018,0.021157609828570803,0.9771723136651008,0.01390385627746582,180.0,150.0,30.0,1.0,1.0
2010-01-16,1.4931333333333334,1.525527777777778,2.0754630872483224,1.7558379266028845,1.6228472222222223,0.9095455177206393,1.6017886748933,0.31643838984319334,1.4239569141092352,0.3165044191656675,5,1,1,2010-01-14,2010-01-13,149.0,4.184790134429932,468.6584162712097,3.145358498464495,3.2730884552001953,0.4890718860536947,2.7420077323913574,3.548701047897339,15.0,4.9917264780478225,148.0,0.6090786457061768,28.787686824798584,0.1945113974648553,0.15298163890838623,0.1573020352377064,0.05810457468032837,0.2957940101623535,15.0,4.655817435222485,0.6090786457061768,0.5951747894287109,0.5774240493774414,0.557283878326416,0.5549099445343018,0.021157609828570803,0.9771723136651008,0.01390385627746582,180.0,150.0,30.0,1.0,1.0
2010-01-17,1.3239972222222223,1.4931333333333334,1.525527777777778,2.0754630872483224,1.7419902777777776,1.4468430555555556,1.5832581193377442,0.31878895260261714,1.4656417580815704,0.27985094119938825,6,1,1,2010-01-14,2010-01-13,149.0,4.184790134429932,468.6584162712097,3.145358498464495,3.2730884552001953,0.4890718860536947,2.7420077323913574,3.548701047897339,15.0,4.9917264780478225,148.0,0.6090786457061768,28.787686824798584,0.1945113974648553,0.15298163890838623,0.1573020352377064,0.05810457468032837,0.2957940101623535,15.0,4.655817435222485,0.6090786457061768,0.5951747894287109,0.5774240493774414,0.557283878326416,0.5549099445343018,0.021157609828570803,0.9771723136651008,0.01390385627746582,180.0,150.0,30.0,1.0,1.0
2010-01-18,1.3063180555555556,1.3239972222222223,1.4931333333333334,1.525527777777778,1.0546416666666667,1.1139805555555555,1.5235448256869506,0.32321792194239785,1.4568670557006183,0.28240001477286597,0,1,0,2010-01-14,2010-01-13,149.0,4.184790134429932,468.6584162712097,3.145358498464495,3.2730884552001953,0.4890718860536947,2.7420077323913574,3.548701047897339,15.0,4.9917264780478225,148.0,0.6090786457061768,28.787686824798584,0.1945113974648553,0.15298163890838623,0.1573020352377064,0.05810457468032837,0.2957940101623535,15.0,4.655817435222485,0.6090786457061768,0.5951747894287109,0.5774240493774414,0.557283878326416,0.5549099445343018,0.021157609828570803,0.9771723136651008,0.01390385627746582,180.0,150.0,30.0,1.0,1.0
2010-01-19,1.689936111111111,1.3063180555555556,1.3239972222222223,1.4931333333333334,1.4362127659574468,1.541513888888889,1.5594985955282203,0.27236236051459595,1.4706054485577609,0.26878622185885953,1,1,0,2010-01-14,2010-01-13,149.0,4.184790134429932,468.6584162712097,3.145358498464495,3.2730884552001953,0.4890718860536947,2.7420077323913574,3.548701047897339,15.0,4.9917264780478225,148.0,0.6090786457061768,28.787686824798584,0.1945113974648553,0.15298163890838623,0.1573020352377064,0.05810457468032837,0.2957940101623535,15.0,4.655817435222485,0.6090786457061768,0.5951747894287109,0.5774240493774414,0.557283878326416,0.5549099445343018,0.021157609828570803,0.9771723136651008,0.01390385627746582,180.0,150.0,30.0,1.0,1.0
2010-01-20,1.6331444444444445,1.689936111111111,1.3063180555555556,1.3239972222222223,1.7558379266028845,1.2341527777777779,1.5957447876930295,0.2700942974604249,1.4812070358593485,0.2746610290290133,2,1,0,2010-01-14,2010-01-13,149.0,4.184790134429932,468.6584162712097,3.145358498464495,3.2730884552001953,0.4890718860536947,2.7420077323913574,3.548701047897339,15.0,4.9917264780478225,148.0,0.6090786457061768,28.787686824798584,0.1945113974648553,0.15298163890838623,0.1573020352377064,0.05810457468032837,0.2957940101623535,15.0,4.655817435222485,0.6090786457061768,0.5951747894287109,0.5774240493774414,0.557283878326416,0.5549099445343018,0.021157609828570803,0.9771723136651008,0.01390385627746582,180.0,150.0,30.0,1.0,1.0
2010-01-21,1.484622222222222,1.6331444444444445,1.689936111111111,1.3063180555555556,2.0754630872483224,1.2287791666666668,1.578217147384681,0.26182817874180514,1.509706440621253,0.26766526109489125,3,1,0,2010-01-21,2010-01-20,149.0,4.184790134429932,477.4665758609772,3.204473663496491,3.2988479137420654,0.5220411171504483,2.770115613937378,3.5990538597106934,15.0,4.990491270928025,150.0,0.6090786457061768,29.47514843940735,0.196500989596049,0.1590266227722168,0.15648540523580506,0.0594182014465332,0.30019092559814453,15.0,4.676895563680291,0.6090786457061768,0.5951747894287109,0.5774240493774414,0.557283878326416,0.5549099445343018,0.020664141758548627,0.9771723136651008,0.01390385627746582,180.0,150.0,30.0,1.0,1.0
2010-01-22,1.2434902777777777,1.484622222222222,1.6331444444444445,1.689936111111111,1.525527777777778,1.248061111111111,1.4938113095238097,0.14315494993760014,1.527980944589507,0.25546558940161457,4,1,0,2010-01-21,2010-01-20,149.0,4.184790134429932,477.4665758609772,3.204473663496491,3.2988479137420654,0.5220411171504483,2.770115613937378,3.5990538597106934,15.0,4.990491270928025,150.0,0.6090786457061768,29.47514843940735,0.196500989596049,0.1590266227722168,0.15648540523580506,0.0594182014465332,0.30019092559814453,15.0,4.676895563680291,0.6090786457061768,0.5951747894287109,0.5774240493774414,0.557283878326416,0.5549099445343018,0.020664141758548627,0.9771723136651008,0.01390385627746582,180.0,150.0,30.0,1.0,1.0
2010-01-23,1.8127241139680335,1.2434902777777777,1.484622222222222,1.6331444444444445,1.4931333333333334,1.6228472222222223,1.4535202380952381,0.16992700867709665,1.5276544564942687,0.25585347516375717,5,1,1,2010-01-21,2010-01-20,149.0,4.184790134429932,477.4665758609772,3.204473663496491,3.2988479137420654,0.5220411171504483,2.770115613937378,3.5990538597106934,15.0,4.990491270928025,150.0,0.6090786457061768,29.47514843940735,0.196500989596049,0.1590266227722168,0.15648540523580506,0.0594182014465332,0.30019092559814453,15.0,4.676895563680291,0.6090786457061768,0.5951747894287109,0.5774240493774414,0.557283878326416,0.5549099445343018,0.020664141758548627,0.9771723136651008,0.01390385627746582,180.0,150.0,30.0,1.0,1.0
2010-01-24,1.575986111111111,1.8127241139680335,1.2434902777777777,1.484622222222222,1.3239972222222223,1.7419902777777776,1.4991760639001952,0.21837207383494428,1.5412170916189698,0.26611461176859325,6,1,1,2010-01-21,2010-01-20,149.0,4.184790134429932,477.4665758609772,3.204473663496491,3.2988479137420654,0.5220411171504483,2.770115613937378,3.5990538597106934,15.0,4.990491270928025,150.0,0.6090786457061768,29.47514843940735,0.196500989596049,0.1590266227722168,0.15648540523580506,0.0594182014465332,0.30019092559814453,15.0,4.676895563680291,0.6090786457061768,0.5951747894287109,0.5774240493774414,0.557283878326416,0.5549099445343018,0.020664141758548627,0.9771723136651008,0.01390385627746582,180.0,150.0,30.0,1.0,1.0
2010-01-25,1.3406319444444443,1.575986111111111,1.8127241139680335,1.2434902777777777,1.3063180555555556,1.0546416666666667,1.535174476598608,0.20504435802573612,1.529359651142779,0.2601111380321252,0,1,0,2010-01-21,2010-01-20,149.0,4.184790134429932,477.4665758609772,3.204473663496491,3.2988479137420654,0.5220411171504483,2.770115613937378,3.5990538597106934,15.0,4.990491270928025,150.0,0.6090786457061768,29.47514843940735,0.196500989596049,0.1590266227722168,0.15648540523580506,0.0594182014465332,0.30019092559814453,15.0,4.676895563680291,0.6090786457061768,0.5951747894287109,0.5774240493774414,0.557283878326416,0.5549099445343018,0.020664141758548627,0.9771723136651008,0.01390385627746582,180.0,150.0,30.0,1.0,1.0
2010-01-26,1.4358083333333331,1.3406319444444443,1.575986111111111,1.8127241139680335,1.689936111111111,1.4362127659574468,1.5400764607255921,0.19898176707710694,1.5497875281269062,0.22937545002198123,1,1,0,2010-01-21,2010-01-20,149.0,4.184790134429932,477.4665758609772,3.204473663496491,3.2988479137420654,0.5220411171504483,2.770115613937378,3.5990538597106934,15.0,4.990491270928025,150.0,0.6090786457061768,29.47514843940735,0.196500989596049,0.1590266227722168,0.15648540523580506,0.0594182014465332,0.30019092559814453,15.0,4.676895563680291,0.6090786457061768,0.5951747894287109,0.5774240493774414,0.557283878326416,0.5549099445343018,0.020664141758548627,0.9771723136651008,0.01390385627746582,180.0,150.0,30.0,1.0,1.0
2010-01-27,1.9172930555555556,1.4358083333333331,1.3406319444444443,1.575986111111111,1.6331444444444445,1.7558379266028845,1.5037724924716238,0.1900660159760679,1.5497586400823269,0.22939087912035105,2,1,0,2010-01-21,2010-01-20,149.0,4.184790134429932,477.4665758609772,3.204473663496491,3.2988479137420654,0.5220411171504483,2.770115613937378,3.5990538597106934,15.0,4.990491270928025,150.0,0.6090786457061768,29.47514843940735,0.196500989596049,0.1590266227722168,0.15648540523580506,0.0594182014465332,0.30019092559814453,15.0,4.676895563680291,0.6090786457061768,0.5951747894287109,0.5774240493774414,0.557283878326416,0.5549099445343018,0.020664141758548627,0.9771723136651008,0.01390385627746582,180.0,150.0,30.0,1.0,1.0
2010-01-28,1.4654402777777777,1.9172930555555556,1.4358083333333331,1.3406319444444443,1.484622222222222,2.0754630872483224,1.5443651512017824,0.24477144070561116,1.5612911492932315,0.2441331874785263,3,1,0,2010-01-28,2010-01-27,149.0,4.205689907073975,483.83885645866394,3.2472406473735833,3.3523335456848145,0.5391102525601643,2.770115613937378,3.6481664180755615,15.0,4.989878793161147,156.0,0.6090786457061768,30.063109636306763,0.1927122412583767,0.15425801277160645,0.15497663934793954,0.05810457468032837,0.2877231240272522,16.0,4.713383410156463,0.6090786457061768,0.5951747894287109,0.5774240493774414,0.557283878326416,0.5549099445343018,0.02026000147937463,0.9771723136651008,0.01390385627746582,180.0,150.0,30.0,1.0,1.0
2010-01-29,1.4534652777777777,1.4654402777777777,1.9172930555555556,1.4358083333333331,1.2434902777777777,1.525527777777778,1.541624873424005,0.24565752018356968,1.5177180914739072,0.19474780942999106,4,1,0,2010-01-28,2010-01-27,149.0,4.205689907073975,483.83885645866394,3.2472406473735833,3.3523335456848145,0.5391102525601643,2.770115613937378,3.6481664180755615,15.0,4.989878793161147,156.0,0.6090786457061768,30.063109636306763,0.1927122412583767,0.15425801277160645,0.15497663934793954,0.05810457468032837,0.2877231240272522,16.0,4.713383410156463,0.6090786457061768,0.5951747894287109,0.5774240493774414,0.557283878326416,0.5549099445343018,0.02026000147937463,0.9771723136651008,0.01390385627746582,180.0,150.0,30.0,1.0,1.0
2010-01-30,1.9741166666666667,1.4534652777777777,1.4654402777777777,1.9172930555555556,1.8127241139680335,1.4931333333333334,1.5716213019954333,0.21396069749314864,1.5125707700453357,0.19547648385584943,5,1,1,2010-01-28,2010-01-27,149.0,4.205689907073975,483.83885645866394,3.2472406473735833,3.3523335456848145,0.5391102525601643,2.770115613937378,3.6481664180755615,15.0,4.989878793161147,156.0,0.6090786457061768,30.063109636306763,0.1927122412583767,0.15425801277160645,0.15497663934793954,0.05810457468032837,0.2877231240272522,16.0,4.713383410156463,0.6090786457061768,0.5951747894287109,0.5774240493774414,0.557283878326416,0.5549099445343018,0.02026000147937463,0.9771723136651008,0.01390385627746582,180.0,150.0,30.0,1.0,1.0
2010-01-31,1.2494416666666666,1.9741166666666667,1.4534652777777777,1.4654402777777777,1.575986111111111,1.3239972222222223,1.594677380952381,0.24994197781124455,1.5469267224262881,0.2308622441188055,6,1,1,2010-01-28,2010-01-27,149.0,4.205689907073975,483.83885645866394,3.2472406473735833,3.3523335456848145,0.5391102525601643,2.770115613937378,3.6481664180755615,15.0,4.989878793161147,156.0,0.6090786457061768,30.063109636306763,0.1927122412583767,0.15425801277160645,0.15497663934793954,0.05810457468032837,0.2877231240272522,16.0,4.713383410156463,0.6090786457061768,0.5951747894287109,0.5774240493774414,0.557283878326416,0.5549099445343018,0.02026000147937463,0.9771723136651008,0.01390385627746582,180.0,150.0,30.0,1.0,1.0
2010-02-01,1.1762347222222223,1.2494416666666666,1.9741166666666667,1.4534652777777777,1.3406319444444443,1.3063180555555556,1.5480281746031745,0.2823801366102648,1.5416013256008914,0.237173847840748,0,2,0,2010-01-28,2010-01-27,149.0,4.205689907073975,483.83885645866394,3.2472406473735833,3.3523335456848145,0.5391102525601643,2.770115613937378,3.6481664180755615,15.0,4.989878793161147,156.0,0.6090786457061768,30.063109636306763,0.1927122412583767,0.15425801277160645,0.15497663934793954,0.05810457468032837,0.2877231240272522,16.0,4.713383410156463,0.6090786457061768,0.5951747894287109,0.5774240493774414,0.557283878326416,0.5549099445343018,0.02026000147937463,0.9771723136651008,0.01390385627746582,180.0,150.0,30.0,1.0,1.0
2010-02-02,1.4982166666666665,1.1762347222222223,1.2494416666666666,1.9741166666666667,1.4358083333333331,1.689936111111111,1.524542857142857,0.30816324226725494,1.5323096589342247,0.24933673400623366,1,2,0,2010-01-28,2010-01-27,149.0,4.205689907073975,483.83885645866394,3.2472406473735833,3.3523335456848145,0.5391102525601643,2.770115613937378,3.6481664180755615,15.0,4.989878793161147,156.0,0.6090786457061768,30.063109636306763,0.1927122412583767,0.15425801277160645,0.15497663934793954,0.05810457468032837,0.2877231240272522,16.0,4.713383410156463,0.6090786457061768,0.5951747894287109,0.5774240493774414,0.557283878326416,0.5549099445343018,0.02026000147937463,0.9771723136651008,0.01390385627746582,180.0,150.0,30.0,1.0,1.0
2010-02-03,2.0159819444444445,1.4982166666666665,1.1762347222222223,1.2494416666666666,1.9172930555555556,1.6331444444444445,1.5334583333333334,0.3060638157550825,1.5186154129024785,0.24524481810227466,2,2,0,2010-01-28,2010-01-27,149.0,4.205689907073975,483.83885645866394,3.2472406473735833,3.3523335456848145,0.5391102525601643,2.770115613937378,3.6481664180755615,15.0,4.989878793161147,156.0,0.6090786457061768,30.063109636306763,0.1927122412583767,0.15425801277160645,0.15497663934793954,0.05810457468032837,0.2877231240272522,16.0,4.713383410156463,0.6090786457061768,0.5951747894287109,0.5774240493774414,0.557283878326416,0.5549099445343018,0.02026000147937463,0.9771723136651008,0.01390385627746582,180.0,150.0,30.0,1.0,1.0
2010-02-04,1.6085208333333334,2.0159819444444445,1.4982166666666665,1.1762347222222223,1.4654402777777777,1.484622222222222,1.547556746031746,0.3281663552984878,1.5459609486167643,0.27813568099889624,3,2,0,2010-02-04,2010-02-03,149.0,4.205689907073975,489.464173078537,3.2849944501915234,3.401273727416992,0.5672706158019284,2.770115613937378,3.727147102355957,15.0,4.988700286195632,171.0,0.6090786457061768,32.35018610954285,0.1891823749096073,0.15119194984436035,0.1531245629357242,0.057366013526916504,0.27533483505249023,18.0,4.80298303717448,0.6090786457061768,0.5951747894287109,0.5774240493774414,0.557283878326416,0.5549099445343018,0.01882767053159262,0.9771723136651008,0.01390385627746582,180.0,150.0,30.0,1.0,1.0
2010-02-05,1.4575638888888887,1.6085208333333334,2.0159819444444445,1.4982166666666665,1.4534652777777777,1.2434902777777777,1.5679968253968253,0.3266516667058392,1.5548108494104151,0.27800494613538496,4,2,0,2010-02-04,2010-02-03,149.0,4.205689907073975,489.464173078537,3.2849944501915234,3.401273727416992,0.5672706158019284,2.770115613937378,3.727147102355957,15.0,4.988700286195632,171.0,0.6090786457061768,32.35018610954285,0.1891823749096073,0.15119194984436035,0.1531245629357242,0.057366013526916504,0.27533483505249023,18.0,4.80298303717448,0.6090786457061768,0.5951747894287109,0.5774240493774414,0.557283878326416,0.5549099445343018,0.01882767053159262,0.9771723136651008,0.01390385627746582,180.0,150.0,30.0,1.0,1.0
2010-02-06,1.8840180555555555,1.4575638888888887,1.6085208333333334,2.0159819444444445,1.9741166666666667,1.8127241139680335,1.5685823412698414,0.32641574370581067,1.5701018216326372,0.26515464723477733,5,2,1,2010-02-04,2010-02-03,149.0,4.205689907073975,489.464173078537,3.2849944501915234,3.401273727416992,0.5672706158019284,2.770115613937378,3.727147102355957,15.0,4.988700286195632,171.0,0.6090786457061768,32.35018610954285,0.1891823749096073,0.15119194984436035,0.1531245629357242,0.057366013526916504,0.27533483505249023,18.0,4.80298303717448,0.6090786457061768,0.5951747894287109,0.5774240493774414,0.557283878326416,0.5549099445343018,0.01882767053159262,0.9771723136651008,0.01390385627746582,180.0,150.0,30.0,1.0,1.0
2010-02-07,1.1289638888888889,1.8840180555555555,1.4575638888888887,1.6085208333333334,1.2494416666666666,1.575986111111111,1.5557111111111108,0.3090753271845425,1.575194246031746,0.2707973407049302,6,2,1,2010-02-04,2010-02-03,149.0,4.205689907073975,489.464173078537,3.2849944501915234,3.401273727416992,0.5672706158019284,2.770115613937378,3.727147102355957,15.0,4.988700286195632,171.0,0.6090786457061768,32.35018610954285,0.1891823749096073,0.15119194984436035,0.1531245629357242,0.057366013526916504,0.27533483505249023,18.0,4.80298303717448,0.6090786457061768,0.5951747894287109,0.5774240493774414,0.557283878326416,0.5549099445343018,0.01882767053159262,0.9771723136651008,0.01390385627746582,180.0,150.0,30.0,1.0,1.0
2010-02-08,1.7932208333333333,1.1289638888888889,1.8840180555555555,1.4575638888888887,1.1762347222222223,1.3406319444444443,1.5385000000000002,0.33151269706697317,1.5432640873015873,0.2958888838478289,0,2,0,2010-02-04,2010-02-03,149.0,4.205689907073975,489.464173078537,3.2849944501915234,3.401273727416992,0.5672706158019284,2.770115613937378,3.727147102355957,15.0,4.988700286195632,171.0,0.6090786457061768,32.35018610954285,0.1891823749096073,0.15119194984436035,0.1531245629357242,0.057366013526916504,0.27533483505249023,18.0,4.80298303717448,0.6090786457061768,0.5951747894287109,0.5774240493774414,0.557283878326416,0.5549099445343018,0.01882767053159262,0.9771723136651008,0.01390385627746582,180.0,150.0,30.0,1.0,1.0
2010-02-09,1.6812027777777776,1.7932208333333333,1.1289638888888889,1.8840180555555555,1.4982166666666665,1.4358083333333331,1.626640873015873,0.29963001821088475,1.575591865079365,0.2967698418153615,1,2,0,2010-02-04,2010-02-03,149.0,4.205689907073975,489.464173078537,3.2849944501915234,3.401273727416992,0.5672706158019284,2.770115613937378,3.727147102355957,15.0,4.988700286195632,171.0,0.6090786457061768,32.35018610954285,0.1891823749096073,0.15119194984436035,0.1531245629357242,0.057366013526916504,0.27533483505249023,18.0,4.80298303717448,0.6090786457061768,0.5951747894287109,0.5774240493774414,0.557283878326416,0.5549099445343018,0.01882767053159262,0.9771723136651008,0.01390385627746582,180.0,150.0,30.0,1.0,1.0
2010-02-10,1.3513148019457957,1.6812027777777776,1.7932208333333333,1.1289638888888889,2.0159819444444445,1.9172930555555556,1.652781746031746,0.2944966595336669,1.5931200396825393,0.29512100772515154,2,2,0,2010-02-04,2010-02-03,149.0,4.205689907073975,489.464173078537,3.2849944501915234,3.401273727416992,0.5672706158019284,2.770115613937378,3.727147102355957,15.0,4.988700286195632,171.0,0.6090786457061768,32.35018610954285,0.1891823749096073,0.15119194984436035,0.1531245629357242,0.057366013526916504,0.27533483505249023,18.0,4.80298303717448,0.6090786457061768,0.5951747894287109,0.5774240493774414,0.557283878326416,0.5549099445343018,0.01882767053159262,0.9771723136651008,0.01390385627746582,180.0,150.0,30.0,1.0,1.0
2010-02-11,0.9512277777777778,1.3513148019457957,1.6812027777777776,1.7932208333333333,1.6085208333333334,1.4654402777777777,1.5578292971033676,0.26338370495215785,1.5526930215675567,0.28592012538127426,3,2,0,2010-02-11,2010-02-10,149.0,4.205689907073975,497.39734411239624,3.3382372088080285,3.4565463066101074,0.5734194269876399,2.8031821250915527,3.7824881076812744,15.0,4.988713269134125,182.0,0.6090786457061768,36.046672344207764,0.1980586392538888,0.16197943687438965,0.1562442217265964,0.054255902767181396,0.31478965282440186,19.0,4.872353859189385,0.6090786457061768,0.5951747894287109,0.5774240493774414,0.557283878326416,0.5549099445343018,0.016896945157381438,0.9771723136651008,0.01390385627746582,180.0,150.0,30.0,1.0,1.0
2010-02-12,1.3145819444444444,0.9512277777777778,1.3513148019457957,1.6812027777777776,1.4575638888888887,1.4534652777777777,1.4639302891668595,0.3463866966672956,1.5159635572818426,0.327932308189546,4,2,0,2010-02-11,2010-02-10,149.0,4.205689907073975,497.39734411239624,3.3382372088080285,3.4565463066101074,0.5734194269876399,2.8031821250915527,3.7824881076812744,15.0,4.988713269134125,182.0,0.6090786457061768,36.046672344207764,0.1980586392538888,0.16197943687438965,0.1562442217265964,0.054255902767181396,0.31478965282440186,19.0,4.872353859189385,0.6090786457061768,0.5951747894287109,0.5774240493774414,0.557283878326416,0.5549099445343018,0.016896945157381438,0.9771723136651008,0.01390385627746582,180.0,150.0,30.0,1.0,1.0
2010-02-13,1.633025,1.3145819444444444,0.9512277777777778,1.3513148019457957,1.8840180555555555,1.9741166666666667,1.4435042971033678,0.35100957031702784,1.5060433191866043,0.33204327186987825,5,2,1,2010-02-11,2010-02-10,149.0,4.205689907073975,497.39734411239624,3.3382372088080285,3.4565463066101074,0.5734194269876399,2.8031821250915527,3.7824881076812744,15.0,4.988713269134125,182.0,0.6090786457061768,36.046672344207764,0.1980586392538888,0.16197943687438965,0.1562442217265964,0.054255902767181396,0.31478965282440186,19.0,4.872353859189385,0.6090786457061768,0.5951747894287109,0.5774240493774414,0.557283878326416,0.5549099445343018,0.016896945157381438,0.9771723136651008,0.01390385627746582,180.0,150.0,30.0,1.0,1.0
2010-02-14,1.1721320361362058,1.633025,1.3145819444444444,0.9512277777777778,1.1289638888888889,1.2494416666666666,1.4076481463097168,0.3087912971888586,1.481679628710414,0.30659507045726403,6,2,1,2010-02-11,2010-02-10,149.0,4.205689907073975,497.39734411239624,3.3382372088080285,3.4565463066101074,0.5734194269876399,2.8031821250915527,3.7824881076812744,15.0,4.988713269134125,182.0,0.6090786457061768,36.046672344207764,0.1980586392538888,0.16197943687438965,0.1562442217265964,0.054255902767181396,0.31478965282440186,19.0,4.872353859189385,0.6090786457061768,0.5951747894287109,0.5774240493774414,0.557283878326416,0.5549099445343018,0.016896945157381438,0.9771723136651008,0.01390385627746582,180.0,150.0,30.0,1.0,1.0
2010-02-15,1.4563416666666666,1.1721320361362058,1.633025,1.3145819444444444,1.7932208333333333,1.1762347222222223,1.413815024487905,0.3026684383472226,1.4761575122439523,0.3117525291049738,0,2,0,2010-02-11,2010-02-10,149.0,4.205689907073975,497.39734411239624,3.3382372088080285,3.4565463066101074,0.5734194269876399,2.8031821250915527,3.7824881076812744,15.0,4.988713269134125,182.0,0.6090786457061768,36.046672344207764,0.1980586392538888,0.16197943687438965,0.1562442217265964,0.054255902767181396,0.31478965282440186,19.0,4.872353859189385,0.6090786457061768,0.5951747894287109,0.5774240493774414,0.557283878326416,0.5549099445343018,0.016896945157381438,0.9771723136651008,0.01390385627746582,180.0,150.0,30.0,1.0,1.0
2010-02-16,1.2484416666666667,1.4563416666666666,1.1721320361362058,1.633025,1.6812027777777776,1.4982166666666665,1.3656894292498098,0.25537434565733674,1.496165151132841,0.29978197480198665,1,2,0,2010-02-11,2010-02-10,149.0,4.205689907073975,497.39734411239624,3.3382372088080285,3.4565463066101074,0.5734194269876399,2.8031821250915527,3.7824881076812744,15.0,4.988713269134125,182.0,0.6090786457061768,36.046672344207764,0.1980586392538888,0.16197943687438965,0.1562442217265964,0.054255902767181396,0.31478965282440186,19.0,4.872353859189385,0.6090786457061768,0.5951747894287109,0.5774240493774414,0.557283878326416,0.5549099445343018,0.016896945157381438,0.9771723136651008,0.01390385627746582,180.0,150.0,30.0,1.0,1.0
2010-02-17,1.4267777777777777,1.2484416666666667,1.4563416666666666,1.1721320361362058,1.3513148019457957,2.0159819444444445,1.3038664133767939,0.2155381274119313,1.47832407970427,0.30699617685346026,2,2,0,2010-02-11,2010-02-10,149.0,4.205689907073975,497.39734411239624,3.3382372088080285,3.4565463066101074,0.5734194269876399,2.8031821250915527,3.7824881076812744,15.0,4.988713269134125,182.0,0.6090786457061768,36.046672344207764,0.1980586392538888,0.16197943687438965,0.1562442217265964,0.054255902767181396,0.31478965282440186,19.0,4.872353859189385,0.6090786457061768,0.5951747894287109,0.5774240493774414,0.557283878326416,0.5549099445343018,0.016896945157381438,0.9771723136651008,0.01390385627746582,180.0,150.0,30.0,1.0,1.0
2010-02-18,1.223025,1.4267777777777777,1.2484416666666667,1.4563416666666666,0.9512277777777778,1.6085208333333334,1.3146468384956485,0.22014481490235988,1.436238067799508,0.26515456624203176,3,2,0,2010-02-18,2010-02-17,149.0,4.184790134429932,504.7449824810028,3.3875502179933075,3.5201807022094727,0.539873904853114,3.0538172721862793,3.7876126766204834,15.0,4.990697024835702,177.0,0.6341848373413086,36.67228937149048,0.20718807554514396,0.18780732154846191,0.15336559507714767,0.07893085479736328,0.3131721019744873,18.0,4.884643362618449,0.6341848373413086,0.6090786457061768,0.5951747894287109,0.5774240493774414,0.5639266967773438,0.017293298242632548,0.9604118702358377,0.025106191635131836,180.0,150.0,30.0,1.0,1.0
2010-02-19,1.3566472222222221,1.223025,1.4267777777777777,1.2484416666666667,1.3145819444444444,1.4575638888888887,1.3534750130988231,0.16152925161588533,1.4087026511328413,0.2659025189473938,4,2,0,2010-02-18,2010-02-17,149.0,4.184790134429932,504.7449824810028,3.3875502179933075,3.5201807022094727,0.539873904853114,3.0538172721862793,3.7876126766204834,15.0,4.990697024835702,177.0,0.6341848373413086,36.67228937149048,0.20718807554514396,0.18780732154846191,0.15336559507714767,0.07893085479736328,0.3131721019744873,18.0,4.884643362618449,0.6341848373413086,0.6090786457061768,0.5951747894287109,0.5774240493774414,0.5639266967773438,0.017293298242632548,0.9604118702358377,0.025106191635131836,180.0,150.0,30.0,1.0,1.0
2010-02-20,1.377588888888889,1.3566472222222221,1.223025,1.4267777777777777,1.633025,1.8840180555555555,1.3594843384956483,0.16062108773177014,1.4014943177995083,0.26584391758571885,5,2,1,2010-02-18,2010-02-17,149.0,4.184790134429932,504.7449824810028,3.3875502179933075,3.5201807022094727,0.539873904853114,3.0538172721862793,3.7876126766204834,15.0,4.990697024835702,177.0,0.6341848373413086,36.67228937149048,0.20718807554514396,0.18780732154846191,0.15336559507714767,0.07893085479736328,0.3131721019744873,18.0,4.884643362618449,0.6341848373413086,0.6090786457061768,0.5951747894287109,0.5774240493774414,0.5639266967773438,0.017293298242632548,0.9604118702358377,0.025106191635131836,180.0,150.0,30.0,1.0,1.0
2010-02-21,1.9029958333333332,1.377588888888889,1.3566472222222221,1.223025,1.1721320361362058,1.1289638888888889,1.3229934654797755,0.10876350299257867,1.365320805894746,0.22671090389256543,6,2,1,2010-02-18,2010-02-17,149.0,4.184790134429932,504.7449824810028,3.3875502179933075,3.5201807022094727,0.539873904853114,3.0538172721862793,3.7876126766204834,15.0,4.990697024835702,177.0,0.6341848373413086,36.67228937149048,0.20718807554514396,0.18780732154846191,0.15336559507714767,0.07893085479736328,0.3131721019744873,18.0,4.884643362618449,0.6341848373413086,0.6090786457061768,0.5951747894287109,0.5774240493774414,0.5639266967773438,0.017293298242632548,0.9604118702358377,0.025106191635131836,180.0,150.0,30.0,1.0,1.0
2010-02-22,1.0236361111111112,1.9029958333333332,1.377588888888889,1.3566472222222221,1.4563416666666666,1.7932208333333333,1.4274025793650793,0.22668323416728903,1.4206088019264922,0.25699551165055134,0,2,0,2010-02-18,2010-02-17,149.0,4.184790134429932,504.7449824810028,3.3875502179933075,3.5201807022094727,0.539873904853114,3.0538172721862793,3.7876126766204834,15.0,4.990697024835702,177.0,0.6341848373413086,36.67228937149048,0.20718807554514396,0.18780732154846191,0.15336559507714767,0.07893085479736328,0.3131721019744873,18.0,4.884643362618449,0.6341848373413086,0.6090786457061768,0.5951747894287109,0.5774240493774414,0.5639266967773438,0.017293298242632548,0.9604118702358377,0.025106191635131836,180.0,150.0,30.0,1.0,1.0
2010-02-23,1.0147777777777778,1.0236361111111112,1.9029958333333332,1.377588888888889,1.2484416666666667,1.6812027777777776,1.3655875,0.27195400768307193,1.365638464624905,0.2534455287634258,1,2,0,2010-02-18,2010-02-17,149.0,4.184790134429932,504.7449824810028,3.3875502179933075,3.5201807022094727,0.539873904853114,3.0538172721862793,3.7876126766204834,15.0,4.990697024835702,177.0,0.6341848373413086,36.67228937149048,0.20718807554514396,0.18780732154846191,0.15336559507714767,0.07893085479736328,0.3131721019744873,18.0,4.884643362618449,0.6341848373413086,0.6090786457061768,0.5951747894287109,0.5774240493774414,0.5639266967773438,0.017293298242632548,0.9604118702358377,0.025106191635131836,180.0,150.0,30.0,1.0,1.0
2010-02-24,1.3293597222222222,1.0147777777777778,1.0236361111111112,1.9029958333333332,1.4267777777777777,1.3513148019457957,1.3322069444444442,0.3014681791619125,1.3180366789106193,0.2521979738902928,2,2,0,2010-02-18,2010-02-17,149.0,4.184790134429932,504.7449824810028,3.3875502179933075,3.5201807022094727,0.539873904853114,3.0538172721862793,3.7876126766204834,15.0,4.990697024835702,177.0,0.6341848373413086,36.67228937149048,0.20718807554514396,0.18780732154846191,0.15336559507714767,0.07893085479736328,0.3131721019744873,18.0,4.884643362618449,0.6341848373413086,0.6090786457061768,0.5951747894287109,0.5774240493774414,0.5639266967773438,0.017293298242632548,0.9604118702358377,0.025106191635131836,180.0,150.0,30.0,1.0,1.0
2010-02-25,1.3056972222222223,1.3293597222222222,1.0147777777777778,1.0236361111111112,1.223025,0.9512277777777778,1.3182900793650794,0.2986098593217004,1.316468458930364,0.2520433390524483,3,2,0,2010-02-25,2010-02-24,149.0,4.184790134429932,514.3059368133545,3.451717696733923,3.5564916133880615,0.5224015164125858,3.280956745147705,3.853318452835083,15.0,4.991901769860776,171.0,0.6341848373413086,35.05855393409729,0.20502078324033504,0.1749892234802246,0.1544813939754458,0.07624697685241699,0.31425046920776367,18.0,4.838831746608188,0.6341848373413086,0.6090786457061768,0.5951747894287109,0.5774240493774414,0.557283878326416,0.01808930392660926,0.9604118702358377,0.025106191635131836,180.0,150.0,30.0,1.0,1.0
2010-02-26,1.4723305555555555,1.3056972222222223,1.3293597222222222,1.0147777777777778,1.3566472222222221,1.3145819444444444,1.3301003968253968,0.2958360604624758,1.3417877049621099,0.22930938911737495,4,2,0,2010-02-25,2010-02-24,149.0,4.184790134429932,514.3059368133545,3.451717696733923,3.5564916133880615,0.5224015164125858,3.280956745147705,3.853318452835083,15.0,4.991901769860776,171.0,0.6341848373413086,35.05855393409729,0.20502078324033504,0.1749892234802246,0.1544813939754458,0.07624697685241699,0.31425046920776367,18.0,4.838831746608188,0.6341848373413086,0.6090786457061768,0.5951747894287109,0.5774240493774414,0.557283878326416,0.01808930392660926,0.9604118702358377,0.025106191635131836,180.0,150.0,30.0,1.0,1.0
2010-02-27,1.2257333333333333,1.4723305555555555,1.3056972222222223,1.3293597222222222,1.377588888888889,1.633025,1.3466265873015872,0.3007564705128042,1.353055462898618,0.23173263049286996,5,2,1,2010-02-25,2010-02-24,149.0,4.184790134429932,514.3059368133545,3.451717696733923,3.5564916133880615,0.5224015164125858,3.280956745147705,3.853318452835083,15.0,4.991901769860776,171.0,0.6341848373413086,35.05855393409729,0.20502078324033504,0.1749892234802246,0.1544813939754458,0.07624697685241699,0.31425046920776367,18.0,4.838831746608188,0.6341848373413086,0.6090786457061768,0.5951747894287109,0.5774240493774414,0.557283878326416,0.01808930392660926,0.9604118702358377,0.025106191635131836,180.0,150.0,30.0,1.0,1.0
2010-02-28,0.49421250000000005,1.2257333333333333,1.4723305555555555,1.3056972222222223,1.9029958333333332,1.1721320361362058,1.3249329365079365,0.303614047949604,1.3239632009938558,0.21910290936362609,6,2,1,2010-02-25,2010-02-24,149.0,4.184790134429932,514.3059368133545,3.451717696733923,3.5564916133880615,0.5224015164125858,3.280956745147705,3.853318452835083,15.0,4.991901769860776,171.0,0.6341848373413086,35.05855393409729,0.20502078324033504,0.1749892234802246,0.1544813939754458,0.07624697685241699,0.31425046920776367,18.0,4.838831746608188,0.6341848373413086,0.6090786457061768,0.5951747894287109,0.5774240493774414,0.557283878326416,0.01808930392660926,0.9604118702358377,0.025106191635131836,180.0,150.0,30.0,1.0,1.0
2010-03-01,0.9018944444444444,0.49421250000000005,1.2257333333333333,1.4723305555555555,1.0236361111111112,1.4563416666666666,1.1236781746031745,0.3228788000923438,1.2755403769841271,0.31091500797306143,0,3,0,2010-02-25,2010-02-24,149.0,4.184790134429932,514.3059368133545,3.451717696733923,3.5564916133880615,0.5224015164125858,3.280956745147705,3.853318452835083,15.0,4.991901769860776,171.0,0.6341848373413086,35.05855393409729,0.20502078324033504,0.1749892234802246,0.1544813939754458,0.07624697685241699,0.31425046920776367,18.0,4.838831746608188,0.6341848373413086,0.6090786457061768,0.5951747894287109,0.5774240493774414,0.557283878326416,0.01808930392660926,0.9604118702358377,0.025106191635131836,180.0,150.0,30.0,1.0,1.0
2010-03-02,0.5325736111111111,0.9018944444444444,0.49421250000000005,1.2257333333333333,1.0147777777777778,1.2484416666666667,1.1062865079365078,0.33230674466615157,1.2359370039682542,0.32125355966550473,1,3,0,2010-02-25,2010-02-24,149.0,4.184790134429932,514.3059368133545,3.451717696733923,3.5564916133880615,0.5224015164125858,3.280956745147705,3.853318452835083,15.0,4.991901769860776,171.0,0.6341848373413086,35.05855393409729,0.20502078324033504,0.1749892234802246,0.1544813939754458,0.07624697685241699,0.31425046920776367,18.0,4.838831746608188,0.6341848373413086,0.6090786457061768,0.5951747894287109,0.5774240493774414,0.557283878326416,0.01808930392660926,0.9604118702358377,0.025106191635131836,180.0,150.0,30.0,1.0,1.0
2010-03-03,0.6498847222222222,0.5325736111111111,0.9018944444444444,0.49421250000000005,1.3293597222222222,1.4267777777777777,1.0374001984126984,0.397936764263189,1.1848035714285714,0.37206378171853843,2,3,0,2010-02-25,2010-02-24,149.0,4.184790134429932,514.3059368133545,3.451717696733923,3.5564916133880615,0.5224015164125858,3.280956745147705,3.853318452835083,15.0,4.991901769860776,171.0,0.6341848373413086,35.05855393409729,0.20502078324033504,0.1749892234802246,0.1544813939754458,0.07624697685241699,0.31425046920776367,18.0,4.838831746608188,0.6341848373413086,0.6090786457061768,0.5951747894287109,0.5774240493774414,0.557283878326416,0.01808930392660926,0.9604118702358377,0.025106191635131836,180.0,150.0,30.0,1.0,1.0
2010-03-04,0.4742222222222222,0.6498847222222222,0.5325736111111111,0.9018944444444444,1.3056972222222223,1.223025,0.9403323412698413,0.39772157527292107,1.1293112103174603,0.3906684585308601,3,3,0,2010-03-04,2010-03-03,149.0,4.789064884185791,525.9621896743774,3.529947581707231,3.6227478981018066,0.5025446011177768,3.3451805114746094,3.9179155826568604,15.0,4.993270238825742,161.0,0.9132142066955566,34.541239976882935,0.21454186321045302,0.19269204139709473,0.1650626084354958,0.07893085479736328,0.3276937007904053,17.0,4.769190529916473,0.9132142066955566,0.6090786457061768,0.5951747894287109,0.5774240493774414,0.557283878326416,0.026438373587825286,0.6669614218006014,0.3041355609893799,180.0,150.0,30.0,1.0,1.0
2010-03-05,0.7873097222222223,0.4742222222222222,0.6498847222222222,0.5325736111111111,1.4723305555555555,1.3566472222222221,0.8215501984126984,0.3945667398633879,1.0758252976190474,0.42646966582791446,4,3,0,2010-03-04,2010-03-03,149.0,4.789064884185791,525.9621896743774,3.529947581707231,3.6227478981018066,0.5025446011177768,3.3451805114746094,3.9179155826568604,15.0,4.993270238825742,161.0,0.9132142066955566,34.541239976882935,0.21454186321045302,0.19269204139709473,0.1650626084354958,0.07893085479736328,0.3276937007904053,17.0,4.769190529916473,0.9132142066955566,0.6090786457061768,0.5951747894287109,0.5774240493774414,0.557283878326416,0.026438373587825286,0.6669614218006014,0.3041355609893799,180.0,150.0,30.0,1.0,1.0
2010-03-06,0.5518833333333333,0.7873097222222223,0.4742222222222222,0.6498847222222222,1.2257333333333333,1.377588888888889,0.7236900793650793,0.2722494535976146,1.0351583333333334,0.42477323746437506,5,3,1,2010-03-04,2010-03-03,149.0,4.789064884185791,525.9621896743774,3.529947581707231,3.6227478981018066,0.5025446011177768,3.3451805114746094,3.9179155826568604,15.0,4.993270238825742,161.0,0.9132142066955566,34.541239976882935,0.21454186321045302,0.19269204139709473,0.1650626084354958,0.07893085479736328,0.3276937007904053,17.0,4.769190529916473,0.9132142066955566,0.6090786457061768,0.5951747894287109,0.5774240493774414,0.557283878326416,0.026438373587825286,0.6669614218006014,0.3041355609893799,180.0,150.0,30.0,1.0,1.0
2010-03-07,0.9531055555555555,0.5518833333333333,0.7873097222222223,0.4742222222222222,0.49421250000000005,1.9029958333333332,0.6274257936507937,0.16192643911336607,0.9761793650793651,0.43085038639668466,6,3,1,2010-03-04,2010-03-03,149.0,4.789064884185791,525.9621896743774,3.529947581707231,3.6227478981018066,0.5025446011177768,3.3451805114746094,3.9179155826568604,15.0,4.993270238825742,161.0,0.9132142066955566,34.541239976882935,0.21454186321045302,0.19269204139709473,0.1650626084354958,0.07893085479736328,0.3276937007904053,17.0,4.769190529916473,0.9132142066955566,0.6090786457061768,0.5951747894287109,0.5774240493774414,0.557283878326416,0.026438373587825286,0.6669614218006014,0.3041355609893799,180.0,150.0,30.0,1.0,1.0
2010-03-08,1.7757625,0.9531055555555555,0.5518833333333333,0.7873097222222223,0.9018944444444444,1.0236361111111112,0.6929819444444444,0.18954300016289208,0.9083300595238095,0.33858426517511364,0,3,0,2010-03-04,2010-03-03,149.0,4.789064884185791,525.9621896743774,3.529947581707231,3.6227478981018066,0.5025446011177768,3.3451805114746094,3.9179155826568604,15.0,4.993270238825742,161.0,0.9132142066955566,34.541239976882935,0.21454186321045302,0.19269204139709473,0.1650626084354958,0.07893085479736328,0.3276937007904053,17.0,4.769190529916473,0.9132142066955566,0.6090786457061768,0.5951747894287109,0.5774240493774414,0.557283878326416,0.026438373587825286,0.6669614218006014,0.3041355609893799,180.0,150.0,30.0,1.0,1.0
2010-03-09,1.2223000000000002,1.7757625,0.9531055555555555,0.5518833333333333,0.5325736111111111,1.0147777777777778,0.8178202380952381,0.4537320052200343,0.962053373015873,0.41035142458780416,1,3,0,2010-03-04,2010-03-03,149.0,4.789064884185791,525.9621896743774,3.529947581707231,3.6227478981018066,0.5025446011177768,3.3451805114746094,3.9179155826568604,15.0,4.993270238825742,161.0,0.9132142066955566,34.541239976882935,0.21454186321045302,0.19269204139709473,0.1650626084354958,0.07893085479736328,0.3276937007904053,17.0,4.769190529916473,0.9132142066955566,0.6090786457061768,0.5951747894287109,0.5774240493774414,0.557283878326416,0.026438373587825286,0.6669614218006014,0.3041355609893799,180.0,150.0,30.0,1.0,1.0
2010-03-10,1.2657166666666666,1.2223000000000002,1.7757625,0.9531055555555555,0.6498847222222222,1.3293597222222222,0.9163525793650794,0.4563467758583485,0.976876388888889,0.4161102045595095,2,3,0,2010-03-04,2010-03-03,149.0,4.789064884185791,525.9621896743774,3.529947581707231,3.6227478981018066,0.5025446011177768,3.3451805114746094,3.9179155826568604,15.0,4.993270238825742,161.0,0.9132142066955566,34.541239976882935,0.21454186321045302,0.19269204139709473,0.1650626084354958,0.07893085479736328,0.3276937007904053,17.0,4.769190529916473,0.9132142066955566,0.6090786457061768,0.5951747894287109,0.5774240493774414,0.557283878326416,0.026438373587825286,0.6669614218006014,0.3041355609893799,180.0,150.0,30.0,1.0,1.0
2010-03-11,1.3549236111111111,1.2657166666666666,1.2223000000000002,1.7757625,0.4742222222222222,1.3056972222222223,1.0043285714285715,0.45577516375341925,0.9723304563492062,0.41229330664477104,3,3,0,2010-03-11,2010-03-10,149.0,5.129973411560059,545.32124376297,3.6598741192145634,3.688962697982788,0.5142224898691786,3.401273727416992,3.951993703842163,15.0,4.994015453950307,164.0,0.7933011054992676,33.224374771118164,0.20258765104340343,0.184251070022583,0.1538573342898021,0.07475316524505615,0.30310219526290894,17.0,4.795292012951124,0.7933011054992676,0.6090786457061768,0.5951747894287109,0.557283878326416,0.5229957103729248,0.02387708153921023,0.767777381733069,0.18422245979309082,180.0,150.0,30.0,1.0,1.0
2010-03-12,1.1426555555555555,1.3549236111111111,1.2657166666666666,1.2223000000000002,0.7873097222222223,1.4723305555555555,1.1301430555555556,0.4036263017600324,0.9758466269841269,0.41555209358264833,4,3,0,2010-03-11,2010-03-10,149.0,5.129973411560059,545.32124376297,3.6598741192145634,3.688962697982788,0.5142224898691786,3.401273727416992,3.951993703842163,15.0,4.994015453950307,164.0,0.7933011054992676,33.224374771118164,0.20258765104340343,0.184251070022583,0.1538573342898021,0.07475316524505615,0.30310219526290894,17.0,4.795292012951124,0.7933011054992676,0.6090786457061768,0.5951747894287109,0.557283878326416,0.5229957103729248,0.02387708153921023,0.767777381733069,0.18422245979309082,180.0,150.0,30.0,1.0,1.0
2010-03-13,1.6548680555555555,1.1426555555555555,1.3549236111111111,1.2657166666666666,0.5518833333333333,1.2257333333333333,1.1809067460317462,0.37462611386807027,0.9522984126984128,0.3940374564418166,5,3,1,2010-03-11,2010-03-10,149.0,5.129973411560059,545.32124376297,3.6598741192145634,3.688962697982788,0.5142224898691786,3.401273727416992,3.951993703842163,15.0,4.994015453950307,164.0,0.7933011054992676,33.224374771118164,0.20258765104340343,0.184251070022583,0.1538573342898021,0.07475316524505615,0.30310219526290894,17.0,4.795292012951124,0.7933011054992676,0.6090786457061768,0.5951747894287109,0.557283878326416,0.5229957103729248,0.02387708153921023,0.767777381733069,0.18422245979309082,180.0,150.0,30.0,1.0,1.0
2010-03-14,1.0879958333333333,1.6548680555555555,1.1426555555555555,1.3549236111111111,0.9531055555555555,0.49421250000000005,1.3384759920634919,0.2878775055728378,0.9829508928571428,0.43182396036706205,6,3,1,2010-03-11,2010-03-10,149.0,5.129973411560059,545.32124376297,3.6598741192145634,3.688962697982788,0.5142224898691786,3.401273727416992,3.951993703842163,15.0,4.994015453950307,164.0,0.7933011054992676,33.224374771118164,0.20258765104340343,0.184251070022583,0.1538573342898021,0.07475316524505615,0.30310219526290894,17.0,4.795292012951124,0.7933011054992676,0.6090786457061768,0.5951747894287109,0.557283878326416,0.5229957103729248,0.02387708153921023,0.767777381733069,0.18422245979309082,180.0,150.0,30.0,1.0,1.0
2010-03-15,1.2443402777777777,1.0879958333333333,1.6548680555555555,1.1426555555555555,1.7757625,0.9018944444444444,1.3577460317460317,0.2610464022821222,1.025363988095238,0.4086676437392261,0,3,0,2010-03-11,2010-03-10,149.0,5.129973411560059,545.32124376297,3.6598741192145634,3.688962697982788,0.5142224898691786,3.401273727416992,3.951993703842163,15.0,4.994015453950307,164.0,0.7933011054992676,33.224374771118164,0.20258765104340343,0.184251070022583,0.1538573342898021,0.07475316524505615,0.30310219526290894,17.0,4.795292012951124,0.7933011054992676,0.6090786457061768,0.5951747894287109,0.557283878326416,0.5229957103729248,0.02387708153921023,0.767777381733069,0.18422245979309082,180.0,150.0,30.0,1.0,1.0
2010-03-16,1.0712847222222224,1.2443402777777777,1.0879958333333333,1.6548680555555555,1.2223000000000002,0.5325736111111111,1.2818285714285713,0.18558475902798446,1.0498244047619048,0.4109510244988513,1,3,0,2010-03-11,2010-03-10,149.0,5.129973411560059,545.32124376297,3.6598741192145634,3.688962697982788,0.5142224898691786,3.401273727416992,3.951993703842163,15.0,4.994015453950307,164.0,0.7933011054992676,33.224374771118164,0.20258765104340343,0.184251070022583,0.1538573342898021,0.07475316524505615,0.30310219526290894,17.0,4.795292012951124,0.7933011054992676,0.6090786457061768,0.5951747894287109,0.557283878326416,0.5229957103729248,0.02387708153921023,0.767777381733069,0.18422245979309082,180.0,150.0,30.0,1.0,1.0
2010-03-17,1.3952291666666665,1.0712847222222224,1.2443402777777777,1.0879958333333333,1.2657166666666666,0.6498847222222222,1.2602549603174604,0.20173304697402075,1.0883037698412699,0.38306783684765955,2,3,0,2010-03-11,2010-03-10,149.0,5.129973411560059,545.32124376297,3.6598741192145634,3.688962697982788,0.5142224898691786,3.401273727416992,3.951993703842163,15.0,4.994015453950307,164.0,0.7933011054992676,33.224374771118164,0.20258765104340343,0.184251070022583,0.1538573342898021,0.07475316524505615,0.30310219526290894,17.0,4.795292012951124,0.7933011054992676,0.6090786457061768,0.5951747894287109,0.557283878326416,0.5229957103729248,0.02387708153921023,0.767777381733069,0.18422245979309082,180.0,150.0,30.0,1.0,1.0
2010-03-18,1.0851958333333334,1.3952291666666665,1.0712847222222224,1.2443402777777777,1.3549236111111111,0.4742222222222222,1.278756746031746,0.20815432058513986,1.1415426587301587,0.36898438647313125,3,3,0,2010-03-18,2010-03-17,149.0,5.129973411560059,565.4710276126862,3.7951075678703767,3.7482852935791016,0.5007046373809356,3.4777345657348633,3.984504461288452,15.0,4.995494745164432,165.0,0.7894785404205322,33.21291136741638,0.20129037192373564,0.18780732154846191,0.15244058219279222,0.07552146911621094,0.293595552444458,17.0,4.80321340925204,0.7894785404205322,0.6665740013122559,0.6242494583129883,0.557283878326416,0.5238234996795654,0.02377022994723228,0.8443218747366981,0.12290453910827637,180.0,150.0,30.0,1.0,1.0
2010-03-19,1.1551277777777778,1.0851958333333334,1.3952291666666665,1.0712847222222224,1.1426555555555555,0.7873097222222223,1.2402242063492062,0.21650268141429746,1.1851836309523809,0.3163661613180494,4,3,0,2010-03-18,2010-03-17,149.0,5.129973411560059,565.4710276126862,3.7951075678703767,3.7482852935791016,0.5007046373809356,3.4777345657348633,3.984504461288452,15.0,4.995494745164432,165.0,0.7894785404205322,33.21291136741638,0.20129037192373564,0.18780732154846191,0.15244058219279222,0.07552146911621094,0.293595552444458,17.0,4.80321340925204,0.7894785404205322,0.6665740013122559,0.6242494583129883,0.557283878326416,0.5238234996795654,0.02377022994723228,0.8443218747366981,0.12290453910827637,180.0,150.0,30.0,1.0,1.0
2010-03-20,0.5678103448275862,1.1551277777777778,1.0851958333333334,1.3952291666666665,1.6548680555555555,0.5518833333333333,1.2420059523809523,0.21561540010048455,1.2114563492063493,0.29535822464776545,5,3,1,2010-03-18,2010-03-17,149.0,5.129973411560059,565.4710276126862,3.7951075678703767,3.7482852935791016,0.5007046373809356,3.4777345657348633,3.984504461288452,15.0,4.995494745164432,165.0,0.7894785404205322,33.21291136741638,0.20129037192373564,0.18780732154846191,0.15244058219279222,0.07552146911621094,0.293595552444458,17.0,4.80321340925204,0.7894785404205322,0.6665740013122559,0.6242494583129883,0.557283878326416,0.5238234996795654,0.02377022994723228,0.8443218747366981,0.12290453910827637,180.0,150.0,30.0,1.0,1.0
2010-03-21,1.4771046698872787,0.5678103448275862,1.1551277777777778,1.0851958333333334,1.0879958333333333,0.9531055555555555,1.086711993705528,0.2563237244715664,1.2125939928845102,0.29264046564040386,6,3,1,2010-03-18,2010-03-17,149.0,5.129973411560059,565.4710276126862,3.7951075678703767,3.7482852935791016,0.5007046373809356,3.4777345657348633,3.984504461288452,15.0,4.995494745164432,165.0,0.7894785404205322,33.21291136741638,0.20129037192373564,0.18780732154846191,0.15244058219279222,0.07552146911621094,0.293595552444458,17.0,4.80321340925204,0.7894785404205322,0.6665740013122559,0.6242494583129883,0.557283878326416,0.5238234996795654,0.02377022994723228,0.8443218747366981,0.12290453910827637,180.0,150.0,30.0,1.0,1.0
2010-03-22,1.1240208333333332,1.4771046698872787,0.5678103448275862,1.1551277777777778,1.2443402777777777,1.7757625,1.1422989703560917,0.29580019154883413,1.2500225010510617,0.2904001075047519,0,3,0,2010-03-18,2010-03-17,149.0,5.129973411560059,565.4710276126862,3.7951075678703767,3.7482852935791016,0.5007046373809356,3.4777345657348633,3.984504461288452,15.0,4.995494745164432,165.0,0.7894785404205322,33.21291136741638,0.20129037192373564,0.18780732154846191,0.15244058219279222,0.07552146911621094,0.293595552444458,17.0,4.80321340925204,0.7894785404205322,0.6665740013122559,0.6242494583129883,0.557283878326416,0.5238234996795654,0.02377022994723228,0.8443218747366981,0.12290453910827637,180.0,150.0,30.0,1.0,1.0
2010-03-23,1.265390277777778,1.1240208333333332,1.4771046698872787,0.5678103448275862,1.0712847222222224,1.2223000000000002,1.1251104782925998,0.2923582482670704,1.2034695248605856,0.2489133694196832,1,3,0,2010-03-18,2010-03-17,149.0,5.129973411560059,565.4710276126862,3.7951075678703767,3.7482852935791016,0.5007046373809356,3.4777345657348633,3.984504461288452,15.0,4.995494745164432,165.0,0.7894785404205322,33.21291136741638,0.20129037192373564,0.18780732154846191,0.15244058219279222,0.07552146911621094,0.293595552444458,17.0,4.80321340925204,0.7894785404205322,0.6665740013122559,0.6242494583129883,0.557283878326416,0.5238234996795654,0.02377022994723228,0.8443218747366981,0.12290453910827637,180.0,150.0,30.0,1.0,1.0
2010-03-24,1.3852444444444445,1.265390277777778,1.1240208333333332,1.4771046698872787,1.3952291666666665,1.2657166666666666,1.1528398433719649,0.2955894839953608,1.2065474018447127,0.24942999903777843,2,3,0,2010-03-18,2010-03-17,149.0,5.129973411560059,565.4710276126862,3.7951075678703767,3.7482852935791016,0.5007046373809356,3.4777345657348633,3.984504461288452,15.0,4.995494745164432,165.0,0.7894785404205322,33.21291136741638,0.20129037192373564,0.18780732154846191,0.15244058219279222,0.07552146911621094,0.293595552444458,17.0,4.80321340925204,0.7894785404205322,0.6665740013122559,0.6242494583129883,0.557283878326416,0.5238234996795654,0.02377022994723228,0.8443218747366981,0.12290453910827637,180.0,150.0,30.0,1.0,1.0
2010-03-25,1.166586111111111,1.3852444444444445,1.265390277777778,1.1240208333333332,1.0851958333333334,1.3549236111111111,1.151413454483076,0.29424590927414784,1.215085100257411,0.2536215163881822,3,3,0,2010-03-25,2010-03-24,149.0,5.428025245666504,582.8300061225891,3.9116107793462356,3.7724592685699463,0.5274835649172516,3.5564916133880615,4.052265167236328,15.0,4.995246702232487,155.0,0.557283878326416,28.583008527755737,0.18440650663068217,0.1762228012084961,0.13069284926860178,0.06931376457214355,0.2733488082885742,16.0,4.763437703824992,0.557283878326416,0.5079874992370605,0.47266530990600586,0.46772241592407227,0.46030378341674805,0.01949703362349913,0.9115417096984793,0.04929637908935547,180.0,150.0,30.0,1.0,1.0
2010-03-26,1.146725,1.166586111111111,1.3852444444444445,1.265390277777778,1.1551277777777778,1.1426555555555555,1.1630406370227584,0.2927977195064778,1.2016324216859824,0.25061064736659033,4,3,0,2010-03-25,2010-03-24,149.0,5.428025245666504,582.8300061225891,3.9116107793462356,3.7724592685699463,0.5274835649172516,3.5564916133880615,4.052265167236328,15.0,4.995246702232487,155.0,0.557283878326416,28.583008527755737,0.18440650663068217,0.1762228012084961,0.13069284926860178,0.06931376457214355,0.2733488082885742,16.0,4.763437703824992,0.557283878326416,0.5079874992370605,0.47266530990600586,0.46772241592407227,0.46030378341674805,0.01949703362349913,0.9115417096984793,0.04929637908935547,180.0,150.0,30.0,1.0,1.0
2010-03-27,1.2833125,1.146725,1.166586111111111,1.3852444444444445,0.5678103448275862,1.6548680555555555,1.1618402401973618,0.29285278647909513,1.201923096289157,0.2505393300598663,5,3,1,2010-03-25,2010-03-24,149.0,5.428025245666504,582.8300061225891,3.9116107793462356,3.7724592685699463,0.5274835649172516,3.5564916133880615,4.052265167236328,15.0,4.995246702232487,155.0,0.557283878326416,28.583008527755737,0.18440650663068217,0.1762228012084961,0.13069284926860178,0.06931376457214355,0.2733488082885742,16.0,4.763437703824992,0.557283878326416,0.5079874992370605,0.47266530990600586,0.46772241592407227,0.46030378341674805,0.01949703362349913,0.9115417096984793,0.04929637908935547,180.0,150.0,30.0,1.0,1.0
2010-03-28,1.2487597222222222,1.2833125,1.146725,1.166586111111111,1.4771046698872787,1.0879958333333333,1.264054833793421,0.13122865451309665,1.1753834137494745,0.21619321116685533,6,3,1,2010-03-25,2010-03-24,149.0,5.428025245666504,582.8300061225891,3.9116107793462356,3.7724592685699463,0.5274835649172516,3.5564916133880615,4.052265167236328,15.0,4.995246702232487,155.0,0.557283878326416,28.583008527755737,0.18440650663068217,0.1762228012084961,0.13069284926860178,0.06931376457214355,0.2733488082885742,16.0,4.763437703824992,0.557283878326416,0.5079874992370605,0.47266530990600586,0.46772241592407227,0.46030378341674805,0.01949703362349913,0.9115417096984793,0.04929637908935547,180.0,150.0,30.0,1.0,1.0
2010-03-29,1.126901388888889,1.2487597222222222,1.2833125,1.146725,1.1240208333333332,1.2443402777777777,1.231434126984127,0.09194263862240012,1.1868665486701093,0.21546282549573947,0,3,0,2010-03-25,2010-03-24,149.0,5.428025245666504,582.8300061225891,3.9116107793462356,3.7724592685699463,0.5274835649172516,3.5564916133880615,4.052265167236328,15.0,4.995246702232487,155.0,0.557283878326416,28.583008527755737,0.18440650663068217,0.1762228012084961,0.13069284926860178,0.06931376457214355,0.2733488082885742,16.0,4.763437703824992,0.557283878326416,0.5079874992370605,0.47266530990600586,0.46772241592407227,0.46030378341674805,0.01949703362349913,0.9115417096984793,0.04929637908935547,180.0,150.0,30.0,1.0,1.0
2010-03-30,1.3239263888888888,1.126901388888889,1.2487597222222222,1.2833125,1.265390277777778,1.0712847222222224,1.231845634920635,0.09138652808300843,1.1784780566066175,0.21533916626864083,1,3,0,2010-03-25,2010-03-24,149.0,5.428025245666504,582.8300061225891,3.9116107793462356,3.7724592685699463,0.5274835649172516,3.5564916133880615,4.052265167236328,15.0,4.995246702232487,155.0,0.557283878326416,28.583008527755737,0.18440650663068217,0.1762228012084961,0.13069284926860178,0.06931376457214355,0.2733488082885742,16.0,4.763437703824992,0.557283878326416,0.5079874992370605,0.47266530990600586,0.46772241592407227,0.46030378341674805,0.01949703362349913,0.9115417096984793,0.04929637908935547,180.0,150.0,30.0,1.0,1.0
2010-03-31,1.3359736111111111,1.3239263888888888,1.126901388888889,1.2487597222222222,1.3852444444444445,1.3952291666666665,1.2402079365079364,0.09744495083763023,1.1965238899399506,0.21624916396424962,2,3,0,2010-03-25,2010-03-24,149.0,5.428025245666504,582.8300061225891,3.9116107793462356,3.7724592685699463,0.5274835649172516,3.5564916133880615,4.052265167236328,15.0,4.995246702232487,155.0,0.557283878326416,28.583008527755737,0.18440650663068217,0.1762228012084961,0.13069284926860178,0.06931376457214355,0.2733488082885742,16.0,4.763437703824992,0.557283878326416,0.5079874992370605,0.47266530990600586,0.46772241592407227,0.46030378341674805,0.01949703362349913,0.9115417096984793,0.04929637908935547,180.0,150.0,30.0,1.0,1.0
2010-04-01,1.1718333333333333,1.3359736111111111,1.3239263888888888,1.126901388888889,1.166586111111111,1.0851958333333334,1.233169246031746,0.08637301306439796,1.192291350257411,0.21261010688463625,3,4,0,2010-04-01,2010-03-31,149.0,5.428025245666504,592.1218535900116,3.9739721717450442,3.852140188217163,0.5489641758937769,3.5990538597106934,4.124340534210205,15.0,4.9947349406357695,159.0,0.557283878326416,27.74943995475769,0.174524779589671,0.15430402755737305,0.13119949134151998,0.05653834342956543,0.27005910873413086,16.0,4.764642271226895,0.557283878326416,0.5079874992370605,0.47266530990600586,0.46772241592407227,0.46030378341674805,0.02008270722706491,0.9115417096984793,0.04929637908935547,180.0,150.0,30.0,1.0,1.0
2010-04-02,1.1448763888888889,1.1718333333333333,1.3359736111111111,1.3239263888888888,1.146725,1.1551277777777778,1.233918849206349,0.08571914538303581,1.198479743114554,0.21050355048504404,4,4,0,2010-04-01,2010-03-31,149.0,5.428025245666504,592.1218535900116,3.9739721717450442,3.852140188217163,0.5489641758937769,3.5990538597106934,4.124340534210205,15.0,4.9947349406357695,159.0,0.557283878326416,27.74943995475769,0.174524779589671,0.15430402755737305,0.13119949134151998,0.05653834342956543,0.27005910873413086,16.0,4.764642271226895,0.557283878326416,0.5079874992370605,0.47266530990600586,0.46772241592407227,0.46030378341674805,0.02008270722706491,0.9115417096984793,0.04929637908935547,180.0,150.0,30.0,1.0,1.0
2010-04-03,1.2536652777777777,1.1448763888888889,1.1718333333333333,1.3359736111111111,1.2833125,0.5678103448275862,1.2336547619047618,0.08603481419018223,1.1977475010510616,0.2106837042648841,5,4,1,2010-04-01,2010-03-31,149.0,5.428025245666504,592.1218535900116,3.9739721717450442,3.852140188217163,0.5489641758937769,3.5990538597106934,4.124340534210205,15.0,4.9947349406357695,159.0,0.557283878326416,27.74943995475769,0.174524779589671,0.15430402755737305,0.13119949134151998,0.05653834342956543,0.27005910873413086,16.0,4.764642271226895,0.557283878326416,0.5079874992370605,0.47266530990600586,0.46772241592407227,0.46030378341674805,0.02008270722706491,0.9115417096984793,0.04929637908935547,180.0,150.0,30.0,1.0,1.0
2010-04-04,1.1738805555555556,1.2536652777777777,1.1448763888888889,1.1718333333333333,1.2487597222222222,1.4771046698872787,1.2294194444444444,0.08388573568777574,1.2467371391189328,0.10732599304738481,6,4,1,2010-04-01,2010-03-31,149.0,5.428025245666504,592.1218535900116,3.9739721717450442,3.852140188217163,0.5489641758937769,3.5990538597106934,4.124340534210205,15.0,4.9947349406357695,159.0,0.557283878326416,27.74943995475769,0.174524779589671,0.15430402755737305,0.13119949134151998,0.05653834342956543,0.27005910873413086,16.0,4.764642271226895,0.557283878326416,0.5079874992370605,0.47266530990600586,0.46772241592407227,0.46030378341674805,0.02008270722706491,0.9115417096984793,0.04929637908935547,180.0,150.0,30.0,1.0,1.0
2010-04-05,0.7769583333333333,1.1738805555555556,1.2536652777777777,1.1448763888888889,1.126901388888889,1.1240208333333332,1.2187224206349205,0.08576172176161116,1.2250782738095238,0.08567231240750667,0,4,0,2010-04-01,2010-03-31,149.0,5.428025245666504,592.1218535900116,3.9739721717450442,3.852140188217163,0.5489641758937769,3.5990538597106934,4.124340534210205,15.0,4.9947349406357695,159.0,0.557283878326416,27.74943995475769,0.174524779589671,0.15430402755737305,0.13119949134151998,0.05653834342956543,0.27005910873413086,16.0,4.764642271226895,0.557283878326416,0.5079874992370605,0.47266530990600586,0.46772241592407227,0.46030378341674805,0.02008270722706491,0.9115417096984793,0.04929637908935547,180.0,150.0,30.0,1.0,1.0
2010-04-06,1.267952777777778,0.7769583333333333,1.1738805555555556,1.2536652777777777,1.3239263888888888,1.265390277777778,1.1687305555555556,0.1885738310126829,1.2002880952380952,0.1460800149282216,1,4,0,2010-04-01,2010-03-31,149.0,5.428025245666504,592.1218535900116,3.9739721717450442,3.852140188217163,0.5489641758937769,3.5990538597106934,4.124340534210205,15.0,4.9947349406357695,159.0,0.557283878326416,27.74943995475769,0.174524779589671,0.15430402755737305,0.13119949134151998,0.05653834342956543,0.27005910873413086,16.0,4.764642271226895,0.557283878326416,0.5079874992370605,0.47266530990600586,0.46772241592407227,0.46030378341674805,0.02008270722706491,0.9115417096984793,0.04929637908935547,180.0,150.0,30.0,1.0,1.0
2010-04-07,1.1090152777777778,1.267952777777778,0.7769583333333333,1.1738805555555556,1.3359736111111111,1.3852444444444445,1.1607343253968254,0.1819671505511493,1.200471130952381,0.14616943960331968,2,4,0,2010-04-01,2010-03-31,149.0,5.428025245666504,592.1218535900116,3.9739721717450442,3.852140188217163,0.5489641758937769,3.5990538597106934,4.124340534210205,15.0,4.9947349406357695,159.0,0.557283878326416,27.74943995475769,0.174524779589671,0.15430402755737305,0.13119949134151998,0.05653834342956543,0.27005910873413086,16.0,4.764642271226895,0.557283878326416,0.5079874992370605,0.47266530990600586,0.46772241592407227,0.46030378341674805,0.02008270722706491,0.9115417096984793,0.04929637908935547,180.0,150.0,30.0,1.0,1.0
2010-04-08,1.1452916666666666,1.1090152777777778,1.267952777777778,0.7769583333333333,1.1718333333333333,1.166586111111111,1.1283117063492063,0.16496450745834484,1.180740476190476,0.13770771145931934,3,4,0,2010-04-08,2010-04-07,149.0,5.227938652038574,591.6302361488342,3.9706727258311023,3.857041120529175,0.5068028292503113,3.6287593841552734,4.126096248626709,15.0,4.996035371164584,158.0,0.5079874992370605,27.781725645065308,0.1758337066143374,0.16571545600891113,0.1285872683140638,0.061204612255096436,0.2661947011947632,16.0,4.769849172219351,0.5079874992370605,0.47266530990600586,0.46772241592407227,0.46030378341674805,0.4523911476135254,0.018284951256341095,0.9304664201695817,0.03532218933105469,180.0,150.0,30.0,1.0,1.0
2010-04-09,0.8564930555555554,1.1452916666666666,1.1090152777777778,1.267952777777778,1.1448763888888889,1.146725,1.1245200396825397,0.16410021440677902,1.1792194444444444,0.13799338386023116,4,4,0,2010-04-08,2010-04-07,149.0,5.227938652038574,591.6302361488342,3.9706727258311023,3.857041120529175,0.5068028292503113,3.6287593841552734,4.126096248626709,15.0,4.996035371164584,158.0,0.5079874992370605,27.781725645065308,0.1758337066143374,0.16571545600891113,0.1285872683140638,0.061204612255096436,0.2661947011947632,16.0,4.769849172219351,0.5079874992370605,0.47266530990600586,0.46772241592407227,0.46030378341674805,0.4523911476135254,0.018284951256341095,0.9304664201695817,0.03532218933105469,180.0,150.0,30.0,1.0,1.0
2010-04-10,0.8265333333333333,0.8564930555555554,1.1452916666666666,1.1090152777777778,1.2536652777777777,1.2833125,1.0833224206349208,0.19197076981099254,1.158488591269841,0.1628184310106991,5,4,1,2010-04-08,2010-04-07,149.0,5.227938652038574,591.6302361488342,3.9706727258311023,3.857041120529175,0.5068028292503113,3.6287593841552734,4.126096248626709,15.0,4.996035371164584,158.0,0.5079874992370605,27.781725645065308,0.1758337066143374,0.16571545600891113,0.1285872683140638,0.061204612255096436,0.2661947011947632,16.0,4.769849172219351,0.5079874992370605,0.47266530990600586,0.46772241592407227,0.46030378341674805,0.4523911476135254,0.018284951256341095,0.9304664201695817,0.03532218933105469,180.0,150.0,30.0,1.0,1.0
2010-04-11,1.1138359972202918,0.8265333333333333,0.8564930555555554,1.1452916666666666,1.1738805555555556,1.2487597222222222,1.0223035714285715,0.1966288828560328,1.125861507936508,0.18066923716335903,6,4,1,2010-04-08,2010-04-07,149.0,5.227938652038574,591.6302361488342,3.9706727258311023,3.857041120529175,0.5068028292503113,3.6287593841552734,4.126096248626709,15.0,4.996035371164584,158.0,0.5079874992370605,27.781725645065308,0.1758337066143374,0.16571545600891113,0.1285872683140638,0.061204612255096436,0.2661947011947632,16.0,4.769849172219351,0.5079874992370605,0.47266530990600586,0.46772241592407227,0.46030378341674805,0.4523911476135254,0.018284951256341095,0.9304664201695817,0.03532218933105469,180.0,150.0,30.0,1.0,1.0
2010-04-12,0.9996013888888888,1.1138359972202918,0.8265333333333333,0.8564930555555554,0.7769583333333333,1.126901388888889,1.0137257773806767,0.19011621815723517,1.1162240990077985,0.17717400813559436,0,4,0,2010-04-08,2010-04-07,149.0,5.227938652038574,591.6302361488342,3.9706727258311023,3.857041120529175,0.5068028292503113,3.6287593841552734,4.126096248626709,15.0,4.996035371164584,158.0,0.5079874992370605,27.781725645065308,0.1758337066143374,0.16571545600891113,0.1285872683140638,0.061204612255096436,0.2661947011947632,16.0,4.769849172219351,0.5079874992370605,0.47266530990600586,0.46772241592407227,0.46030378341674805,0.4523911476135254,0.018284951256341095,0.9304664201695817,0.03532218933105469,180.0,150.0,30.0,1.0,1.0
2010-04-13,1.0504888888888888,0.9996013888888888,1.1138359972202918,0.8265333333333333,1.267952777777778,1.3239263888888888,1.0455319281743274,0.1601688253218322,1.1071312418649415,0.17983058487767367,1,4,0,2010-04-08,2010-04-07,149.0,5.227938652038574,591.6302361488342,3.9706727258311023,3.857041120529175,0.5068028292503113,3.6287593841552734,4.126096248626709,15.0,4.996035371164584,158.0,0.5079874992370605,27.781725645065308,0.1758337066143374,0.16571545600891113,0.1285872683140638,0.061204612255096436,0.2661947011947632,16.0,4.769849172219351,0.5079874992370605,0.47266530990600586,0.46772241592407227,0.46030378341674805,0.4523911476135254,0.018284951256341095,0.9304664201695817,0.03532218933105469,180.0,150.0,30.0,1.0,1.0
2010-04-14,1.1530305555555556,1.0504888888888888,0.9996013888888888,1.1138359972202918,1.1090152777777778,1.3359736111111111,1.0144656583330576,0.12762057102867042,1.0875999918649415,0.1689959386295001,2,4,0,2010-04-08,2010-04-07,149.0,5.227938652038574,591.6302361488342,3.9706727258311023,3.857041120529175,0.5068028292503113,3.6287593841552734,4.126096248626709,15.0,4.996035371164584,158.0,0.5079874992370605,27.781725645065308,0.1758337066143374,0.16571545600891113,0.1285872683140638,0.061204612255096436,0.2661947011947632,16.0,4.769849172219351,0.5079874992370605,0.47266530990600586,0.46772241592407227,0.46030378341674805,0.4523911476135254,0.018284951256341095,0.9304664201695817,0.03532218933105469,180.0,150.0,30.0,1.0,1.0
2010-04-15,1.3001236111111112,1.1530305555555556,1.0504888888888888,0.9996013888888888,1.1452916666666666,1.1718333333333333,1.0207535551584543,0.13398127828036013,1.0745326307538303,0.1547892551205748,3,4,0,2010-04-15,2010-04-14,149.0,5.0540690422058105,583.2941370010376,3.914725751684816,3.857041120529175,0.46600882669259297,3.6078598499298096,4.125542163848877,15.0,4.996977255098614,157.0,0.5079874992370605,26.63671851158142,0.16966062746230204,0.15421199798583984,0.12571312951164876,0.059201717376708984,0.2661142349243164,16.0,4.7550330532631975,0.5079874992370605,0.47266530990600586,0.46772241592407227,0.46030378341674805,0.4523911476135254,0.019070948961531876,0.9304664201695817,0.03532218933105469,180.0,150.0,30.0,1.0,1.0
2010-04-16,1.0847652777777776,1.3001236111111112,1.1530305555555556,1.0504888888888888,0.8564930555555554,1.1448763888888889,1.0428724043648037,0.1667428559645573,1.0836962220236717,0.1644862724075302,4,4,0,2010-04-15,2010-04-14,149.0,5.0540690422058105,583.2941370010376,3.914725751684816,3.857041120529175,0.46600882669259297,3.6078598499298096,4.125542163848877,15.0,4.996977255098614,157.0,0.5079874992370605,26.63671851158142,0.16966062746230204,0.15421199798583984,0.12571312951164876,0.059201717376708984,0.2661142349243164,16.0,4.7550330532631975,0.5079874992370605,0.47266530990600586,0.46772241592407227,0.46030378341674805,0.4523911476135254,0.019070948961531876,0.9304664201695817,0.03532218933105469,180.0,150.0,30.0,1.0,1.0
2010-04-17,1.0817444444444444,1.0847652777777776,1.3001236111111112,1.1530305555555556,0.8265333333333333,1.2536652777777777,1.075482721825121,0.14513947409159045,1.0794025712300208,0.16354829291008424,5,4,1,2010-04-15,2010-04-14,149.0,5.0540690422058105,583.2941370010376,3.914725751684816,3.857041120529175,0.46600882669259297,3.6078598499298096,4.125542163848877,15.0,4.996977255098614,157.0,0.5079874992370605,26.63671851158142,0.16966062746230204,0.15421199798583984,0.12571312951164876,0.059201717376708984,0.2661142349243164,16.0,4.7550330532631975,0.5079874992370605,0.47266530990600586,0.46772241592407227,0.46030378341674805,0.4523911476135254,0.019070948961531876,0.9304664201695817,0.03532218933105469,180.0,150.0,30.0,1.0,1.0
2010-04-18,1.0250736111111112,1.0817444444444444,1.0847652777777776,1.3001236111111112,1.1138359972202918,1.1738805555555556,1.1119414519838513,0.09587451846356115,1.0671225117062113,0.15572445311894342,6,4,1,2010-04-15,2010-04-14,149.0,5.0540690422058105,583.2941370010376,3.914725751684816,3.857041120529175,0.46600882669259297,3.6078598499298096,4.125542163848877,15.0,4.996977255098614,157.0,0.5079874992370605,26.63671851158142,0.16966062746230204,0.15421199798583984,0.12571312951164876,0.059201717376708984,0.2661142349243164,16.0,4.7550330532631975,0.5079874992370605,0.47266530990600586,0.46772241592407227,0.46030378341674805,0.4523911476135254,0.019070948961531876,0.9304664201695817,0.03532218933105469,180.0,150.0,30.0,1.0,1.0
2010-04-19,1.186523611111111,1.0250736111111112,1.0817444444444444,1.0847652777777776,0.9996013888888888,0.7769583333333333,1.099261111111111,0.10129859731458493,1.0564934442458938,0.15293048193244707,0,4,0,2010-04-15,2010-04-14,149.0,5.0540690422058105,583.2941370010376,3.914725751684816,3.857041120529175,0.46600882669259297,3.6078598499298096,4.125542163848877,15.0,4.996977255098614,157.0,0.5079874992370605,26.63671851158142,0.16966062746230204,0.15421199798583984,0.12571312951164876,0.059201717376708984,0.2661142349243164,16.0,4.7550330532631975,0.5079874992370605,0.47266530990600586,0.46772241592407227,0.46030378341674805,0.4523911476135254,0.019070948961531876,0.9304664201695817,0.03532218933105469,180.0,150.0,30.0,1.0,1.0
2010-04-20,1.2733527777777778,1.186523611111111,1.0250736111111112,1.0817444444444444,1.0504888888888888,1.267952777777778,1.1259642857142858,0.09509618099853909,1.0857481069443067,0.13325129295401114,1,4,0,2010-04-15,2010-04-14,149.0,5.0540690422058105,583.2941370010376,3.914725751684816,3.857041120529175,0.46600882669259297,3.6078598499298096,4.125542163848877,15.0,4.996977255098614,157.0,0.5079874992370605,26.63671851158142,0.16966062746230204,0.15421199798583984,0.12571312951164876,0.059201717376708984,0.2661142349243164,16.0,4.7550330532631975,0.5079874992370605,0.47266530990600586,0.46772241592407227,0.46030378341674805,0.4523911476135254,0.019070948961531876,0.9304664201695817,0.03532218933105469,180.0,150.0,30.0,1.0,1.0
2010-04-21,1.0971625,1.2733527777777778,1.186523611111111,1.0250736111111112,1.1530305555555556,1.1090152777777778,1.157801984126984,0.102624770099877,1.086133821230021,0.13382585686364737,2,4,0,2010-04-15,2010-04-14,149.0,5.0540690422058105,583.2941370010376,3.914725751684816,3.857041120529175,0.46600882669259297,3.6078598499298096,4.125542163848877,15.0,4.996977255098614,157.0,0.5079874992370605,26.63671851158142,0.16966062746230204,0.15421199798583984,0.12571312951164876,0.059201717376708984,0.2661142349243164,16.0,4.7550330532631975,0.5079874992370605,0.47266530990600586,0.46772241592407227,0.46030378341674805,0.4523911476135254,0.019070948961531876,0.9304664201695817,0.03532218933105469,180.0,150.0,30.0,1.0,1.0
2010-04-22,1.0145166666666667,1.0971625,1.2733527777777778,1.186523611111111,1.3001236111111112,1.1452916666666666,1.1498208333333333,0.10519786892403683,1.0852871942458937,0.13370740597661046,3,4,0,2010-04-22,2010-04-21,149.0,5.017887115478516,568.7601568698883,3.8171822608717334,3.8106446266174316,0.47298727068043595,3.5432369709014893,4.118770122528076,15.0,4.996202327989959,140.0,0.6075174808502197,24.34684157371521,0.17390601124082292,0.1512746810913086,0.13417163380088937,0.05112802982330322,0.26614105701446533,14.0,4.626316736968631,0.6075174808502197,0.5079874992370605,0.47266530990600586,0.46772241592407227,0.46030378341674805,0.024952619788929587,0.8361693535569262,0.09952998161315918,180.0,150.0,30.0,1.0,1.0
2010-04-23,0.8198166666666667,1.0145166666666667,1.0971625,1.2733527777777778,1.0847652777777776,0.8564930555555554,1.109019841269841,0.09170859246642867,1.0759461228173224,0.13376100029996077,4,4,0,2010-04-22,2010-04-21,149.0,5.017887115478516,568.7601568698883,3.8171822608717334,3.8106446266174316,0.47298727068043595,3.5432369709014893,4.118770122528076,15.0,4.996202327989959,140.0,0.6075174808502197,24.34684157371521,0.17390601124082292,0.1512746810913086,0.13417163380088937,0.05112802982330322,0.26614105701446533,14.0,4.626316736968631,0.6075174808502197,0.5079874992370605,0.47266530990600586,0.46772241592407227,0.46030378341674805,0.024952619788929587,0.8361693535569262,0.09952998161315918,180.0,150.0,30.0,1.0,1.0
2010-04-24,1.0544569444444443,0.8198166666666667,1.0145166666666667,1.0971625,1.0817444444444444,0.8265333333333333,1.0711700396825397,0.143460061563034,1.0733263807538302,0.1386591378205848,5,4,1,2010-04-22,2010-04-21,149.0,5.017887115478516,568.7601568698883,3.8171822608717334,3.8106446266174316,0.47298727068043595,3.5432369709014893,4.118770122528076,15.0,4.996202327989959,140.0,0.6075174808502197,24.34684157371521,0.17390601124082292,0.1512746810913086,0.13417163380088937,0.05112802982330322,0.26614105701446533,14.0,4.626316736968631,0.6075174808502197,0.5079874992370605,0.47266530990600586,0.46772241592407227,0.46030378341674805,0.024952619788929587,0.8361693535569262,0.09952998161315918,180.0,150.0,30.0,1.0,1.0
2010-04-25,1.071348611111111,1.0544569444444443,0.8198166666666667,1.0145166666666667,1.0250736111111112,1.1138359972202918,1.0672718253968252,0.14349557053330053,1.0896066386903382,0.11951222232563366,6,4,1,2010-04-22,2010-04-21,149.0,5.017887115478516,568.7601568698883,3.8171822608717334,3.8106446266174316,0.47298727068043595,3.5432369709014893,4.118770122528076,15.0,4.996202327989959,140.0,0.6075174808502197,24.34684157371521,0.17390601124082292,0.1512746810913086,0.13417163380088937,0.05112802982330322,0.26614105701446533,14.0,4.626316736968631,0.6075174808502197,0.5079874992370605,0.47266530990600586,0.46772241592407227,0.46030378341674805,0.024952619788929587,0.8361693535569262,0.09952998161315918,180.0,150.0,30.0,1.0,1.0
2010-04-26,0.751886111111111,1.071348611111111,1.0544569444444443,0.8198166666666667,1.186523611111111,0.9996013888888888,1.0738825396825395,0.14228837658393514,1.0865718253968255,0.11938901482126274,0,4,0,2010-04-22,2010-04-21,149.0,5.017887115478516,568.7601568698883,3.8171822608717334,3.8106446266174316,0.47298727068043595,3.5432369709014893,4.118770122528076,15.0,4.996202327989959,140.0,0.6075174808502197,24.34684157371521,0.17390601124082292,0.1512746810913086,0.13417163380088937,0.05112802982330322,0.26614105701446533,14.0,4.626316736968631,0.6075174808502197,0.5079874992370605,0.47266530990600586,0.46772241592407227,0.46030378341674805,0.024952619788929587,0.8361693535569262,0.09952998161315918,180.0,150.0,30.0,1.0,1.0
2010-04-27,0.8687083333333334,0.751886111111111,1.071348611111111,1.0544569444444443,1.2733527777777778,1.0504888888888888,1.0117914682539682,0.17582305198100526,1.068877876984127,0.14815952638298951,1,4,0,2010-04-22,2010-04-21,149.0,5.017887115478516,568.7601568698883,3.8171822608717334,3.8106446266174316,0.47298727068043595,3.5432369709014893,4.118770122528076,15.0,4.996202327989959,140.0,0.6075174808502197,24.34684157371521,0.17390601124082292,0.1512746810913086,0.13417163380088937,0.05112802982330322,0.26614105701446533,14.0,4.626316736968631,0.6075174808502197,0.5079874992370605,0.47266530990600586,0.46772241592407227,0.46030378341674805,0.024952619788929587,0.8361693535569262,0.09952998161315918,180.0,150.0,30.0,1.0,1.0
2010-04-28,0.6026791666666667,0.8687083333333334,0.751886111111111,1.071348611111111,1.0971625,1.1530305555555556,0.9539851190476191,0.13793109417775234,1.0558935515873016,0.15756209564497328,2,4,0,2010-04-22,2010-04-21,149.0,5.017887115478516,568.7601568698883,3.8171822608717334,3.8106446266174316,0.47298727068043595,3.5432369709014893,4.118770122528076,15.0,4.996202327989959,140.0,0.6075174808502197,24.34684157371521,0.17390601124082292,0.1512746810913086,0.13417163380088937,0.05112802982330322,0.26614105701446533,14.0,4.626316736968631,0.6075174808502197,0.5079874992370605,0.47266530990600586,0.46772241592407227,0.46030378341674805,0.024952619788929587,0.8361693535569262,0.09952998161315918,180.0,150.0,30.0,1.0,1.0
2010-04-29,0.7664749999999999,0.6026791666666667,0.8687083333333334,0.751886111111111,1.0145166666666667,1.3001236111111112,0.8833446428571428,0.1742294904589032,1.0165827380952381,0.19554037595022447,3,4,0,2010-04-29,2010-04-28,149.0,4.908271312713623,554.8817481994629,3.724038578519885,3.8080925941467285,0.5660127594850158,3.366177797317505,4.118646144866943,15.0,4.991867555521674,126.0,0.5079874992370605,20.8314208984375,0.1653287372891865,0.1436401605606079,0.1316585481574477,0.04556906223297119,0.2503255009651184,13.0,4.502305069311031,0.5079874992370605,0.47266530990600586,0.46772241592407227,0.46030378341674805,0.4523911476135254,0.024385638488787057,0.9304664201695817,0.03532218933105469,180.0,150.0,30.0,1.0,1.0
2010-04-30,0.776825,0.7664749999999999,0.6026791666666667,0.8687083333333334,0.8198166666666667,1.0847652777777776,0.8479101190476189,0.1682253782486604,0.9784649801587302,0.1878799673176883,4,4,0,2010-04-29,2010-04-28,149.0,4.908271312713623,554.8817481994629,3.724038578519885,3.8080925941467285,0.5660127594850158,3.366177797317505,4.118646144866943,15.0,4.991867555521674,126.0,0.5079874992370605,20.8314208984375,0.1653287372891865,0.1436401605606079,0.1316585481574477,0.04556906223297119,0.2503255009651184,13.0,4.502305069311031,0.5079874992370605,0.47266530990600586,0.46772241592407227,0.46030378341674805,0.4523911476135254,0.024385638488787057,0.9304664201695817,0.03532218933105469,180.0,150.0,30.0,1.0,1.0
2010-05-01,0.9167763888888888,0.776825,0.7664749999999999,0.6026791666666667,1.0544569444444443,1.0817444444444444,0.8417684523809523,0.17019522071171253,0.956469246031746,0.1924479996495295,5,5,1,2010-04-29,2010-04-28,149.0,4.908271312713623,554.8817481994629,3.724038578519885,3.8080925941467285,0.5660127594850158,3.366177797317505,4.118646144866943,15.0,4.991867555521674,126.0,0.5079874992370605,20.8314208984375,0.1653287372891865,0.1436401605606079,0.1316585481574477,0.04556906223297119,0.2503255009651184,13.0,4.502305069311031,0.5079874992370605,0.47266530990600586,0.46772241592407227,0.46030378341674805,0.4523911476135254,0.024385638488787057,0.9304664201695817,0.03532218933105469,180.0,150.0,30.0,1.0,1.0
2010-05-02,1.5193819444444443,0.9167763888888888,0.776825,0.7664749999999999,1.071348611111111,1.0250736111111112,0.8220998015873014,0.148031688067842,0.9446858134920635,0.18921066424152533,6,5,1,2010-04-29,2010-04-28,149.0,4.908271312713623,554.8817481994629,3.724038578519885,3.8080925941467285,0.5660127594850158,3.366177797317505,4.118646144866943,15.0,4.991867555521674,126.0,0.5079874992370605,20.8314208984375,0.1653287372891865,0.1436401605606079,0.1316585481574477,0.04556906223297119,0.2503255009651184,13.0,4.502305069311031,0.5079874992370605,0.47266530990600586,0.46772241592407227,0.46030378341674805,0.4523911476135254,0.024385638488787057,0.9304664201695817,0.03532218933105469,180.0,150.0,30.0,1.0,1.0
2010-05-03,0.9800708333333332,1.5193819444444443,0.9167763888888888,0.776825,0.751886111111111,1.186523611111111,0.8861045634920635,0.29633354937364825,0.9799935515873015,0.24365317670967626,0,5,0,2010-04-29,2010-04-28,149.0,4.908271312713623,554.8817481994629,3.724038578519885,3.8080925941467285,0.5660127594850158,3.366177797317505,4.118646144866943,15.0,4.991867555521674,126.0,0.5079874992370605,20.8314208984375,0.1653287372891865,0.1436401605606079,0.1316585481574477,0.04556906223297119,0.2503255009651184,13.0,4.502305069311031,0.5079874992370605,0.47266530990600586,0.46772241592407227,0.46030378341674805,0.4523911476135254,0.024385638488787057,0.9304664201695817,0.03532218933105469,180.0,150.0,30.0,1.0,1.0
2010-05-04,1.0534444444444444,0.9800708333333332,1.5193819444444443,0.9167763888888888,0.8687083333333334,1.2733527777777778,0.9187023809523808,0.2916213806440406,0.9652469246031746,0.2363293294001064,1,5,0,2010-04-29,2010-04-28,149.0,4.908271312713623,554.8817481994629,3.724038578519885,3.8080925941467285,0.5660127594850158,3.366177797317505,4.118646144866943,15.0,4.991867555521674,126.0,0.5079874992370605,20.8314208984375,0.1653287372891865,0.1436401605606079,0.1316585481574477,0.04556906223297119,0.2503255009651184,13.0,4.502305069311031,0.5079874992370605,0.47266530990600586,0.46772241592407227,0.46030378341674805,0.4523911476135254,0.024385638488787057,0.9304664201695817,0.03532218933105469,180.0,150.0,30.0,1.0,1.0
2010-05-05,1.253686111111111,1.0534444444444444,0.9800708333333332,1.5193819444444443,0.6026791666666667,1.0971625,0.9450932539682538,0.29468594851677926,0.9495391865079365,0.22109265346175794,2,5,0,2010-04-29,2010-04-28,149.0,4.908271312713623,554.8817481994629,3.724038578519885,3.8080925941467285,0.5660127594850158,3.366177797317505,4.118646144866943,15.0,4.991867555521674,126.0,0.5079874992370605,20.8314208984375,0.1653287372891865,0.1436401605606079,0.1316585481574477,0.04556906223297119,0.2503255009651184,13.0,4.502305069311031,0.5079874992370605,0.47266530990600586,0.46772241592407227,0.46030378341674805,0.4523911476135254,0.024385638488787057,0.9304664201695817,0.03532218933105469,180.0,150.0,30.0,1.0,1.0
2010-05-06,0.9022569444444445,1.253686111111111,1.0534444444444444,0.9800708333333332,0.7664749999999999,1.0145166666666667,1.038094246031746,0.2703321112208902,0.9607194444444443,0.23278055580734763,3,5,0,2010-05-06,2010-05-05,149.0,4.908271312713623,548.6514024734497,3.682224177674159,3.8080925941467285,0.6026295049577302,3.295321226119995,4.118646144866943,15.0,4.989905276418911,118.0,0.5079874992370605,18.478219747543335,0.15659508260629945,0.12233555316925049,0.13283191022660998,0.03735935688018799,0.23696929216384888,12.0,4.407879072098212,0.5079874992370605,0.47266530990600586,0.46772241592407227,0.46030378341674805,0.4523911476135254,0.027491149373553538,0.9304664201695817,0.03532218933105469,180.0,150.0,30.0,1.0,1.0
2010-05-07,1.1416694444444444,0.9022569444444445,1.253686111111111,1.0534444444444444,0.776825,0.8198166666666667,1.0574916666666667,0.2518324973534035,0.9527008928571429,0.2327183499953601,4,5,0,2010-05-06,2010-05-05,149.0,4.908271312713623,548.6514024734497,3.682224177674159,3.8080925941467285,0.6026295049577302,3.295321226119995,4.118646144866943,15.0,4.989905276418911,118.0,0.5079874992370605,18.478219747543335,0.15659508260629945,0.12233555316925049,0.13283191022660998,0.03735935688018799,0.23696929216384888,12.0,4.407879072098212,0.5079874992370605,0.47266530990600586,0.46772241592407227,0.46030378341674805,0.4523911476135254,0.027491149373553538,0.9304664201695817,0.03532218933105469,180.0,150.0,30.0,1.0,1.0
2010-05-08,1.0648763888888888,1.1416694444444444,0.9022569444444445,1.253686111111111,0.9167763888888888,1.0544569444444443,1.1096123015873014,0.21977785630860303,0.975690376984127,0.23447215057068252,5,5,1,2010-05-06,2010-05-05,149.0,4.908271312713623,548.6514024734497,3.682224177674159,3.8080925941467285,0.6026295049577302,3.295321226119995,4.118646144866943,15.0,4.989905276418911,118.0,0.5079874992370605,18.478219747543335,0.15659508260629945,0.12233555316925049,0.13283191022660998,0.03735935688018799,0.23696929216384888,12.0,4.407879072098212,0.5079874992370605,0.47266530990600586,0.46772241592407227,0.46030378341674805,0.4523911476135254,0.027491149373553538,0.9304664201695817,0.03532218933105469,180.0,150.0,30.0,1.0,1.0
2010-05-09,1.0878541666666666,1.0648763888888888,1.1416694444444444,0.9022569444444445,1.5193819444444443,1.071348611111111,1.1307694444444443,0.20473400488732432,0.976434623015873,0.2347577605912996,6,5,1,2010-05-06,2010-05-05,149.0,4.908271312713623,548.6514024734497,3.682224177674159,3.8080925941467285,0.6026295049577302,3.295321226119995,4.118646144866943,15.0,4.989905276418911,118.0,0.5079874992370605,18.478219747543335,0.15659508260629945,0.12233555316925049,0.13283191022660998,0.03735935688018799,0.23696929216384888,12.0,4.407879072098212,0.5079874992370605,0.47266530990600586,0.46772241592407227,0.46030378341674805,0.4523911476135254,0.027491149373553538,0.9304664201695817,0.03532218933105469,180.0,150.0,30.0,1.0,1.0
2010-05-10,1.0193694444444446,1.0878541666666666,1.0648763888888888,1.1416694444444444,0.9800708333333332,0.751886111111111,1.0691226190476188,0.11233566136299071,0.9776135912698413,0.2353118830725821,0,5,0,2010-05-06,2010-05-05,149.0,4.908271312713623,548.6514024734497,3.682224177674159,3.8080925941467285,0.6026295049577302,3.295321226119995,4.118646144866943,15.0,4.989905276418911,118.0,0.5079874992370605,18.478219747543335,0.15659508260629945,0.12233555316925049,0.13283191022660998,0.03735935688018799,0.23696929216384888,12.0,4.407879072098212,0.5079874992370605,0.47266530990600586,0.46772241592407227,0.46030378341674805,0.4523911476135254,0.027491149373553538,0.9304664201695817,0.03532218933105469,180.0,150.0,30.0,1.0,1.0
2010-05-11,1.0912277777777777,1.0193694444444446,1.0878541666666666,1.0648763888888888,1.0534444444444444,0.8687083333333334,1.0747367063492064,0.10804346108067289,0.9967195436507935,0.22625921183852943,1,5,0,2010-05-06,2010-05-05,149.0,4.908271312713623,548.6514024734497,3.682224177674159,3.8080925941467285,0.6026295049577302,3.295321226119995,4.118646144866943,15.0,4.989905276418911,118.0,0.5079874992370605,18.478219747543335,0.15659508260629945,0.12233555316925049,0.13283191022660998,0.03735935688018799,0.23696929216384888,12.0,4.407879072098212,0.5079874992370605,0.47266530990600586,0.46772241592407227,0.46030378341674805,0.4523911476135254,0.027491149373553538,0.9304664201695817,0.03532218933105469,180.0,150.0,30.0,1.0,1.0
2010-05-12,1.4134847222222222,1.0912277777777777,1.0193694444444446,1.0878541666666666,1.253686111111111,0.6026791666666667,1.0801343253968254,0.10774583663565547,1.0126137896825396,0.22438294186455768,2,5,0,2010-05-06,2010-05-05,149.0,4.908271312713623,548.6514024734497,3.682224177674159,3.8080925941467285,0.6026295049577302,3.295321226119995,4.118646144866943,15.0,4.989905276418911,118.0,0.5079874992370605,18.478219747543335,0.15659508260629945,0.12233555316925049,0.13283191022660998,0.03735935688018799,0.23696929216384888,12.0,4.407879072098212,0.5079874992370605,0.47266530990600586,0.46772241592407227,0.46030378341674805,0.4523911476135254,0.027491149373553538,0.9304664201695817,0.03532218933105469,180.0,150.0,30.0,1.0,1.0
2010-05-13,1.0788714384989577,1.4134847222222222,1.0912277777777777,1.0193694444444446,0.9022569444444445,0.7664749999999999,1.1029626984126983,0.15652971725898893,1.0705284722222221,0.21487272133377586,3,5,0,2010-05-13,2010-05-12,149.0,4.908271312713623,543.5824089050293,3.648204086610935,3.841733932495117,0.6291072279839258,3.1456940174102783,4.091457366943359,15.0,4.988413462632312,119.0,0.5079874992370605,17.62229037284851,0.14808647372141606,0.10545635223388672,0.13340353988847614,0.044499993324279785,0.21549320220947266,12.0,4.393345685821538,0.5079874992370605,0.4918198585510254,0.47965335845947266,0.47266530990600586,0.4523911476135254,0.02882641747974717,0.9681731524686786,0.016167640686035156,180.0,150.0,30.0,1.0,1.0
2010-05-14,1.1959347222222223,1.0788714384989577,1.4134847222222222,1.0912277777777777,1.1416694444444444,0.776825,1.128193340420486,0.13092670110056812,1.0928425035435763,0.19628550439377293,4,5,0,2010-05-13,2010-05-12,149.0,4.908271312713623,543.5824089050293,3.648204086610935,3.841733932495117,0.6291072279839258,3.1456940174102783,4.091457366943359,15.0,4.988413462632312,119.0,0.5079874992370605,17.62229037284851,0.14808647372141606,0.10545635223388672,0.13340353988847614,0.044499993324279785,0.21549320220947266,12.0,4.393345685821538,0.5079874992370605,0.4918198585510254,0.47965335845947266,0.47266530990600586,0.4523911476135254,0.02882641747974717,0.9681731524686786,0.016167640686035156,180.0,150.0,30.0,1.0,1.0
2010-05-15,1.3505361111111112,1.1959347222222223,1.0788714384989577,1.4134847222222222,1.0648763888888888,0.9167763888888888,1.1359455229601687,0.13344001240027256,1.122778912273735,0.17520938970172792,5,5,1,2010-05-13,2010-05-12,149.0,4.908271312713623,543.5824089050293,3.648204086610935,3.841733932495117,0.6291072279839258,3.1456940174102783,4.091457366943359,15.0,4.988413462632312,119.0,0.5079874992370605,17.62229037284851,0.14808647372141606,0.10545635223388672,0.13340353988847614,0.044499993324279785,0.21549320220947266,12.0,4.393345685821538,0.5079874992370605,0.4918198585510254,0.47965335845947266,0.47266530990600586,0.4523911476135254,0.02882641747974717,0.9681731524686786,0.016167640686035156,180.0,150.0,30.0,1.0,1.0
2010-05-16,1.4586291666666666,1.3505361111111112,1.1959347222222223,1.0788714384989577,1.0878541666666666,1.5193819444444443,1.1767540547062005,0.15065322560921612,1.1537617495753223,0.17432848926340758,6,5,1,2010-05-13,2010-05-12,149.0,4.908271312713623,543.5824089050293,3.648204086610935,3.841733932495117,0.6291072279839258,3.1456940174102783,4.091457366943359,15.0,4.988413462632312,119.0,0.5079874992370605,17.62229037284851,0.14808647372141606,0.10545635223388672,0.13340353988847614,0.044499993324279785,0.21549320220947266,12.0,4.393345685821538,0.5079874992370605,0.4918198585510254,0.47965335845947266,0.47266530990600586,0.4523911476135254,0.02882641747974717,0.9681731524686786,0.016167640686035156,180.0,150.0,30.0,1.0,1.0
2010-05-17,1.1306819444444445,1.4586291666666666,1.3505361111111112,1.1959347222222223,1.0193694444444446,0.9800708333333332,1.2297219118490577,0.1770544161813493,1.1494222654483384,0.16503562962355975,0,5,0,2010-05-13,2010-05-12,149.0,4.908271312713623,543.5824089050293,3.648204086610935,3.841733932495117,0.6291072279839258,3.1456940174102783,4.091457366943359,15.0,4.988413462632312,119.0,0.5079874992370605,17.62229037284851,0.14808647372141606,0.10545635223388672,0.13340353988847614,0.044499993324279785,0.21549320220947266,12.0,4.393345685821538,0.5079874992370605,0.4918198585510254,0.47965335845947266,0.47266530990600586,0.4523911476135254,0.02882641747974717,0.9681731524686786,0.016167640686035156,180.0,150.0,30.0,1.0,1.0
2010-05-18,0.9869333333333333,1.1306819444444445,1.4586291666666666,1.3505361111111112,1.0912277777777777,1.0534444444444444,1.245623697563343,0.1591017938375134,1.1601802019562746,0.1579018426572916,1,5,0,2010-05-13,2010-05-12,149.0,4.908271312713623,543.5824089050293,3.648204086610935,3.841733932495117,0.6291072279839258,3.1456940174102783,4.091457366943359,15.0,4.988413462632312,119.0,0.5079874992370605,17.62229037284851,0.14808647372141606,0.10545635223388672,0.13340353988847614,0.044499993324279785,0.21549320220947266,12.0,4.393345685821538,0.5079874992370605,0.4918198585510254,0.47965335845947266,0.47266530990600586,0.4523911476135254,0.02882641747974717,0.9681731524686786,0.016167640686035156,180.0,150.0,30.0,1.0,1.0
2010-05-19,0.9908,0.9869333333333333,1.1306819444444445,1.4586291666666666,1.4134847222222222,1.253686111111111,1.2307244912141366,0.17954061047761966,1.155429408305481,0.16229954971287874,2,5,0,2010-05-13,2010-05-12,149.0,4.908271312713623,543.5824089050293,3.648204086610935,3.841733932495117,0.6291072279839258,3.1456940174102783,4.091457366943359,15.0,4.988413462632312,119.0,0.5079874992370605,17.62229037284851,0.14808647372141606,0.10545635223388672,0.13340353988847614,0.044499993324279785,0.21549320220947266,12.0,4.393345685821538,0.5079874992370605,0.4918198585510254,0.47965335845947266,0.47266530990600586,0.4523911476135254,0.02882641747974717,0.9681731524686786,0.016167640686035156,180.0,150.0,30.0,1.0,1.0
2010-05-20,0.8013180555555555,0.9908,0.9869333333333333,1.1306819444444445,1.0788714384989577,0.9022569444444445,1.170340959468105,0.17890791298291867,1.1366518289404017,0.16523804914273382,3,5,0,2010-05-20,2010-05-19,149.0,4.908271312713623,540.7094039916992,3.6289221744409343,3.880934953689575,0.6381052902131256,2.9754648208618164,4.059036731719971,15.0,4.987778590131034,126.0,0.5079874992370605,17.50369429588318,0.13891820869748556,0.11052393913269043,0.12315896047717911,0.04527485370635986,0.19482827186584473,13.0,4.463073959134483,0.5079874992370605,0.48528623580932617,0.47266530990600586,0.4409027099609375,0.4261631965637207,0.029021730535852528,0.9553113738786307,0.022701263427734375,180.0,150.0,30.0,1.0,1.0
2010-05-21,0.898886111111111,0.8013180555555555,0.9908,0.9869333333333333,1.1959347222222223,1.1416694444444444,1.1306904761904761,0.22688262477328783,1.129441908305481,0.17796434038122858,4,5,0,2010-05-20,2010-05-19,149.0,4.908271312713623,540.7094039916992,3.6289221744409343,3.880934953689575,0.6381052902131256,2.9754648208618164,4.059036731719971,15.0,4.987778590131034,126.0,0.5079874992370605,17.50369429588318,0.13891820869748556,0.11052393913269043,0.12315896047717911,0.04527485370635986,0.19482827186584473,13.0,4.463073959134483,0.5079874992370605,0.48528623580932617,0.47266530990600586,0.4409027099609375,0.4261631965637207,0.029021730535852528,0.9553113738786307,0.022701263427734375,180.0,150.0,30.0,1.0,1.0
2010-05-22,1.4553972222222222,0.898886111111111,0.8013180555555555,0.9908,1.3505361111111112,1.0648763888888888,1.0882549603174605,0.24004353546868373,1.1121002416388144,0.18821493015989998,5,5,1,2010-05-20,2010-05-19,149.0,4.908271312713623,540.7094039916992,3.6289221744409343,3.880934953689575,0.6381052902131256,2.9754648208618164,4.059036731719971,15.0,4.987778590131034,126.0,0.5079874992370605,17.50369429588318,0.13891820869748556,0.11052393913269043,0.12315896047717911,0.04527485370635986,0.19482827186584473,13.0,4.463073959134483,0.5079874992370605,0.48528623580932617,0.47266530990600586,0.4409027099609375,0.4261631965637207,0.029021730535852528,0.9553113738786307,0.022701263427734375,180.0,150.0,30.0,1.0,1.0
2010-05-23,1.033025,1.4553972222222222,0.898886111111111,0.8013180555555555,1.4586291666666666,1.0878541666666666,1.103235119047619,0.2614563685230831,1.1399945868769097,0.20852090483980024,6,5,1,2010-05-20,2010-05-19,149.0,4.908271312713623,540.7094039916992,3.6289221744409343,3.880934953689575,0.6381052902131256,2.9754648208618164,4.059036731719971,15.0,4.987778590131034,126.0,0.5079874992370605,17.50369429588318,0.13891820869748556,0.11052393913269043,0.12315896047717911,0.04527485370635986,0.19482827186584473,13.0,4.463073959134483,0.5079874992370605,0.48528623580932617,0.47266530990600586,0.4409027099609375,0.4261631965637207,0.029021730535852528,0.9553113738786307,0.022701263427734375,180.0,150.0,30.0,1.0,1.0
2010-05-24,0.9314805555555556,1.033025,1.4553972222222222,0.898886111111111,1.1306819444444445,1.0193694444444446,1.0424345238095238,0.20932595830114323,1.1360782178292905,0.21008454683831704,0,5,0,2010-05-20,2010-05-19,149.0,4.908271312713623,540.7094039916992,3.6289221744409343,3.880934953689575,0.6381052902131256,2.9754648208618164,4.059036731719971,15.0,4.987778590131034,126.0,0.5079874992370605,17.50369429588318,0.13891820869748556,0.11052393913269043,0.12315896047717911,0.04527485370635986,0.19482827186584473,13.0,4.463073959134483,0.5079874992370605,0.48528623580932617,0.47266530990600586,0.4409027099609375,0.4261631965637207,0.029021730535852528,0.9553113738786307,0.022701263427734375,180.0,150.0,30.0,1.0,1.0
2010-05-25,0.8323791666666667,0.9314805555555556,1.033025,1.4553972222222222,0.9869333333333333,1.0912277777777777,1.0139771825396824,0.20886940689886394,1.129800440051513,0.21509376083872303,1,5,0,2010-05-20,2010-05-19,149.0,4.908271312713623,540.7094039916992,3.6289221744409343,3.880934953689575,0.6381052902131256,2.9754648208618164,4.059036731719971,15.0,4.987778590131034,126.0,0.5079874992370605,17.50369429588318,0.13891820869748556,0.11052393913269043,0.12315896047717911,0.04527485370635986,0.19482827186584473,13.0,4.463073959134483,0.5079874992370605,0.48528623580932617,0.47266530990600586,0.4409027099609375,0.4261631965637207,0.029021730535852528,0.9553113738786307,0.022701263427734375,180.0,150.0,30.0,1.0,1.0
2010-05-26,0.9638083333333334,0.8323791666666667,0.9314805555555556,1.033025,0.9908,1.4134847222222222,0.9918980158730158,0.22007294897145568,1.1113112535435763,0.2293192099557567,2,5,0,2010-05-20,2010-05-19,149.0,4.908271312713623,540.7094039916992,3.6289221744409343,3.880934953689575,0.6381052902131256,2.9754648208618164,4.059036731719971,15.0,4.987778590131034,126.0,0.5079874992370605,17.50369429588318,0.13891820869748556,0.11052393913269043,0.12315896047717911,0.04527485370635986,0.19482827186584473,13.0,4.463073959134483,0.5079874992370605,0.48528623580932617,0.47266530990600586,0.4409027099609375,0.4261631965637207,0.029021730535852528,0.9553113738786307,0.022701263427734375,180.0,150.0,30.0,1.0,1.0
2010-05-27,0.9189875000000001,0.9638083333333334,0.8323791666666667,0.9314805555555556,0.8013180555555555,1.0788714384989577,0.9880420634920635,0.22033170571471367,1.0791915114800843,0.21476995159143458,3,5,0,2010-05-27,2010-05-26,149.0,4.908271312713623,538.1019616127014,3.61142256115907,3.82004976272583,0.6476689718638954,2.9754648208618164,4.060413837432861,15.0,4.987253783059165,139.0,0.5024585723876953,19.68222975730896,0.14159877523243855,0.11429882049560547,0.11568008763564379,0.05222010612487793,0.1947118043899536,14.0,4.613540328912667,0.5024585723876953,0.47266530990600586,0.46071672439575195,0.42678403854370117,0.4261631965637207,0.025528539123018227,0.9407050369543679,0.029793262481689453,180.0,150.0,30.0,1.0,1.0
2010-05-28,0.9709472222222222,0.9189875000000001,0.9638083333333334,0.8323791666666667,0.898886111111111,1.1959347222222223,1.0048519841269843,0.2078465086050568,1.06777123015873,0.21899754488908468,4,5,0,2010-05-27,2010-05-26,149.0,4.908271312713623,538.1019616127014,3.61142256115907,3.82004976272583,0.6476689718638954,2.9754648208618164,4.060413837432861,15.0,4.987253783059165,139.0,0.5024585723876953,19.68222975730896,0.14159877523243855,0.11429882049560547,0.11568008763564379,0.05222010612487793,0.1947118043899536,14.0,4.613540328912667,0.5024585723876953,0.47266530990600586,0.46071672439575195,0.42678403854370117,0.4261631965637207,0.025528539123018227,0.9407050369543679,0.029793262481689453,180.0,150.0,30.0,1.0,1.0
2010-05-29,1.4234777777777778,0.9709472222222222,0.9189875000000001,0.9638083333333334,1.4553972222222222,1.3505361111111112,1.0151464285714284,0.20346169351450258,1.0517006944444445,0.21711612611293968,5,5,1,2010-05-27,2010-05-26,149.0,4.908271312713623,538.1019616127014,3.61142256115907,3.82004976272583,0.6476689718638954,2.9754648208618164,4.060413837432861,15.0,4.987253783059165,139.0,0.5024585723876953,19.68222975730896,0.14159877523243855,0.11429882049560547,0.11568008763564379,0.05222010612487793,0.1947118043899536,14.0,4.613540328912667,0.5024585723876953,0.47266530990600586,0.46071672439575195,0.42678403854370117,0.4261631965637207,0.025528539123018227,0.9407050369543679,0.029793262481689453,180.0,150.0,30.0,1.0,1.0
2010-05-30,1.1567361111111112,1.4234777777777778,0.9709472222222222,0.9189875000000001,1.033025,1.4586291666666666,1.0105865079365082,0.19198443672508222,1.0569108134920635,0.22555025322844507,6,5,1,2010-05-27,2010-05-26,149.0,4.908271312713623,538.1019616127014,3.61142256115907,3.82004976272583,0.6476689718638954,2.9754648208618164,4.060413837432861,15.0,4.987253783059165,139.0,0.5024585723876953,19.68222975730896,0.14159877523243855,0.11429882049560547,0.11568008763564379,0.05222010612487793,0.1947118043899536,14.0,4.613540328912667,0.5024585723876953,0.47266530990600586,0.46071672439575195,0.42678403854370117,0.4261631965637207,0.025528539123018227,0.9407050369543679,0.029793262481689453,180.0,150.0,30.0,1.0,1.0
2010-05-31,0.9308763888888889,1.1567361111111112,1.4234777777777778,0.9709472222222222,0.9314805555555556,1.1306819444444445,1.0282595238095238,0.19992415887846018,1.0353470238095237,0.19678676744115334,0,5,0,2010-05-27,2010-05-26,149.0,4.908271312713623,538.1019616127014,3.61142256115907,3.82004976272583,0.6476689718638954,2.9754648208618164,4.060413837432861,15.0,4.987253783059165,139.0,0.5024585723876953,19.68222975730896,0.14159877523243855,0.11429882049560547,0.11568008763564379,0.05222010612487793,0.1947118043899536,14.0,4.613540328912667,0.5024585723876953,0.47266530990600586,0.46071672439575195,0.42678403854370117,0.4261631965637207,0.025528539123018227,0.9407050369543679,0.029793262481689453,180.0,150.0,30.0,1.0,1.0
2010-06-01,0.8812249999999999,0.9308763888888889,1.1567361111111112,1.4234777777777778,0.8323791666666667,0.9869333333333333,1.0281732142857143,0.19997302732489092,1.0210751984126984,0.19658609200067084,1,6,0,2010-05-27,2010-05-26,149.0,4.908271312713623,538.1019616127014,3.61142256115907,3.82004976272583,0.6476689718638954,2.9754648208618164,4.060413837432861,15.0,4.987253783059165,139.0,0.5024585723876953,19.68222975730896,0.14159877523243855,0.11429882049560547,0.11568008763564379,0.05222010612487793,0.1947118043899536,14.0,4.613540328912667,0.5024585723876953,0.47266530990600586,0.46071672439575195,0.42678403854370117,0.4261631965637207,0.025528539123018227,0.9407050369543679,0.029793262481689453,180.0,150.0,30.0,1.0,1.0
2010-06-02,0.6811791666666667,0.8812249999999999,0.9308763888888889,1.1567361111111112,0.9638083333333334,0.9908,1.0351511904761905,0.19272298491254058,1.0135246031746032,0.19999873857139333,2,6,0,2010-05-27,2010-05-26,149.0,4.908271312713623,538.1019616127014,3.61142256115907,3.82004976272583,0.6476689718638954,2.9754648208618164,4.060413837432861,15.0,4.987253783059165,139.0,0.5024585723876953,19.68222975730896,0.14159877523243855,0.11429882049560547,0.11568008763564379,0.05222010612487793,0.1947118043899536,14.0,4.613540328912667,0.5024585723876953,0.47266530990600586,0.46071672439575195,0.42678403854370117,0.4261631965637207,0.025528539123018227,0.9407050369543679,0.029793262481689453,180.0,150.0,30.0,1.0,1.0
2010-06-03,0.9681847222222222,0.6811791666666667,0.8812249999999999,0.9308763888888889,0.9189875000000001,0.8013180555555555,0.9947755952380952,0.23510563690260777,0.9914088293650793,0.2189279856752026,3,6,0,2010-06-03,2010-06-02,149.0,4.908271312713623,531.4991283416748,3.5671082439038577,3.733931541442871,0.681501123864518,2.9010424613952637,4.059036731719971,15.0,4.985231902749055,120.0,0.5024585723876953,15.986340761184692,0.13321950634320576,0.10797333717346191,0.11274667028940229,0.05180370807647705,0.1728622317314148,12.0,4.456481703719902,0.5024585723876953,0.47266530990600586,0.46425962448120117,0.4261631965637207,0.4121131896972656,0.03143049306240735,0.9407050369543679,0.029793262481689453,180.0,150.0,30.0,1.0,1.0
2010-06-04,0.9864958333333333,0.9681847222222222,0.6811791666666667,0.8812249999999999,0.9709472222222222,0.898886111111111,1.0018037698412698,0.23318999245981234,1.003327876984127,0.21222248539109753,4,6,0,2010-06-03,2010-06-02,149.0,4.908271312713623,531.4991283416748,3.5671082439038577,3.733931541442871,0.681501123864518,2.9010424613952637,4.059036731719971,15.0,4.985231902749055,120.0,0.5024585723876953,15.986340761184692,0.13321950634320576,0.10797333717346191,0.11274667028940229,0.05180370807647705,0.1728622317314148,12.0,4.456481703719902,0.5024585723876953,0.47266530990600586,0.46425962448120117,0.4261631965637207,0.4121131896972656,0.03143049306240735,0.9407050369543679,0.029793262481689453,180.0,150.0,30.0,1.0,1.0
2010-06-05,1.3955861111111112,0.9864958333333333,0.9681847222222222,0.6811791666666667,1.4234777777777778,1.4553972222222222,1.004025,0.23292098261201596,1.0095857142857143,0.21018782274973355,5,6,1,2010-06-03,2010-06-02,149.0,4.908271312713623,531.4991283416748,3.5671082439038577,3.733931541442871,0.681501123864518,2.9010424613952637,4.059036731719971,15.0,4.985231902749055,120.0,0.5024585723876953,15.986340761184692,0.13321950634320576,0.10797333717346191,0.11274667028940229,0.05180370807647705,0.1728622317314148,12.0,4.456481703719902,0.5024585723876953,0.47266530990600586,0.46425962448120117,0.4261631965637207,0.4121131896972656,0.03143049306240735,0.9407050369543679,0.029793262481689453,180.0,150.0,30.0,1.0,1.0
2010-06-06,1.21305,1.3955861111111112,0.9864958333333333,0.9681847222222222,1.1567361111111112,1.033025,1.0000404761904762,0.22464098794329418,1.005313492063492,0.20082883071493618,6,6,1,2010-06-03,2010-06-02,149.0,4.908271312713623,531.4991283416748,3.5671082439038577,3.733931541442871,0.681501123864518,2.9010424613952637,4.059036731719971,15.0,4.985231902749055,120.0,0.5024585723876953,15.986340761184692,0.13321950634320576,0.10797333717346191,0.11274667028940229,0.05180370807647705,0.1728622317314148,12.0,4.456481703719902,0.5024585723876953,0.47266530990600586,0.46425962448120117,0.4261631965637207,0.4121131896972656,0.03143049306240735,0.9407050369543679,0.029793262481689453,180.0,150.0,30.0,1.0,1.0
2010-06-07,0.7028347222222222,1.21305,1.3955861111111112,0.9864958333333333,0.9308763888888889,0.9314805555555556,1.0080853174603175,0.23207324264759474,1.0181724206349207,0.2083618248372728,0,6,0,2010-06-03,2010-06-02,149.0,4.908271312713623,531.4991283416748,3.5671082439038577,3.733931541442871,0.681501123864518,2.9010424613952637,4.059036731719971,15.0,4.985231902749055,120.0,0.5024585723876953,15.986340761184692,0.13321950634320576,0.10797333717346191,0.11274667028940229,0.05180370807647705,0.1728622317314148,12.0,4.456481703719902,0.5024585723876953,0.47266530990600586,0.46425962448120117,0.4261631965637207,0.4121131896972656,0.03143049306240735,0.9407050369543679,0.029793262481689453,180.0,150.0,30.0,1.0,1.0
2010-06-08,0.9458569444444446,0.7028347222222222,1.21305,1.3955861111111112,0.8812249999999999,0.8323791666666667,0.9755079365079365,0.2591446335902864,1.0018405753968254,0.2240498960308554,1,6,0,2010-06-03,2010-06-02,149.0,4.908271312713623,531.4991283416748,3.5671082439038577,3.733931541442871,0.681501123864518,2.9010424613952637,4.059036731719971,15.0,4.985231902749055,120.0,0.5024585723876953,15.986340761184692,0.13321950634320576,0.10797333717346191,0.11274667028940229,0.05180370807647705,0.1728622317314148,12.0,4.456481703719902,0.5024585723876953,0.47266530990600586,0.46425962448120117,0.4261631965637207,0.4121131896972656,0.03143049306240735,0.9407050369543679,0.029793262481689453,180.0,150.0,30.0,1.0,1.0
2010-06-09,1.065751388888889,0.9458569444444446,0.7028347222222222,1.21305,0.6811791666666667,0.9638083333333334,0.9847410714285715,0.25636198381143743,1.009946130952381,0.21945313575451877,2,6,0,2010-06-03,2010-06-02,149.0,4.908271312713623,531.4991283416748,3.5671082439038577,3.733931541442871,0.681501123864518,2.9010424613952637,4.059036731719971,15.0,4.985231902749055,120.0,0.5024585723876953,15.986340761184692,0.13321950634320576,0.10797333717346191,0.11274667028940229,0.05180370807647705,0.1728622317314148,12.0,4.456481703719902,0.5024585723876953,0.47266530990600586,0.46425962448120117,0.4261631965637207,0.4121131896972656,0.03143049306240735,0.9407050369543679,0.029793262481689453,180.0,150.0,30.0,1.0,1.0
2010-06-10,0.8438819444444445,1.065751388888889,0.9458569444444446,0.7028347222222222,0.9681847222222222,0.9189875000000001,1.0396799603174602,0.21894202862414747,1.0172277777777778,0.21949575804903257,3,6,0,2010-06-10,2010-06-09,149.0,4.908271312713623,519.8757765293121,3.4890991713376653,3.6534616947174072,0.7321222859987464,2.8199777603149414,4.059036731719971,15.0,4.981530121426566,110.0,0.6675410270690918,15.757575988769531,0.14325069080699573,0.10809767246246338,0.13108568538845455,0.05091732740402222,0.18283379077911377,11.0,4.323255163942253,0.6675410270690918,0.5024585723876953,0.47266530990600586,0.46425962448120117,0.4261631965637207,0.04236317994245119,0.7527006611021226,0.16508245468139648,180.0,150.0,30.0,1.0,1.0
2010-06-11,1.0213,0.8438819444444445,1.065751388888889,0.9458569444444446,0.9864958333333333,0.9709472222222222,1.0219224206349207,0.23044581931147345,1.0118630952380951,0.22297184191203703,4,6,0,2010-06-10,2010-06-09,149.0,4.908271312713623,519.8757765293121,3.4890991713376653,3.6534616947174072,0.7321222859987464,2.8199777603149414,4.059036731719971,15.0,4.981530121426566,110.0,0.6675410270690918,15.757575988769531,0.14325069080699573,0.10809767246246338,0.13108568538845455,0.05091732740402222,0.18283379077911377,11.0,4.323255163942253,0.6675410270690918,0.5024585723876953,0.47266530990600586,0.46425962448120117,0.4261631965637207,0.04236317994245119,0.7527006611021226,0.16508245468139648,180.0,150.0,30.0,1.0,1.0
2010-06-12,1.371166087560806,1.0213,0.8438819444444445,1.065751388888889,1.3955861111111112,1.4234777777777778,1.0268944444444446,0.22992895678270214,1.0154597222222221,0.22266698074115363,5,6,1,2010-06-10,2010-06-09,149.0,4.908271312713623,519.8757765293121,3.4890991713376653,3.6534616947174072,0.7321222859987464,2.8199777603149414,4.059036731719971,15.0,4.981530121426566,110.0,0.6675410270690918,15.757575988769531,0.14325069080699573,0.10809767246246338,0.13108568538845455,0.05091732740402222,0.18283379077911377,11.0,4.323255163942253,0.6675410270690918,0.5024585723876953,0.47266530990600586,0.46425962448120117,0.4261631965637207,0.04236317994245119,0.7527006611021226,0.16508245468139648,180.0,150.0,30.0,1.0,1.0
2010-06-13,1.1627472222222222,1.371166087560806,1.0213,0.8438819444444445,1.21305,1.1567361111111112,1.0234058696515438,0.22349801606467914,1.01172317292101,0.21562082380071393,6,6,1,2010-06-10,2010-06-09,149.0,4.908271312713623,519.8757765293121,3.4890991713376653,3.6534616947174072,0.7321222859987464,2.8199777603149414,4.059036731719971,15.0,4.981530121426566,110.0,0.6675410270690918,15.757575988769531,0.14325069080699573,0.10809767246246338,0.13108568538845455,0.05091732740402222,0.18283379077911377,11.0,4.323255163942253,0.6675410270690918,0.5024585723876953,0.47266530990600586,0.46425962448120117,0.4261631965637207,0.04236317994245119,0.7527006611021226,0.16508245468139648,180.0,150.0,30.0,1.0,1.0
2010-06-14,0.8458222222222221,1.1627472222222222,1.371166087560806,1.0213,0.7028347222222222,0.9308763888888889,1.0162197585404327,0.21710128746715607,1.012152538000375,0.21593755254668676,0,6,0,2010-06-10,2010-06-09,149.0,4.908271312713623,519.8757765293121,3.4890991713376653,3.6534616947174072,0.7321222859987464,2.8199777603149414,4.059036731719971,15.0,4.981530121426566,110.0,0.6675410270690918,15.757575988769531,0.14325069080699573,0.10809767246246338,0.13108568538845455,0.05091732740402222,0.18283379077911377,11.0,4.323255163942253,0.6675410270690918,0.5024585723876953,0.47266530990600586,0.46425962448120117,0.4261631965637207,0.04236317994245119,0.7527006611021226,0.16508245468139648,180.0,150.0,30.0,1.0,1.0
2010-06-15,0.8499763888888888,0.8458222222222221,1.1627472222222222,1.371166087560806,0.9458569444444446,0.8812249999999999,1.0366465442547184,0.18739538347755955,1.0060772403813274,0.2195661067361154,1,6,0,2010-06-10,2010-06-09,149.0,4.908271312713623,519.8757765293121,3.4890991713376653,3.6534616947174072,0.7321222859987464,2.8199777603149414,4.059036731719971,15.0,4.981530121426566,110.0,0.6675410270690918,15.757575988769531,0.14325069080699573,0.10809767246246338,0.13108568538845455,0.05091732740402222,0.18283379077911377,11.0,4.323255163942253,0.6675410270690918,0.5024585723876953,0.47266530990600586,0.46425962448120117,0.4261631965637207,0.04236317994245119,0.7527006611021226,0.16508245468139648,180.0,150.0,30.0,1.0,1.0
2010-06-16,1.2278416666666667,0.8499763888888888,0.8458222222222221,1.1627472222222222,1.065751388888889,0.6811791666666667,1.0229493220324961,0.1983229171017845,1.0038451967305337,0.22108651693201964,2,6,0,2010-06-10,2010-06-09,149.0,4.908271312713623,519.8757765293121,3.4890991713376653,3.6534616947174072,0.7321222859987464,2.8199777603149414,4.059036731719971,15.0,4.981530121426566,110.0,0.6675410270690918,15.757575988769531,0.14325069080699573,0.10809767246246338,0.13108568538845455,0.05091732740402222,0.18283379077911377,11.0,4.323255163942253,0.6675410270690918,0.5024585723876953,0.47266530990600586,0.46425962448120117,0.4261631965637207,0.04236317994245119,0.7527006611021226,0.16508245468139648,180.0,150.0,30.0,1.0,1.0
2010-06-17,0.7139013888888889,1.2278416666666667,0.8499763888888888,0.8458222222222221,0.8438819444444445,0.9681847222222222,1.04610507600075,0.213067833508568,1.0428925181591053,0.20757678261214846,3,6,0,2010-06-17,2010-06-16,149.0,4.908271312713623,505.69007658958435,3.3938931314737206,3.557047128677368,0.730508977959863,2.6481549739837646,3.9961113929748535,15.0,4.980612854987189,106.0,0.6675410270690918,17.15876317024231,0.16187512424756895,0.11205542087554932,0.14621562184117792,0.05524027347564697,0.25169461965560913,11.0,4.282435652204102,0.6675410270690918,0.5903301239013672,0.5024585723876953,0.48459911346435547,0.47266530990600586,0.03890379629615606,0.8843353441409779,0.07721090316772461,180.0,150.0,30.0,1.0,1.0
2010-06-18,0.9252194444444445,0.7139013888888889,1.2278416666666667,0.8499763888888888,1.0213,0.9864958333333333,1.0275364252070993,0.23785112336095485,1.02472942292101,0.22500955617294544,4,6,0,2010-06-17,2010-06-16,149.0,4.908271312713623,505.69007658958435,3.3938931314737206,3.557047128677368,0.730508977959863,2.6481549739837646,3.9961113929748535,15.0,4.980612854987189,106.0,0.6675410270690918,17.15876317024231,0.16187512424756895,0.11205542087554932,0.14621562184117792,0.05524027347564697,0.25169461965560913,11.0,4.282435652204102,0.6675410270690918,0.5903301239013672,0.5024585723876953,0.48459911346435547,0.47266530990600586,0.03890379629615606,0.8843353441409779,0.07721090316772461,180.0,150.0,30.0,1.0,1.0
2010-06-19,0.9834861111111112,0.9252194444444445,0.7139013888888889,1.2278416666666667,1.371166087560806,1.3955861111111112,1.0138106315563056,0.2410221397085134,1.020352538000375,0.22640214961265875,5,6,1,2010-06-17,2010-06-16,149.0,4.908271312713623,505.69007658958435,3.3938931314737206,3.557047128677368,0.730508977959863,2.6481549739837646,3.9961113929748535,15.0,4.980612854987189,106.0,0.6675410270690918,17.15876317024231,0.16187512424756895,0.11205542087554932,0.14621562184117792,0.05524027347564697,0.25169461965560913,11.0,4.282435652204102,0.6675410270690918,0.5903301239013672,0.5024585723876953,0.48459911346435547,0.47266530990600586,0.03890379629615606,0.8843353441409779,0.07721090316772461,180.0,150.0,30.0,1.0,1.0
2010-06-20,1.1614930555555556,0.9834861111111112,0.9252194444444445,0.7139013888888889,1.1627472222222222,1.21305,0.9584277777777778,0.18270917790005728,0.9909168237146607,0.19899392621674386,6,6,1,2010-06-17,2010-06-16,149.0,4.908271312713623,505.69007658958435,3.3938931314737206,3.557047128677368,0.730508977959863,2.6481549739837646,3.9961113929748535,15.0,4.980612854987189,106.0,0.6675410270690918,17.15876317024231,0.16187512424756895,0.11205542087554932,0.14621562184117792,0.05524027347564697,0.25169461965560913,11.0,4.282435652204102,0.6675410270690918,0.5903301239013672,0.5024585723876953,0.48459911346435547,0.47266530990600586,0.03890379629615606,0.8843353441409779,0.07721090316772461,180.0,150.0,30.0,1.0,1.0
2010-06-21,1.1533958333333334,1.1614930555555556,0.9834861111111112,0.9252194444444445,0.8458222222222221,0.7028347222222222,0.9582486111111111,0.18247589296922997,0.9872341848257719,0.1950039076489801,0,6,0,2010-06-17,2010-06-16,149.0,4.908271312713623,505.69007658958435,3.3938931314737206,3.557047128677368,0.730508977959863,2.6481549739837646,3.9961113929748535,15.0,4.980612854987189,106.0,0.6675410270690918,17.15876317024231,0.16187512424756895,0.11205542087554932,0.14621562184117792,0.05524027347564697,0.25169461965560913,11.0,4.282435652204102,0.6675410270690918,0.5903301239013672,0.5024585723876953,0.48459911346435547,0.47266530990600586,0.03890379629615606,0.8843353441409779,0.07721090316772461,180.0,150.0,30.0,1.0,1.0
2010-06-22,1.055963888888889,1.1533958333333334,1.1614930555555556,0.9834861111111112,0.8499763888888888,0.9458569444444446,1.0021876984126985,0.18784432861711453,1.0194171213337084,0.18114402927644319,1,6,0,2010-06-17,2010-06-16,149.0,4.908271312713623,505.69007658958435,3.3938931314737206,3.557047128677368,0.730508977959863,2.6481549739837646,3.9961113929748535,15.0,4.980612854987189,106.0,0.6675410270690918,17.15876317024231,0.16187512424756895,0.11205542087554932,0.14621562184117792,0.05524027347564697,0.25169461965560913,11.0,4.282435652204102,0.6675410270690918,0.5903301239013672,0.5024585723876953,0.48459911346435547,0.47266530990600586,0.03890379629615606,0.8843353441409779,0.07721090316772461,180.0,150.0,30.0,1.0,1.0
2010-06-23,1.0014333333333334,1.055963888888889,1.1533958333333334,1.1614930555555556,1.2278416666666667,1.065751388888889,1.0316144841269843,0.17577210465758655,1.0272819030797402,0.1800917866321202,2,6,0,2010-06-17,2010-06-16,149.0,4.908271312713623,505.69007658958435,3.3938931314737206,3.557047128677368,0.730508977959863,2.6481549739837646,3.9961113929748535,15.0,4.980612854987189,106.0,0.6675410270690918,17.15876317024231,0.16187512424756895,0.11205542087554932,0.14621562184117792,0.05524027347564697,0.25169461965560913,11.0,4.282435652204102,0.6675410270690918,0.5903301239013672,0.5024585723876953,0.48459911346435547,0.47266530990600586,0.03890379629615606,0.8843353441409779,0.07721090316772461,180.0,150.0,30.0,1.0,1.0
2010-06-24,0.7609583333333333,1.0014333333333334,1.055963888888889,1.1533958333333334,0.7139013888888889,0.8438819444444445,0.9992704365079366,0.1530020857350365,1.0226877562543433,0.17985516215283784,3,6,0,2010-06-24,2010-06-23,149.0,4.908271312713623,492.392493724823,3.3046476088914294,3.2048211097717285,0.7482398297583769,2.553471326828003,3.9641029834747314,15.0,4.978349382334496,113.0,0.5410881042480469,16.45934224128723,0.14565789594059497,0.09439659118652344,0.13493873194898132,0.0405275821685791,0.2052304744720459,12.0,4.3250889581222065,0.5410881042480469,0.5024585723876953,0.47266530990600586,0.46822261810302734,0.45513486862182617,0.03287422403130796,0.9286076859626489,0.03862953186035156,180.0,150.0,30.0,1.0,1.0
2010-06-25,0.7634986111111112,0.7609583333333333,1.0014333333333334,1.055963888888889,0.9252194444444445,1.0213,1.0059928571428574,0.13874356323915224,1.0167646411749782,0.1874037266650773,4,6,0,2010-06-24,2010-06-23,149.0,4.908271312713623,492.392493724823,3.3046476088914294,3.2048211097717285,0.7482398297583769,2.553471326828003,3.9641029834747314,15.0,4.978349382334496,113.0,0.5410881042480469,16.45934224128723,0.14565789594059497,0.09439659118652344,0.13493873194898132,0.0405275821685791,0.2052304744720459,12.0,4.3250889581222065,0.5410881042480469,0.5024585723876953,0.47266530990600586,0.46822261810302734,0.45513486862182617,0.03287422403130796,0.9286076859626489,0.03862953186035156,180.0,150.0,30.0,1.0,1.0
2010-06-26,0.6816805555555555,0.7634986111111112,0.7609583333333333,1.0014333333333334,0.9834861111111112,1.371166087560806,0.9828898809523808,0.1653488940792226,0.9983502562543434,0.1992172946771039,5,6,1,2010-06-24,2010-06-23,149.0,4.908271312713623,492.392493724823,3.3046476088914294,3.2048211097717285,0.7482398297583769,2.553471326828003,3.9641029834747314,15.0,4.978349382334496,113.0,0.5410881042480469,16.45934224128723,0.14565789594059497,0.09439659118652344,0.13493873194898132,0.0405275821685791,0.2052304744720459,12.0,4.3250889581222065,0.5410881042480469,0.5024585723876953,0.47266530990600586,0.46822261810302734,0.45513486862182617,0.03287422403130796,0.9286076859626489,0.03862953186035156,180.0,150.0,30.0,1.0,1.0
2010-06-27,0.7916416666666666,0.6816805555555555,0.7634986111111112,0.7609583333333333,1.1614930555555556,1.1627472222222222,0.9397748015873016,0.20073028021632205,0.9491012896825397,0.18465550083049556,6,6,1,2010-06-24,2010-06-23,149.0,4.908271312713623,492.392493724823,3.3046476088914294,3.2048211097717285,0.7482398297583769,2.553471326828003,3.9641029834747314,15.0,4.978349382334496,113.0,0.5410881042480469,16.45934224128723,0.14565789594059497,0.09439659118652344,0.13493873194898132,0.0405275821685791,0.2052304744720459,12.0,4.3250889581222065,0.5410881042480469,0.5024585723876953,0.47266530990600586,0.46822261810302734,0.45513486862182617,0.03287422403130796,0.9286076859626489,0.03862953186035156,180.0,150.0,30.0,1.0,1.0
2010-06-28,1.021763888888889,0.7916416666666666,0.6816805555555555,0.7634986111111112,1.1533958333333334,0.8458222222222221,0.8869388888888888,0.1802770452194348,0.92259375,0.1781488908361045,0,6,0,2010-06-24,2010-06-23,149.0,4.908271312713623,492.392493724823,3.3046476088914294,3.2048211097717285,0.7482398297583769,2.553471326828003,3.9641029834747314,15.0,4.978349382334496,113.0,0.5410881042480469,16.45934224128723,0.14565789594059497,0.09439659118652344,0.13493873194898132,0.0405275821685791,0.2052304744720459,12.0,4.3250889581222065,0.5410881042480469,0.5024585723876953,0.47266530990600586,0.46822261810302734,0.45513486862182617,0.03287422403130796,0.9286076859626489,0.03862953186035156,180.0,150.0,30.0,1.0,1.0
2010-06-29,0.9501709520500348,1.021763888888889,0.7916416666666666,0.6816805555555555,1.055963888888889,0.8499763888888888,0.8681343253968254,0.1525899048232118,0.9351610119047619,0.17852194412510503,1,6,0,2010-06-24,2010-06-23,149.0,4.908271312713623,492.392493724823,3.3046476088914294,3.2048211097717285,0.7482398297583769,2.553471326828003,3.9641029834747314,15.0,4.978349382334496,113.0,0.5410881042480469,16.45934224128723,0.14565789594059497,0.09439659118652344,0.13493873194898132,0.0405275821685791,0.2052304744720459,12.0,4.3250889581222065,0.5410881042480469,0.5024585723876953,0.47266530990600586,0.46822261810302734,0.45513486862182617,0.03287422403130796,0.9286076859626489,0.03862953186035156,180.0,150.0,30.0,1.0,1.0
2010-06-30,0.9612055555555555,0.9501709520500348,1.021763888888889,0.7916416666666666,1.0014333333333334,1.2278416666666667,0.8530210487055605,0.1351254106304783,0.9423177664162724,0.17684476229332374,2,6,0,2010-06-24,2010-06-23,149.0,4.908271312713623,492.392493724823,3.3046476088914294,3.2048211097717285,0.7482398297583769,2.553471326828003,3.9641029834747314,15.0,4.978349382334496,113.0,0.5410881042480469,16.45934224128723,0.14565789594059497,0.09439659118652344,0.13493873194898132,0.0405275821685791,0.2052304744720459,12.0,4.3250889581222065,0.5410881042480469,0.5024585723876953,0.47266530990600586,0.46822261810302734,0.45513486862182617,0.03287422403130796,0.9286076859626489,0.03862953186035156,180.0,150.0,30.0,1.0,1.0
2010-07-01,0.9368069444444445,0.9612055555555555,0.9501709520500348,1.021763888888889,0.7609583333333333,0.7139013888888889,0.8472742233087353,0.1284521693519177,0.9232723299083359,0.15697073690954963,3,7,0,2010-07-01,2010-06-30,149.0,4.908271312713623,480.04444098472595,3.22177477170957,2.948338747024536,0.7659271839104681,2.523557662963867,3.941981315612793,15.0,4.976031145515166,110.0,0.5735306739807129,15.042400121688843,0.13674909201535312,0.09170448780059814,0.13192259179184967,0.03887069225311279,0.19967132806777954,11.0,4.27695781891263,0.5735306739807129,0.5053157806396484,0.5037641525268555,0.5024585723876953,0.47266530990600586,0.0381276039289614,0.8810614733688011,0.06821489334106445,180.0,150.0,30.0,1.0,1.0
2010-07-02,0.7923111111111112,0.9368069444444445,0.9612055555555555,0.9501709520500348,0.7634986111111112,0.9252194444444445,0.8723954534674653,0.12592848547633903,0.9391941553051613,0.14494441659020826,4,7,0,2010-07-01,2010-06-30,149.0,4.908271312713623,480.04444098472595,3.22177477170957,2.948338747024536,0.7659271839104681,2.523557662963867,3.941981315612793,15.0,4.976031145515166,110.0,0.5735306739807129,15.042400121688843,0.13674909201535312,0.09170448780059814,0.13192259179184967,0.03887069225311279,0.19967132806777954,11.0,4.27695781891263,0.5735306739807129,0.5053157806396484,0.5037641525268555,0.5024585723876953,0.47266530990600586,0.0381276039289614,0.8810614733688011,0.06821489334106445,180.0,150.0,30.0,1.0,1.0
2010-07-03,0.7778291666666667,0.7923111111111112,0.9368069444444445,0.9612055555555555,0.6816805555555555,0.9834861111111112,0.8765115248960367,0.12219130222293285,0.9297007029242089,0.1501878485055209,5,7,1,2010-07-01,2010-06-30,149.0,4.908271312713623,480.04444098472595,3.22177477170957,2.948338747024536,0.7659271839104681,2.523557662963867,3.941981315612793,15.0,4.976031145515166,110.0,0.5735306739807129,15.042400121688843,0.13674909201535312,0.09170448780059814,0.13192259179184967,0.03887069225311279,0.19967132806777954,11.0,4.27695781891263,0.5735306739807129,0.5053157806396484,0.5037641525268555,0.5024585723876953,0.47266530990600586,0.0381276039289614,0.8810614733688011,0.06821489334106445,180.0,150.0,30.0,1.0,1.0
2010-07-04,1.0681166666666666,0.7778291666666667,0.7923111111111112,0.9368069444444445,0.7916416666666666,1.1614930555555556,0.8902470407690526,0.10003560738647872,0.9150109211781771,0.15451763794424012,6,7,1,2010-07-01,2010-06-30,149.0,4.908271312713623,480.04444098472595,3.22177477170957,2.948338747024536,0.7659271839104681,2.523557662963867,3.941981315612793,15.0,4.976031145515166,110.0,0.5735306739807129,15.042400121688843,0.13674909201535312,0.09170448780059814,0.13192259179184967,0.03887069225311279,0.19967132806777954,11.0,4.27695781891263,0.5735306739807129,0.5053157806396484,0.5037641525268555,0.5024585723876953,0.47266530990600586,0.0381276039289614,0.8810614733688011,0.06821489334106445,180.0,150.0,30.0,1.0,1.0
2010-07-05,0.7736041666666666,1.0681166666666666,0.7778291666666667,0.7923111111111112,1.021763888888889,1.1533958333333334,0.9297434693404812,0.10880988419937755,0.908341179114685,0.14476751547326425,0,7,0,2010-07-01,2010-06-30,149.0,4.908271312713623,480.04444098472595,3.22177477170957,2.948338747024536,0.7659271839104681,2.523557662963867,3.941981315612793,15.0,4.976031145515166,110.0,0.5735306739807129,15.042400121688843,0.13674909201535312,0.09170448780059814,0.13192259179184967,0.03887069225311279,0.19967132806777954,11.0,4.27695781891263,0.5735306739807129,0.5053157806396484,0.5037641525268555,0.5024585723876953,0.47266530990600586,0.0381276039289614,0.8810614733688011,0.06821489334106445,180.0,150.0,30.0,1.0,1.0
2010-07-06,0.6985652777777778,0.7736041666666666,1.0681166666666666,0.7778291666666667,0.9501709520500348,1.055963888888889,0.8942920804515924,0.11412833624435828,0.8812132029242089,0.13016218748175,1,7,0,2010-07-01,2010-06-30,149.0,4.908271312713623,480.04444098472595,3.22177477170957,2.948338747024536,0.7659271839104681,2.523557662963867,3.941981315612793,15.0,4.976031145515166,110.0,0.5735306739807129,15.042400121688843,0.13674909201535312,0.09170448780059814,0.13192259179184967,0.03887069225311279,0.19967132806777954,11.0,4.27695781891263,0.5735306739807129,0.5053157806396484,0.5037641525268555,0.5024585723876953,0.47266530990600586,0.0381276039289614,0.8810614733688011,0.06821489334106445,180.0,150.0,30.0,1.0,1.0
2010-07-07,0.5797138888888889,0.6985652777777778,0.7736041666666666,1.0681166666666666,0.9612055555555555,1.0014333333333334,0.8583484126984127,0.13184243439068521,0.8556847307019867,0.12828668539630128,2,7,0,2010-07-01,2010-06-30,149.0,4.908271312713623,480.04444098472595,3.22177477170957,2.948338747024536,0.7659271839104681,2.523557662963867,3.941981315612793,15.0,4.976031145515166,110.0,0.5735306739807129,15.042400121688843,0.13674909201535312,0.09170448780059814,0.13192259179184967,0.03887069225311279,0.19967132806777954,11.0,4.27695781891263,0.5735306739807129,0.5053157806396484,0.5037641525268555,0.5024585723876953,0.47266530990600586,0.0381276039289614,0.8810614733688011,0.06821489334106445,180.0,150.0,30.0,1.0,1.0
2010-07-08,0.8421194444444444,0.5797138888888889,0.6985652777777778,0.7736041666666666,0.9368069444444445,0.7609583333333333,0.8038496031746032,0.1584094533067229,0.8255619132416692,0.14037341134580947,3,7,0,2010-07-08,2010-07-07,149.0,4.908271312713623,471.4115746021271,3.1638360711552154,2.8808987140655518,0.7763072461437892,2.5054521560668945,3.9179155826568604,15.0,4.9745942877814615,111.0,0.8617935180664062,13.93817138671875,0.1255691115920608,0.09093141555786133,0.12809425037681646,0.03724372386932373,0.17973113059997559,12.0,4.27580301547389,0.8617935180664062,0.5037641525268555,0.44730186462402344,0.40305304527282715,0.3943657875061035,0.06182974036949944,0.5845531928078826,0.3580293655395508,180.0,150.0,30.0,1.0,1.0
2010-07-09,0.7524152777777778,0.8421194444444444,0.5797138888888889,0.6985652777777778,0.7923111111111112,0.7634986111111112,0.7903228174603175,0.14892248431793903,0.8313591354638914,0.13917091049741195,4,7,0,2010-07-08,2010-07-07,149.0,4.908271312713623,471.4115746021271,3.1638360711552154,2.8808987140655518,0.7763072461437892,2.5054521560668945,3.9179155826568604,15.0,4.9745942877814615,111.0,0.8617935180664062,13.93817138671875,0.1255691115920608,0.09093141555786133,0.12809425037681646,0.03724372386932373,0.17973113059997559,12.0,4.27580301547389,0.8617935180664062,0.5037641525268555,0.44730186462402344,0.40305304527282715,0.3943657875061035,0.06182974036949944,0.5845531928078826,0.3580293655395508,180.0,150.0,30.0,1.0,1.0
2010-07-10,0.8017388888888888,0.7524152777777778,0.8421194444444444,0.5797138888888889,0.7778291666666667,0.6816805555555555,0.7846234126984127,0.14959561254886564,0.8305674687972247,0.13961743275222804,5,7,1,2010-07-08,2010-07-07,149.0,4.908271312713623,471.4115746021271,3.1638360711552154,2.8808987140655518,0.7763072461437892,2.5054521560668945,3.9179155826568604,15.0,4.9745942877814615,111.0,0.8617935180664062,13.93817138671875,0.1255691115920608,0.09093141555786133,0.12809425037681646,0.03724372386932373,0.17973113059997559,12.0,4.27580301547389,0.8617935180664062,0.5037641525268555,0.44730186462402344,0.40305304527282715,0.3943657875061035,0.06182974036949944,0.5845531928078826,0.3580293655395508,180.0,150.0,30.0,1.0,1.0
2010-07-11,0.8288694444444445,0.8017388888888888,0.7524152777777778,0.8421194444444444,1.0681166666666666,0.7916416666666666,0.7880390873015873,0.14968755998097366,0.8391430640353199,0.13331384609301863,6,7,1,2010-07-08,2010-07-07,149.0,4.908271312713623,471.4115746021271,3.1638360711552154,2.8808987140655518,0.7763072461437892,2.5054521560668945,3.9179155826568604,15.0,4.9745942877814615,111.0,0.8617935180664062,13.93817138671875,0.1255691115920608,0.09093141555786133,0.12809425037681646,0.03724372386932373,0.17973113059997559,12.0,4.27580301547389,0.8617935180664062,0.5037641525268555,0.44730186462402344,0.40305304527282715,0.3943657875061035,0.06182974036949944,0.5845531928078826,0.3580293655395508,180.0,150.0,30.0,1.0,1.0
2010-07-12,0.7705375000000001,0.8288694444444445,0.8017388888888888,0.7524152777777778,0.7736041666666666,1.021763888888889,0.7538609126984126,0.09081558965408935,0.8418021910194469,0.13266317424229654,0,7,0,2010-07-08,2010-07-07,149.0,4.908271312713623,471.4115746021271,3.1638360711552154,2.8808987140655518,0.7763072461437892,2.5054521560668945,3.9179155826568604,15.0,4.9745942877814615,111.0,0.8617935180664062,13.93817138671875,0.1255691115920608,0.09093141555786133,0.12809425037681646,0.03724372386932373,0.17973113059997559,12.0,4.27580301547389,0.8617935180664062,0.5037641525268555,0.44730186462402344,0.40305304527282715,0.3943657875061035,0.06182974036949944,0.5845531928078826,0.3580293655395508,180.0,150.0,30.0,1.0,1.0
2010-07-13,0.9598013888888889,0.7705375000000001,0.8288694444444445,0.8017388888888888,0.6985652777777778,0.9501709520500348,0.7534228174603175,0.09071181192842585,0.8238574489559548,0.12309407976091875,1,7,0,2010-07-08,2010-07-07,149.0,4.908271312713623,471.4115746021271,3.1638360711552154,2.8808987140655518,0.7763072461437892,2.5054521560668945,3.9179155826568604,15.0,4.9745942877814615,111.0,0.8617935180664062,13.93817138671875,0.1255691115920608,0.09093141555786133,0.12809425037681646,0.03724372386932373,0.17973113059997559,12.0,4.27580301547389,0.8617935180664062,0.5037641525268555,0.44730186462402344,0.40305304527282715,0.3943657875061035,0.06182974036949944,0.5845531928078826,0.3580293655395508,180.0,150.0,30.0,1.0,1.0
2010-07-14,0.9788,0.9598013888888889,0.7705375000000001,0.8288694444444445,0.5797138888888889,0.9612055555555555,0.7907422619047619,0.11489515183375715,0.8245453373015873,0.12387866620011782,2,7,0,2010-07-08,2010-07-07,149.0,4.908271312713623,471.4115746021271,3.1638360711552154,2.8808987140655518,0.7763072461437892,2.5054521560668945,3.9179155826568604,15.0,4.9745942877814615,111.0,0.8617935180664062,13.93817138671875,0.1255691115920608,0.09093141555786133,0.12809425037681646,0.03724372386932373,0.17973113059997559,12.0,4.27580301547389,0.8617935180664062,0.5037641525268555,0.44730186462402344,0.40305304527282715,0.3943657875061035,0.06182974036949944,0.5845531928078826,0.3580293655395508,180.0,150.0,30.0,1.0,1.0
2010-07-15,1.134928422515636,0.9788,0.9598013888888889,0.7705375000000001,0.8421194444444444,0.9368069444444445,0.8477545634920636,0.0887743360091712,0.8258020833333334,0.12545099722953587,3,7,0,2010-07-15,2010-07-14,149.0,4.908271312713623,462.7041392326355,3.1053969076015804,2.831362247467041,0.7743671785123392,2.50335693359375,3.7706217765808105,15.0,4.974108429683762,119.0,0.6979899406433105,16.53598976135254,0.13895789715422302,0.09135127067565918,0.1419585364585886,0.038150668144226074,0.19324564933776855,12.0,4.3193947359642,0.6979899406433105,0.6090970039367676,0.5604639053344727,0.537468671798706,0.471541166305542,0.04221035152517048,0.8726443870743843,0.08889293670654297,180.0,150.0,30.0,1.0,1.0
2010-07-16,0.5694833333333333,1.134928422515636,0.9788,0.9598013888888889,0.7524152777777778,0.7923111111111112,0.8895844175022337,0.13992510516787285,0.8399536174812755,0.14807136447311606,4,7,0,2010-07-15,2010-07-14,149.0,4.908271312713623,462.7041392326355,3.1053969076015804,2.831362247467041,0.7743671785123392,2.50335693359375,3.7706217765808105,15.0,4.974108429683762,119.0,0.6979899406433105,16.53598976135254,0.13895789715422302,0.09135127067565918,0.1419585364585886,0.038150668144226074,0.19324564933776855,12.0,4.3193947359642,0.6979899406433105,0.6090970039367676,0.5604639053344727,0.537468671798706,0.471541166305542,0.04221035152517048,0.8726443870743843,0.08889293670654297,180.0,150.0,30.0,1.0,1.0
2010-07-17,0.5599666666666666,0.5694833333333333,1.134928422515636,0.9788,0.8017388888888888,0.7778291666666667,0.8634512825815988,0.18089728040398048,0.8240373476400057,0.16463583492869505,5,7,1,2010-07-15,2010-07-14,149.0,4.908271312713623,462.7041392326355,3.1053969076015804,2.831362247467041,0.7743671785123392,2.50335693359375,3.7706217765808105,15.0,4.974108429683762,119.0,0.6979899406433105,16.53598976135254,0.13895789715422302,0.09135127067565918,0.1419585364585886,0.038150668144226074,0.19324564933776855,12.0,4.3193947359642,0.6979899406433105,0.6090970039367676,0.5604639053344727,0.537468671798706,0.471541166305542,0.04221035152517048,0.8726443870743843,0.08889293670654297,180.0,150.0,30.0,1.0,1.0
2010-07-18,0.5639152777777778,0.5599666666666666,0.5694833333333333,1.134928422515636,0.8288694444444445,1.0681166666666666,0.82891239369271,0.21458755205717064,0.8084757404971485,0.17900844281322179,6,7,1,2010-07-15,2010-07-14,149.0,4.908271312713623,462.7041392326355,3.1053969076015804,2.831362247467041,0.7743671785123392,2.50335693359375,3.7706217765808105,15.0,4.974108429683762,119.0,0.6979899406433105,16.53598976135254,0.13895789715422302,0.09135127067565918,0.1419585364585886,0.038150668144226074,0.19324564933776855,12.0,4.3193947359642,0.6979899406433105,0.6090970039367676,0.5604639053344727,0.537468671798706,0.471541166305542,0.04221035152517048,0.8726443870743843,0.08889293670654297,180.0,150.0,30.0,1.0,1.0
2010-07-19,0.5563597222222222,0.5639152777777778,0.5599666666666666,0.5694833333333333,0.7705375000000001,0.7736041666666666,0.7910617984546147,0.23681276065940762,0.7724613555765137,0.17338489870045543,0,7,0,2010-07-15,2010-07-14,149.0,4.908271312713623,462.7041392326355,3.1053969076015804,2.831362247467041,0.7743671785123392,2.50335693359375,3.7706217765808105,15.0,4.974108429683762,119.0,0.6979899406433105,16.53598976135254,0.13895789715422302,0.09135127067565918,0.1419585364585886,0.038150668144226074,0.19324564933776855,12.0,4.3193947359642,0.6979899406433105,0.6090970039367676,0.5604639053344727,0.537468671798706,0.471541166305542,0.04221035152517048,0.8726443870743843,0.08889293670654297,180.0,150.0,30.0,1.0,1.0
2010-07-20,0.5943222222222222,0.5563597222222222,0.5639152777777778,0.5599666666666666,0.9598013888888889,0.6985652777777778,0.7604649730577892,0.2531772631171597,0.7569438952590534,0.18274356310691073,1,7,0,2010-07-15,2010-07-14,149.0,4.908271312713623,462.7041392326355,3.1053969076015804,2.831362247467041,0.7743671785123392,2.50335693359375,3.7706217765808105,15.0,4.974108429683762,119.0,0.6979899406433105,16.53598976135254,0.13895789715422302,0.09135127067565918,0.1419585364585886,0.038150668144226074,0.19324564933776855,12.0,4.3193947359642,0.6979899406433105,0.6090970039367676,0.5604639053344727,0.537468671798706,0.471541166305542,0.04221035152517048,0.8726443870743843,0.08889293670654297,180.0,150.0,30.0,1.0,1.0
2010-07-21,0.7390041666666666,0.5943222222222222,0.5563597222222222,0.5639152777777778,0.9788,0.5797138888888889,0.7082536635339797,0.2426858808008321,0.7494979627193707,0.18737032170872392,2,7,0,2010-07-15,2010-07-14,149.0,4.908271312713623,462.7041392326355,3.1053969076015804,2.831362247467041,0.7743671785123392,2.50335693359375,3.7706217765808105,15.0,4.974108429683762,119.0,0.6979899406433105,16.53598976135254,0.13895789715422302,0.09135127067565918,0.1419585364585886,0.038150668144226074,0.19324564933776855,12.0,4.3193947359642,0.6979899406433105,0.6090970039367676,0.5604639053344727,0.537468671798706,0.471541166305542,0.04221035152517048,0.8726443870743843,0.08889293670654297,180.0,150.0,30.0,1.0,1.0
2010-07-22,0.8086430555555555,0.7390041666666666,0.5943222222222222,0.5563597222222222,1.134928422515636,0.8421194444444444,0.673997115914932,0.21327381317793823,0.7608758397034979,0.1809951953862518,3,7,0,2010-07-22,2010-07-21,149.0,4.908271312713623,453.24730134010315,3.0419281969134437,2.7467010021209717,0.7955036994457013,2.4416847229003906,3.6026830673217773,15.0,4.9718647232371,129.0,0.6090970039367676,17.30761408805847,0.13416755107022071,0.09237813949584961,0.12668171425871042,0.04250359535217285,0.18897128105163574,13.0,4.458736552047355,0.6090970039367676,0.5604639053344727,0.5277459621429443,0.4911527633666992,0.41111278533935547,0.03519243038571209,0.9201554131969697,0.04863309860229492,180.0,150.0,30.0,1.0,1.0
2010-07-23,0.8167763888888888,0.8086430555555555,0.7390041666666666,0.5943222222222222,0.5694833333333333,0.7524152777777778,0.6273849206349206,0.10277588784994565,0.7584846690685773,0.18005800894939744,4,7,0,2010-07-22,2010-07-21,149.0,4.908271312713623,453.24730134010315,3.0419281969134437,2.7467010021209717,0.7955036994457013,2.4416847229003906,3.6026830673217773,15.0,4.9718647232371,129.0,0.6090970039367676,17.30761408805847,0.13416755107022071,0.09237813949584961,0.12668171425871042,0.04250359535217285,0.18897128105163574,13.0,4.458736552047355,0.6090970039367676,0.5604639053344727,0.5277459621429443,0.4911527633666992,0.41111278533935547,0.03519243038571209,0.9201554131969697,0.04863309860229492,180.0,150.0,30.0,1.0,1.0
2010-07-24,0.6400472222222222,0.8167763888888888,0.8086430555555555,0.7390041666666666,0.5599666666666666,0.8017388888888888,0.6627124999999999,0.12052494079985246,0.7630818912907993,0.18071157010070338,5,7,1,2010-07-22,2010-07-21,149.0,4.908271312713623,453.24730134010315,3.0419281969134437,2.7467010021209717,0.7955036994457013,2.4416847229003906,3.6026830673217773,15.0,4.9718647232371,129.0,0.6090970039367676,17.30761408805847,0.13416755107022071,0.09237813949584961,0.12668171425871042,0.04250359535217285,0.18897128105163574,13.0,4.458736552047355,0.6090970039367676,0.5604639053344727,0.5277459621429443,0.4911527633666992,0.41111278533935547,0.03519243038571209,0.9201554131969697,0.04863309860229492,180.0,150.0,30.0,1.0,1.0
2010-07-25,0.7850069444444445,0.6400472222222222,0.8167763888888888,0.8086430555555555,0.5639152777777778,0.8288694444444445,0.6741525793650792,0.1126931296094809,0.7515324865288947,0.18320069999277466,6,7,1,2010-07-22,2010-07-21,149.0,4.908271312713623,453.24730134010315,3.0419281969134437,2.7467010021209717,0.7955036994457013,2.4416847229003906,3.6026830673217773,15.0,4.9718647232371,129.0,0.6090970039367676,17.30761408805847,0.13416755107022071,0.09237813949584961,0.12668171425871042,0.04250359535217285,0.18897128105163574,13.0,4.458736552047355,0.6090970039367676,0.5604639053344727,0.5277459621429443,0.4911527633666992,0.41111278533935547,0.03519243038571209,0.9201554131969697,0.04863309860229492,180.0,150.0,30.0,1.0,1.0
2010-07-26,0.6139930555555555,0.7850069444444445,0.6400472222222222,0.8167763888888888,0.5563597222222222,0.7705375000000001,0.7057371031746031,0.107511085748599,0.7483994508146089,0.18214841068713608,0,7,0,2010-07-22,2010-07-21,149.0,4.908271312713623,453.24730134010315,3.0419281969134437,2.7467010021209717,0.7955036994457013,2.4416847229003906,3.6026830673217773,15.0,4.9718647232371,129.0,0.6090970039367676,17.30761408805847,0.13416755107022071,0.09237813949584961,0.12668171425871042,0.04250359535217285,0.18897128105163574,13.0,4.458736552047355,0.6090970039367676,0.5604639053344727,0.5277459621429443,0.4911527633666992,0.41111278533935547,0.03519243038571209,0.9201554131969697,0.04863309860229492,180.0,150.0,30.0,1.0,1.0
2010-07-27,0.6613611111111111,0.6139930555555555,0.7850069444444445,0.6400472222222222,0.5943222222222222,0.9598013888888889,0.7139704365079365,0.09572587184415789,0.7372177047828629,0.1854597429571223,1,7,0,2010-07-22,2010-07-21,149.0,4.908271312713623,453.24730134010315,3.0419281969134437,2.7467010021209717,0.7955036994457013,2.4416847229003906,3.6026830673217773,15.0,4.9718647232371,129.0,0.6090970039367676,17.30761408805847,0.13416755107022071,0.09237813949584961,0.12668171425871042,0.04250359535217285,0.18897128105163574,13.0,4.458736552047355,0.6090970039367676,0.5604639053344727,0.5277459621429443,0.4911527633666992,0.41111278533935547,0.03519243038571209,0.9201554131969697,0.04863309860229492,180.0,150.0,30.0,1.0,1.0
2010-07-28,0.5990652777777777,0.6613611111111111,0.6139930555555555,0.7850069444444445,0.7390041666666666,0.9788,0.7235474206349206,0.08444985771067004,0.7159005420844501,0.17474991752314692,2,7,0,2010-07-22,2010-07-21,149.0,4.908271312713623,453.24730134010315,3.0419281969134437,2.7467010021209717,0.7955036994457013,2.4416847229003906,3.6026830673217773,15.0,4.9718647232371,129.0,0.6090970039367676,17.30761408805847,0.13416755107022071,0.09237813949584961,0.12668171425871042,0.04250359535217285,0.18897128105163574,13.0,4.458736552047355,0.6090970039367676,0.5604639053344727,0.5277459621429443,0.4911527633666992,0.41111278533935547,0.03519243038571209,0.9201554131969697,0.04863309860229492,180.0,150.0,30.0,1.0,1.0
2010-07-29,0.38132222222222223,0.5990652777777777,0.6613611111111111,0.6139930555555555,0.8086430555555555,1.134928422515636,0.7035561507936509,0.09596006774301546,0.6887766333542914,0.15962031917902972,3,7,0,2010-07-29,2010-07-28,149.0,4.908271312713623,435.2067894935608,2.9208509361983945,2.611809015274048,0.7235282799997957,2.400514602661133,3.3059635162353516,15.0,4.975386873394182,124.0,0.6090970039367676,15.869807720184326,0.12798232032406714,0.09114134311676025,0.1261603727997503,0.038371503353118896,0.1723250150680542,13.0,4.392905912836478,0.6090970039367676,0.5604639053344727,0.5277459621429443,0.4911527633666992,0.4618241786956787,0.03838086854461857,0.9201554131969697,0.04863309860229492,180.0,150.0,30.0,1.0,1.0
2010-07-30,0.38281944444444443,0.38132222222222223,0.5990652777777777,0.6613611111111111,0.8167763888888888,0.5694833333333333,0.6425103174603174,0.14256887131375814,0.6349476190476191,0.11965762660064994,4,7,0,2010-07-29,2010-07-28,149.0,4.908271312713623,435.2067894935608,2.9208509361983945,2.611809015274048,0.7235282799997957,2.400514602661133,3.3059635162353516,15.0,4.975386873394182,124.0,0.6090970039367676,15.869807720184326,0.12798232032406714,0.09114134311676025,0.1261603727997503,0.038371503353118896,0.1723250150680542,13.0,4.392905912836478,0.6090970039367676,0.5604639053344727,0.5277459621429443,0.4911527633666992,0.4618241786956787,0.03838086854461857,0.9201554131969697,0.04863309860229492,180.0,150.0,30.0,1.0,1.0
2010-07-31,0.38515,0.38281944444444443,0.38132222222222223,0.5990652777777777,0.6400472222222222,0.5599666666666666,0.5805164682539682,0.14839324047202687,0.6216144841269841,0.1366994310261607,5,7,1,2010-07-29,2010-07-28,149.0,4.908271312713623,435.2067894935608,2.9208509361983945,2.611809015274048,0.7235282799997957,2.400514602661133,3.3059635162353516,15.0,4.975386873394182,124.0,0.6090970039367676,15.869807720184326,0.12798232032406714,0.09114134311676025,0.1261603727997503,0.038371503353118896,0.1723250150680542,13.0,4.392905912836478,0.6090970039367676,0.5604639053344727,0.5277459621429443,0.4911527633666992,0.4618241786956787,0.03838086854461857,0.9201554131969697,0.04863309860229492,180.0,150.0,30.0,1.0,1.0
2010-08-01,0.38587777777777776,0.38515,0.38281944444444443,0.38132222222222223,0.7850069444444445,0.5639152777777778,0.5441025793650793,0.16200085906595527,0.6091275793650794,0.1500921838650011,6,8,1,2010-07-29,2010-07-28,149.0,4.908271312713623,435.2067894935608,2.9208509361983945,2.611809015274048,0.7235282799997957,2.400514602661133,3.3059635162353516,15.0,4.975386873394182,124.0,0.6090970039367676,15.869807720184326,0.12798232032406714,0.09114134311676025,0.1261603727997503,0.038371503353118896,0.1723250150680542,13.0,4.392905912836478,0.6090970039367676,0.5604639053344727,0.5277459621429443,0.4911527633666992,0.4618241786956787,0.03838086854461857,0.9201554131969697,0.04863309860229492,180.0,150.0,30.0,1.0,1.0
2010-08-02,0.38158472222222223,0.38587777777777776,0.38515,0.38281944444444443,0.6139930555555555,0.5563597222222222,0.487084126984127,0.13019736132007384,0.596410615079365,0.16133859586660013,0,8,0,2010-07-29,2010-07-28,149.0,4.908271312713623,435.2067894935608,2.9208509361983945,2.611809015274048,0.7235282799997957,2.400514602661133,3.3059635162353516,15.0,4.975386873394182,124.0,0.6090970039367676,15.869807720184326,0.12798232032406714,0.09114134311676025,0.1261603727997503,0.038371503353118896,0.1723250150680542,13.0,4.392905912836478,0.6090970039367676,0.5604639053344727,0.5277459621429443,0.4911527633666992,0.4618241786956787,0.03838086854461857,0.9201554131969697,0.04863309860229492,180.0,150.0,30.0,1.0,1.0
2010-08-03,0.42723055555555556,0.38158472222222223,0.38587777777777776,0.38515,0.6613611111111111,0.5943222222222222,0.45388293650793654,0.12180321032918372,0.5839266865079366,0.171140083044411,1,8,0,2010-07-29,2010-07-28,149.0,4.908271312713623,435.2067894935608,2.9208509361983945,2.611809015274048,0.7235282799997957,2.400514602661133,3.3059635162353516,15.0,4.975386873394182,124.0,0.6090970039367676,15.869807720184326,0.12798232032406714,0.09114134311676025,0.1261603727997503,0.038371503353118896,0.1723250150680542,13.0,4.392905912836478,0.6090970039367676,0.5604639053344727,0.5277459621429443,0.4911527633666992,0.4618241786956787,0.03838086854461857,0.9201554131969697,0.04863309860229492,180.0,150.0,30.0,1.0,1.0
2010-08-04,0.37733055555555556,0.42723055555555556,0.38158472222222223,0.38587777777777776,0.5990652777777777,0.7390041666666666,0.4204357142857143,0.08046559516552954,0.5719915674603174,0.17611347209135664,2,8,0,2010-07-29,2010-07-28,149.0,4.908271312713623,435.2067894935608,2.9208509361983945,2.611809015274048,0.7235282799997957,2.400514602661133,3.3059635162353516,15.0,4.975386873394182,124.0,0.6090970039367676,15.869807720184326,0.12798232032406714,0.09114134311676025,0.1261603727997503,0.038371503353118896,0.1723250150680542,13.0,4.392905912836478,0.6090970039367676,0.5604639053344727,0.5277459621429443,0.4911527633666992,0.4618241786956787,0.03838086854461857,0.9201554131969697,0.04863309860229492,180.0,150.0,30.0,1.0,1.0
2010-08-05,0.37046944444444446,0.37733055555555556,0.42723055555555556,0.38158472222222223,0.38132222222222223,0.8086430555555555,0.3887593253968254,0.017195205225887362,0.546157738095238,0.1762567407513559,3,8,0,2010-08-05,2010-08-04,149.0,4.664731502532959,417.45334792137146,2.8017003216199425,2.5523741245269775,0.6213243655778268,2.3745853900909424,2.9754648208618164,15.0,4.980957269843186,128.0,0.6090970039367676,16.085294008255005,0.12566635943949223,0.08774816989898682,0.12472078517334889,0.038371503353118896,0.17088472843170166,13.0,4.42303331179653,0.6090970039367676,0.5604639053344727,0.5277459621429443,0.4911527633666992,0.4662179946899414,0.03786670008171301,0.9201554131969697,0.04863309860229492,180.0,150.0,30.0,1.0,1.0
2010-08-06,0.36440694444444444,0.37046944444444446,0.37733055555555556,0.42723055555555556,0.38281944444444443,0.8167763888888888,0.3872089285714285,0.018422964048398098,0.514859623015873,0.1645781388235637,4,8,0,2010-08-05,2010-08-04,149.0,4.664731502532959,417.45334792137146,2.8017003216199425,2.5523741245269775,0.6213243655778268,2.3745853900909424,2.9754648208618164,15.0,4.980957269843186,128.0,0.6090970039367676,16.085294008255005,0.12566635943949223,0.08774816989898682,0.12472078517334889,0.038371503353118896,0.17088472843170166,13.0,4.42303331179653,0.6090970039367676,0.5604639053344727,0.5277459621429443,0.4911527633666992,0.4662179946899414,0.03786670008171301,0.9201554131969697,0.04863309860229492,180.0,150.0,30.0,1.0,1.0
2010-08-07,0.36630277777777775,0.36440694444444444,0.37046944444444446,0.37733055555555556,0.38515,0.6400472222222222,0.38457857142857144,0.02036608735252733,0.4825475198412698,0.1438436105728762,5,8,1,2010-08-05,2010-08-04,149.0,4.664731502532959,417.45334792137146,2.8017003216199425,2.5523741245269775,0.6213243655778268,2.3745853900909424,2.9754648208618164,15.0,4.980957269843186,128.0,0.6090970039367676,16.085294008255005,0.12566635943949223,0.08774816989898682,0.12472078517334889,0.038371503353118896,0.17088472843170166,13.0,4.42303331179653,0.6090970039367676,0.5604639053344727,0.5277459621429443,0.4911527633666992,0.4662179946899414,0.03786670008171301,0.9201554131969697,0.04863309860229492,180.0,150.0,30.0,1.0,1.0
2010-08-08,0.3669861111111111,0.36630277777777775,0.36440694444444444,0.37046944444444446,0.38587777777777776,0.7850069444444445,0.38188611111111115,0.021492625825815206,0.46299434523809524,0.13932168278505813,6,8,1,2010-08-05,2010-08-04,149.0,4.664731502532959,417.45334792137146,2.8017003216199425,2.5523741245269775,0.6213243655778268,2.3745853900909424,2.9754648208618164,15.0,4.980957269843186,128.0,0.6090970039367676,16.085294008255005,0.12566635943949223,0.08774816989898682,0.12472078517334889,0.038371503353118896,0.17088472843170166,13.0,4.42303331179653,0.6090970039367676,0.5604639053344727,0.5277459621429443,0.4911527633666992,0.4662179946899414,0.03786670008171301,0.9201554131969697,0.04863309860229492,180.0,150.0,30.0,1.0,1.0
2010-08-09,0.3715722222222222,0.3669861111111111,0.36630277777777775,0.36440694444444444,0.38158472222222223,0.6139930555555555,0.3791873015873016,0.022085777386636835,0.4331357142857143,0.10575037515933863,0,8,0,2010-08-05,2010-08-04,149.0,4.664731502532959,417.45334792137146,2.8017003216199425,2.5523741245269775,0.6213243655778268,2.3745853900909424,2.9754648208618164,15.0,4.980957269843186,128.0,0.6090970039367676,16.085294008255005,0.12566635943949223,0.08774816989898682,0.12472078517334889,0.038371503353118896,0.17088472843170166,13.0,4.42303331179653,0.6090970039367676,0.5604639053344727,0.5277459621429443,0.4911527633666992,0.4662179946899414,0.03786670008171301,0.9201554131969697,0.04863309860229492,180.0,150.0,30.0,1.0,1.0
2010-08-10,0.3783041666666667,0.3715722222222222,0.3669861111111111,0.36630277777777775,0.42723055555555556,0.6613611111111111,0.37775694444444446,0.02222839675495917,0.4158199404761905,0.09292835343986208,1,8,0,2010-08-05,2010-08-04,149.0,4.664731502532959,417.45334792137146,2.8017003216199425,2.5523741245269775,0.6213243655778268,2.3745853900909424,2.9754648208618164,15.0,4.980957269843186,128.0,0.6090970039367676,16.085294008255005,0.12566635943949223,0.08774816989898682,0.12472078517334889,0.038371503353118896,0.17088472843170166,13.0,4.42303331179653,0.6090970039367676,0.5604639053344727,0.5277459621429443,0.4911527633666992,0.4662179946899414,0.03786670008171301,0.9201554131969697,0.04863309860229492,180.0,150.0,30.0,1.0,1.0
2010-08-11,0.3763902777777777,0.3783041666666667,0.3715722222222222,0.3669861111111111,0.37733055555555556,0.5990652777777777,0.37076746031746033,0.005405256254062594,0.39560158730158734,0.06054740475034651,2,8,0,2010-08-05,2010-08-04,149.0,4.664731502532959,417.45334792137146,2.8017003216199425,2.5523741245269775,0.6213243655778268,2.3745853900909424,2.9754648208618164,15.0,4.980957269843186,128.0,0.6090970039367676,16.085294008255005,0.12566635943949223,0.08774816989898682,0.12472078517334889,0.038371503353118896,0.17088472843170166,13.0,4.42303331179653,0.6090970039367676,0.5604639053344727,0.5277459621429443,0.4911527633666992,0.4662179946899414,0.03786670008171301,0.9201554131969697,0.04863309860229492,180.0,150.0,30.0,1.0,1.0
2010-08-12,0.3678458333333333,0.3763902777777777,0.3783041666666667,0.3715722222222222,0.37046944444444446,0.38132222222222223,0.37063313492063493,0.005223605474743277,0.37969623015873016,0.015411590432759897,3,8,0,2010-08-12,2010-08-11,149.0,4.1719970703125,399.49210131168365,2.681155042360293,2.523557662963867,0.5412304735342379,2.3123714923858643,2.89634108543396,15.0,4.984509070794504,134.0,0.6090970039367676,16.277462244033813,0.12147359883607324,0.08375787734985352,0.12273714710435744,0.03792983293533325,0.1685001254081726,14.0,4.461084090679238,0.6090970039367676,0.5604639053344727,0.5277459621429443,0.4911527633666992,0.4662179946899414,0.03741965392424856,0.9201554131969697,0.04863309860229492,180.0,150.0,30.0,1.0,1.0
2010-08-13,0.37103749999999996,0.3678458333333333,0.3763902777777777,0.3783041666666667,0.36440694444444444,0.38281944444444443,0.3702583333333333,0.00533034156022959,0.378733630952381,0.015719997673597216,4,8,0,2010-08-12,2010-08-11,149.0,4.1719970703125,399.49210131168365,2.681155042360293,2.523557662963867,0.5412304735342379,2.3123714923858643,2.89634108543396,15.0,4.984509070794504,134.0,0.6090970039367676,16.277462244033813,0.12147359883607324,0.08375787734985352,0.12273714710435744,0.03792983293533325,0.1685001254081726,14.0,4.461084090679238,0.6090970039367676,0.5604639053344727,0.5277459621429443,0.4911527633666992,0.4662179946899414,0.03741965392424856,0.9201554131969697,0.04863309860229492,180.0,150.0,30.0,1.0,1.0
2010-08-14,0.3849097222222222,0.37103749999999996,0.3678458333333333,0.3763902777777777,0.36630277777777775,0.38515,0.3712055555555555,0.004664814860381797,0.37789206349206356,0.015799609313167044,5,8,1,2010-08-12,2010-08-11,149.0,4.1719970703125,399.49210131168365,2.681155042360293,2.523557662963867,0.5412304735342379,2.3123714923858643,2.89634108543396,15.0,4.984509070794504,134.0,0.6090970039367676,16.277462244033813,0.12147359883607324,0.08375787734985352,0.12273714710435744,0.03792983293533325,0.1685001254081726,14.0,4.461084090679238,0.6090970039367676,0.5604639053344727,0.5277459621429443,0.4911527633666992,0.4662179946899414,0.03741965392424856,0.9201554131969697,0.04863309860229492,180.0,150.0,30.0,1.0,1.0
2010-08-15,0.7333236111111112,0.3849097222222222,0.37103749999999996,0.3678458333333333,0.3669861111111111,0.38587777777777776,0.3738636904761905,0.006388403183182157,0.37787490079365077,0.015791247029526768,6,8,1,2010-08-12,2010-08-11,149.0,4.1719970703125,399.49210131168365,2.681155042360293,2.523557662963867,0.5412304735342379,2.3123714923858643,2.89634108543396,15.0,4.984509070794504,134.0,0.6090970039367676,16.277462244033813,0.12147359883607324,0.08375787734985352,0.12273714710435744,0.03792983293533325,0.1685001254081726,14.0,4.461084090679238,0.6090970039367676,0.5604639053344727,0.5277459621429443,0.4911527633666992,0.4662179946899414,0.03741965392424856,0.9201554131969697,0.04863309860229492,180.0,150.0,30.0,1.0,1.0
2010-08-16,0.7845347222222222,0.7333236111111112,0.3849097222222222,0.37103749999999996,0.3715722222222222,0.38158472222222223,0.42619761904761905,0.13554650066692503,0.4026924603174603,0.09643599202499785,0,8,0,2010-08-12,2010-08-11,149.0,4.1719970703125,399.49210131168365,2.681155042360293,2.523557662963867,0.5412304735342379,2.3123714923858643,2.89634108543396,15.0,4.984509070794504,134.0,0.6090970039367676,16.277462244033813,0.12147359883607324,0.08375787734985352,0.12273714710435744,0.03792983293533325,0.1685001254081726,14.0,4.461084090679238,0.6090970039367676,0.5604639053344727,0.5277459621429443,0.4911527633666992,0.4662179946899414,0.03741965392424856,0.9201554131969697,0.04863309860229492,180.0,150.0,30.0,1.0,1.0
2010-08-17,0.775120443740095,0.7845347222222222,0.7333236111111112,0.3849097222222222,0.3783041666666667,0.42723055555555556,0.4851922619047619,0.18765930716355625,0.43147460317460323,0.13996123616002568,1,8,0,2010-08-12,2010-08-11,149.0,4.1719970703125,399.49210131168365,2.681155042360293,2.523557662963867,0.5412304735342379,2.3123714923858643,2.89634108543396,15.0,4.984509070794504,134.0,0.6090970039367676,16.277462244033813,0.12147359883607324,0.08375787734985352,0.12273714710435744,0.03792983293533325,0.1685001254081726,14.0,4.461084090679238,0.6090970039367676,0.5604639053344727,0.5277459621429443,0.4911527633666992,0.4662179946899414,0.03741965392424856,0.9201554131969697,0.04863309860229492,180.0,150.0,30.0,1.0,1.0
2010-08-18,0.7429095128868128,0.775120443740095,0.7845347222222222,0.7333236111111112,0.3763902777777777,0.37733055555555556,0.5418803014866802,0.2087401264283191,0.45632388090207027,0.16735235938775947,2,8,0,2010-08-12,2010-08-11,149.0,4.1719970703125,399.49210131168365,2.681155042360293,2.523557662963867,0.5412304735342379,2.3123714923858643,2.89634108543396,15.0,4.984509070794504,134.0,0.6090970039367676,16.277462244033813,0.12147359883607324,0.08375787734985352,0.12273714710435744,0.03792983293533325,0.1685001254081726,14.0,4.461084090679238,0.6090970039367676,0.5604639053344727,0.5277459621429443,0.4911527633666992,0.4662179946899414,0.03741965392424856,0.9201554131969697,0.04863309860229492,180.0,150.0,30.0,1.0,1.0
2010-08-19,0.7106985820335306,0.7429095128868128,0.775120443740095,0.7845347222222222,0.3678458333333333,0.37046944444444446,0.5942401922165425,0.20626420398611353,0.4824366635685887,0.18196230667471883,3,8,0,2010-08-19,2010-08-18,149.0,4.046114444732666,382.9437743425369,2.570092445251926,2.5054521560668945,0.5209631320051811,2.2257089614868164,2.8560431003570557,15.0,4.983754572807087,136.0,0.6090970039367676,16.259562492370605,0.11955560656154857,0.08117735385894775,0.12242313769298754,0.03736346960067749,0.16471630334854126,14.0,4.4686332571089675,0.6090970039367676,0.5604639053344727,0.5277459621429443,0.4911527633666992,0.4662179946899414,0.037460848299120664,0.9201554131969697,0.04863309860229492,180.0,150.0,30.0,1.0,1.0
2010-08-20,0.6784876511802486,0.7106985820335306,0.7429095128868128,0.775120443740095,0.37103749999999996,0.36440694444444444,0.6432191563165706,0.1829321866296341,0.506738744824952,0.1884618351020514,4,8,0,2010-08-19,2010-08-18,149.0,4.046114444732666,382.9437743425369,2.570092445251926,2.5054521560668945,0.5209631320051811,2.2257089614868164,2.8560431003570557,15.0,4.983754572807087,136.0,0.6090970039367676,16.259562492370605,0.11955560656154857,0.08117735385894775,0.12242313769298754,0.03736346960067749,0.16471630334854126,14.0,4.4686332571089675,0.6090970039367676,0.5604639053344727,0.5277459621429443,0.4911527633666992,0.4662179946899414,0.037460848299120664,0.9201554131969697,0.04863309860229492,180.0,150.0,30.0,1.0,1.0
2010-08-21,0.6462767203269664,0.6784876511802486,0.7106985820335306,0.7429095128868128,0.3849097222222222,0.36630277777777775,0.6871406064851776,0.13810772705326868,0.5291730810203665,0.18890888647047763,5,8,1,2010-08-19,2010-08-18,149.0,4.046114444732666,382.9437743425369,2.570092445251926,2.5054521560668945,0.5209631320051811,2.2257089614868164,2.8560431003570557,15.0,4.983754572807087,136.0,0.6090970039367676,16.259562492370605,0.11955560656154857,0.08117735385894775,0.12242313769298754,0.03736346960067749,0.16471630334854126,14.0,4.4686332571089675,0.6090970039367676,0.5604639053344727,0.5277459621429443,0.4911527633666992,0.4662179946899414,0.037460848299120664,0.9201554131969697,0.04863309860229492,180.0,150.0,30.0,1.0,1.0
2010-08-22,0.6140657894736842,0.6462767203269664,0.6784876511802486,0.7106985820335306,0.7333236111111112,0.3669861111111111,0.7244787490715696,0.05001642593171042,0.5491712197738801,0.18512219352212403,6,8,1,2010-08-19,2010-08-18,149.0,4.046114444732666,382.9437743425369,2.570092445251926,2.5054521560668945,0.5209631320051811,2.2257089614868164,2.8560431003570557,15.0,4.983754572807087,136.0,0.6090970039367676,16.259562492370605,0.11955560656154857,0.08117735385894775,0.12242313769298754,0.03736346960067749,0.16471630334854126,14.0,4.4686332571089675,0.6090970039367676,0.5604639053344727,0.5277459621429443,0.4911527633666992,0.4662179946899414,0.037460848299120664,0.9201554131969697,0.04863309860229492,180.0,150.0,30.0,1.0,1.0
2010-08-23,0.5317069444444444,0.6140657894736842,0.6462767203269664,0.6784876511802486,0.7845347222222222,0.3715722222222222,0.7074419174090799,0.06466693102465723,0.5668197682283495,0.17806054256263873,0,8,0,2010-08-19,2010-08-18,149.0,4.046114444732666,382.9437743425369,2.570092445251926,2.5054521560668945,0.5209631320051811,2.2257089614868164,2.8560431003570557,15.0,4.983754572807087,136.0,0.6090970039367676,16.259562492370605,0.11955560656154857,0.08117735385894775,0.12242313769298754,0.03736346960067749,0.16471630334854126,14.0,4.4686332571089675,0.6090970039367676,0.5604639053344727,0.5277459621429443,0.4911527633666992,0.4662179946899414,0.037460848299120664,0.9201554131969697,0.04863309860229492,180.0,150.0,30.0,1.0,1.0
2010-08-24,0.5020472222222222,0.5317069444444444,0.6140657894736842,0.6462767203269664,0.775120443740095,0.3783041666666667,0.6713236634408261,0.0825617486993847,0.578257962672794,0.16949061528653264,1,8,0,2010-08-19,2010-08-18,149.0,4.046114444732666,382.9437743425369,2.570092445251926,2.5054521560668945,0.5209631320051811,2.2257089614868164,2.8560431003570557,15.0,4.983754572807087,136.0,0.6090970039367676,16.259562492370605,0.11955560656154857,0.08117735385894775,0.12242313769298754,0.03736346960067749,0.16471630334854126,14.0,4.4686332571089675,0.6090970039367676,0.5604639053344727,0.5277459621429443,0.4911527633666992,0.4662179946899414,0.037460848299120664,0.9201554131969697,0.04863309860229492,180.0,150.0,30.0,1.0,1.0
2010-08-25,0.6808388888888889,0.5020472222222222,0.5317069444444444,0.6140657894736842,0.7429095128868128,0.3763902777777777,0.632313203223987,0.089560672169424,0.5870967523553337,0.16128920758704277,2,8,0,2010-08-19,2010-08-18,149.0,4.046114444732666,382.9437743425369,2.570092445251926,2.5054521560668945,0.5209631320051811,2.2257089614868164,2.8560431003570557,15.0,4.983754572807087,136.0,0.6090970039367676,16.259562492370605,0.11955560656154857,0.08117735385894775,0.12242313769298754,0.03736346960067749,0.16471630334854126,14.0,4.4686332571089675,0.6090970039367676,0.5604639053344727,0.5277459621429443,0.4911527633666992,0.4662179946899414,0.037460848299120664,0.9201554131969697,0.04863309860229492,180.0,150.0,30.0,1.0,1.0
2010-08-26,0.5258694444444444,0.6808388888888889,0.5020472222222222,0.5317069444444444,0.7106985820335306,0.3678458333333333,0.6234459712242836,0.07926694122971562,0.608843081720413,0.15088315404101488,3,8,0,2010-08-26,2010-08-25,149.0,3.723295211791992,364.99301421642303,2.4496175450766646,2.4578142166137695,0.516894403398228,2.183366298675537,2.801603317260742,15.0,4.980786383589314,136.0,0.6090970039367676,16.259562492370605,0.11955560656154857,0.08117735385894775,0.12242313769298754,0.03736346960067749,0.16471630334854126,14.0,4.4686332571089675,0.6090970039367676,0.5604639053344727,0.5277459621429443,0.4911527633666992,0.4662179946899414,0.037460848299120664,0.9201554131969697,0.04863309860229492,180.0,150.0,30.0,1.0,1.0
2010-08-27,1.4101736111111112,0.5258694444444444,0.6808388888888889,0.5020472222222222,0.6784876511802486,0.37103749999999996,0.597041808711557,0.0760782379427997,0.6201304825140638,0.13671298266326742,4,8,0,2010-08-26,2010-08-25,149.0,3.723295211791992,364.99301421642303,2.4496175450766646,2.4578142166137695,0.516894403398228,2.183366298675537,2.801603317260742,15.0,4.980786383589314,136.0,0.6090970039367676,16.259562492370605,0.11955560656154857,0.08117735385894775,0.12242313769298754,0.03736346960067749,0.16471630334854126,14.0,4.4686332571089675,0.6090970039367676,0.5604639053344727,0.5277459621429443,0.4911527633666992,0.4662179946899414,0.037460848299120664,0.9201554131969697,0.04863309860229492,180.0,150.0,30.0,1.0,1.0
2010-08-28,1.0019833333333332,1.4101736111111112,0.5258694444444444,0.6808388888888889,0.6462767203269664,0.3849097222222222,0.7015683744159659,0.31958219390930237,0.6943544904505716,0.23663794144713077,5,8,1,2010-08-26,2010-08-25,149.0,3.723295211791992,364.99301421642303,2.4496175450766646,2.4578142166137695,0.516894403398228,2.183366298675537,2.801603317260742,15.0,4.980786383589314,136.0,0.6090970039367676,16.259562492370605,0.11955560656154857,0.08117735385894775,0.12242313769298754,0.03736346960067749,0.16471630334854126,14.0,4.4686332571089675,0.6090970039367676,0.5604639053344727,0.5277459621429443,0.4911527633666992,0.4662179946899414,0.037460848299120664,0.9201554131969697,0.04863309860229492,180.0,150.0,30.0,1.0,1.0
2010-08-29,1.1586666666666667,1.0019833333333332,1.4101736111111112,0.5258694444444444,0.6140657894736842,0.7333236111111112,0.7523836048454469,0.33712345389770715,0.7384311769585082,0.23198948576980286,6,8,1,2010-08-26,2010-08-25,149.0,3.723295211791992,364.99301421642303,2.4496175450766646,2.4578142166137695,0.516894403398228,2.183366298675537,2.801603317260742,15.0,4.980786383589314,136.0,0.6090970039367676,16.259562492370605,0.11955560656154857,0.08117735385894775,0.12242313769298754,0.03736346960067749,0.16471630334854126,14.0,4.4686332571089675,0.6090970039367676,0.5604639053344727,0.5277459621429443,0.4911527633666992,0.4662179946899414,0.037460848299120664,0.9201554131969697,0.04863309860229492,180.0,150.0,30.0,1.0,1.0
2010-08-30,1.0380569444444443,1.1586666666666667,1.0019833333333332,1.4101736111111112,0.5317069444444444,0.7845347222222222,0.8301837301587301,0.3618188844320203,0.768812823783905,0.25769656227199195,0,8,0,2010-08-26,2010-08-25,149.0,3.723295211791992,364.99301421642303,2.4496175450766646,2.4578142166137695,0.516894403398228,2.183366298675537,2.801603317260742,15.0,4.980786383589314,136.0,0.6090970039367676,16.259562492370605,0.11955560656154857,0.08117735385894775,0.12242313769298754,0.03736346960067749,0.16471630334854126,14.0,4.4686332571089675,0.6090970039367676,0.5604639053344727,0.5277459621429443,0.4911527633666992,0.4662179946899414,0.037460848299120664,0.9201554131969697,0.04863309860229492,180.0,150.0,30.0,1.0,1.0
2010-08-31,0.9479902777777778,1.0380569444444443,1.1586666666666667,1.0019833333333332,0.5020472222222222,0.775120443740095,0.9025194444444444,0.3422896247985431,0.7869215539426353,0.2676036089208083,1,8,0,2010-08-26,2010-08-25,149.0,3.723295211791992,364.99301421642303,2.4496175450766646,2.4578142166137695,0.516894403398228,2.183366298675537,2.801603317260742,15.0,4.980786383589314,136.0,0.6090970039367676,16.259562492370605,0.11955560656154857,0.08117735385894775,0.12242313769298754,0.03736346960067749,0.16471630334854126,14.0,4.4686332571089675,0.6090970039367676,0.5604639053344727,0.5277459621429443,0.4911527633666992,0.4662179946899414,0.037460848299120664,0.9201554131969697,0.04863309860229492,180.0,150.0,30.0,1.0,1.0
2010-09-01,1.1064708333333333,0.9479902777777778,1.0380569444444443,1.1586666666666667,0.6808388888888889,0.7429095128868128,0.9662255952380951,0.293329565460134,0.799269399231041,0.2709841447571413,2,9,0,2010-08-26,2010-08-25,149.0,3.723295211791992,364.99301421642303,2.4496175450766646,2.4578142166137695,0.516894403398228,2.183366298675537,2.801603317260742,15.0,4.980786383589314,136.0,0.6090970039367676,16.259562492370605,0.11955560656154857,0.08117735385894775,0.12242313769298754,0.03736346960067749,0.16471630334854126,14.0,4.4686332571089675,0.6090970039367676,0.5604639053344727,0.5277459621429443,0.4911527633666992,0.4662179946899414,0.037460848299120664,0.9201554131969697,0.04863309860229492,180.0,150.0,30.0,1.0,1.0
2010-09-02,0.9670083333333334,1.1064708333333333,0.9479902777777778,1.0380569444444443,0.5258694444444444,0.7106985820335306,1.027030158730159,0.2672689637473544,0.8252380649772212,0.2823495336721879,3,9,0,2010-09-02,2010-09-01,149.0,3.3129210472106934,354.29082930088043,2.37779080067705,2.4219071865081787,0.4793662017033395,2.1798598766326904,2.6396515369415283,15.0,4.98192349392938,134.0,0.6090970039367676,16.01280403137207,0.11949853754755277,0.08117735385894775,0.12319865243640826,0.03694659471511841,0.16226977109909058,14.0,4.448130939478453,0.6090970039367676,0.5604639053344727,0.5277459621429443,0.4911527633666992,0.4662179946899414,0.03803812266380285,0.9201554131969697,0.04863309860229492,180.0,150.0,30.0,1.0,1.0
2010-09-03,0.9350097222222222,0.9670083333333334,1.1064708333333333,0.9479902777777778,1.4101736111111112,0.6784876511802486,1.09005,0.1598104341192913,0.8435459043557785,0.28266090138355465,4,9,0,2010-09-02,2010-09-01,149.0,3.3129210472106934,354.29082930088043,2.37779080067705,2.4219071865081787,0.4793662017033395,2.1798598766326904,2.6396515369415283,15.0,4.98192349392938,134.0,0.6090970039367676,16.01280403137207,0.11949853754755277,0.08117735385894775,0.12319865243640826,0.03694659471511841,0.16226977109909058,14.0,4.448130939478453,0.6090970039367676,0.5604639053344727,0.5277459621429443,0.4911527633666992,0.4662179946899414,0.03803812266380285,0.9201554131969697,0.04863309860229492,180.0,150.0,30.0,1.0,1.0
2010-09-04,1.2109999999999999,0.9350097222222222,0.9670083333333334,1.1064708333333333,1.0019833333333332,0.6462767203269664,1.0221694444444445,0.08420235715747688,0.8618689094302052,0.2794341198056792,5,9,1,2010-09-02,2010-09-01,149.0,3.3129210472106934,354.29082930088043,2.37779080067705,2.4219071865081787,0.4793662017033395,2.1798598766326904,2.6396515369415283,15.0,4.98192349392938,134.0,0.6090970039367676,16.01280403137207,0.11949853754755277,0.08117735385894775,0.12319865243640826,0.03694659471511841,0.16226977109909058,14.0,4.448130939478453,0.6090970039367676,0.5604639053344727,0.5277459621429443,0.4911527633666992,0.4662179946899414,0.03803812266380285,0.9201554131969697,0.04863309860229492,180.0,150.0,30.0,1.0,1.0
2010-09-05,0.9187625,1.2109999999999999,0.9350097222222222,0.9670083333333334,1.1586666666666667,0.6140657894736842,1.0520289682539683,0.10920056715356527,0.9022062865497077,0.28658702874053466,6,9,1,2010-09-02,2010-09-01,149.0,3.3129210472106934,354.29082930088043,2.37779080067705,2.4219071865081787,0.4793662017033395,2.1798598766326904,2.6396515369415283,15.0,4.98192349392938,134.0,0.6090970039367676,16.01280403137207,0.11949853754755277,0.08117735385894775,0.12319865243640826,0.03694659471511841,0.16226977109909058,14.0,4.448130939478453,0.6090970039367676,0.5604639053344727,0.5277459621429443,0.4911527633666992,0.4662179946899414,0.03803812266380285,0.9201554131969697,0.04863309860229492,180.0,150.0,30.0,1.0,1.0
2010-09-06,0.9881083333333334,0.9187625,1.2109999999999999,0.9350097222222222,1.0380569444444443,0.5317069444444444,1.0177569444444443,0.10779218797148898,0.9239703373015873,0.2743293014197791,0,9,0,2010-09-02,2010-09-01,149.0,3.3129210472106934,354.29082930088043,2.37779080067705,2.4219071865081787,0.4793662017033395,2.1798598766326904,2.6396515369415283,15.0,4.98192349392938,134.0,0.6090970039367676,16.01280403137207,0.11949853754755277,0.08117735385894775,0.12319865243640826,0.03694659471511841,0.16226977109909058,14.0,4.448130939478453,0.6090970039367676,0.5604639053344727,0.5277459621429443,0.4911527633666992,0.4662179946899414,0.03803812266380285,0.9201554131969697,0.04863309860229492,180.0,150.0,30.0,1.0,1.0
2010-09-07,1.0082319444444445,0.9881083333333334,0.9187625,1.2109999999999999,0.9479902777777778,0.5020472222222222,1.0106214285714286,0.10787761256742451,0.9565704365079365,0.2501845066269953,1,9,0,2010-09-02,2010-09-01,149.0,3.3129210472106934,354.29082930088043,2.37779080067705,2.4219071865081787,0.4793662017033395,2.1798598766326904,2.6396515369415283,15.0,4.98192349392938,134.0,0.6090970039367676,16.01280403137207,0.11949853754755277,0.08117735385894775,0.12319865243640826,0.03694659471511841,0.16226977109909058,14.0,4.448130939478453,0.6090970039367676,0.5604639053344727,0.5277459621429443,0.4911527633666992,0.4662179946899414,0.03803812266380285,0.9201554131969697,0.04863309860229492,180.0,150.0,30.0,1.0,1.0
2010-09-08,0.9054249999999999,1.0082319444444445,0.9881083333333334,0.9187625,1.1064708333333333,0.6808388888888889,1.019227380952381,0.10439515268876069,0.9927264880952381,0.2133029001531706,2,9,0,2010-09-02,2010-09-01,149.0,3.3129210472106934,354.29082930088043,2.37779080067705,2.4219071865081787,0.4793662017033395,2.1798598766326904,2.6396515369415283,15.0,4.98192349392938,134.0,0.6090970039367676,16.01280403137207,0.11949853754755277,0.08117735385894775,0.12319865243640826,0.03694659471511841,0.16226977109909058,14.0,4.448130939478453,0.6090970039367676,0.5604639053344727,0.5277459621429443,0.4911527633666992,0.4662179946899414,0.03803812266380285,0.9201554131969697,0.04863309860229492,180.0,150.0,30.0,1.0,1.0
2010-09-09,0.8602180555555555,0.9054249999999999,1.0082319444444445,0.9881083333333334,0.9670083333333334,0.5258694444444444,0.9905065476190477,0.10404762169716049,1.008768353174603,0.19576684503031305,3,9,0,2010-09-09,2010-09-08,149.0,3.3129210472106934,352.6145302057266,2.3665404711793734,2.4219071865081787,0.4684496312742577,2.1798598766326904,2.6278975009918213,15.0,4.982656906580049,133.0,0.6121549606323242,16.601401567459106,0.12482256817638426,0.0831763744354248,0.13005413675567204,0.03770899772644043,0.17068719863891602,14.0,4.436647355525291,0.6121549606323242,0.6090970039367676,0.5604639053344727,0.5277459621429443,0.4911527633666992,0.036873691546153976,0.9950046035853439,0.0030579566955566406,180.0,150.0,30.0,1.0,1.0
2010-09-10,0.9222972222222222,0.8602180555555555,0.9054249999999999,1.0082319444444445,0.9350097222222222,1.4101736111111112,0.9752507936507936,0.11528891560668644,1.0326503968253968,0.14652683023291863,4,9,0,2010-09-09,2010-09-08,149.0,3.3129210472106934,352.6145302057266,2.3665404711793734,2.4219071865081787,0.4684496312742577,2.1798598766326904,2.6278975009918213,15.0,4.982656906580049,133.0,0.6121549606323242,16.601401567459106,0.12482256817638426,0.0831763744354248,0.13005413675567204,0.03770899772644043,0.17068719863891602,14.0,4.436647355525291,0.6121549606323242,0.6090970039367676,0.5604639053344727,0.5277459621429443,0.4911527633666992,0.036873691546153976,0.9950046035853439,0.0030579566955566406,180.0,150.0,30.0,1.0,1.0
2010-09-11,1.0161875,0.9222972222222222,0.8602180555555555,0.9054249999999999,1.2109999999999999,1.0019833333333332,0.9734347222222223,0.11612554589744645,0.9978020833333333,0.10067611136342552,5,9,1,2010-09-09,2010-09-08,149.0,3.3129210472106934,352.6145302057266,2.3665404711793734,2.4219071865081787,0.4684496312742577,2.1798598766326904,2.6278975009918213,15.0,4.982656906580049,133.0,0.6121549606323242,16.601401567459106,0.12482256817638426,0.0831763744354248,0.13005413675567204,0.03770899772644043,0.17068719863891602,14.0,4.436647355525291,0.6121549606323242,0.6090970039367676,0.5604639053344727,0.5277459621429443,0.4911527633666992,0.036873691546153976,0.9950046035853439,0.0030579566955566406,180.0,150.0,30.0,1.0,1.0
2010-09-12,1.1195083333333333,1.0161875,0.9222972222222222,0.8602180555555555,0.9187625,1.1586666666666667,0.9456043650793651,0.058991089455766164,0.9988166666666667,0.1007929948626894,6,9,1,2010-09-09,2010-09-08,149.0,3.3129210472106934,352.6145302057266,2.3665404711793734,2.4219071865081787,0.4684496312742577,2.1798598766326904,2.6278975009918213,15.0,4.982656906580049,133.0,0.6121549606323242,16.601401567459106,0.12482256817638426,0.0831763744354248,0.13005413675567204,0.03770899772644043,0.17068719863891602,14.0,4.436647355525291,0.6121549606323242,0.6090970039367676,0.5604639053344727,0.5277459621429443,0.4911527633666992,0.036873691546153976,0.9950046035853439,0.0030579566955566406,180.0,150.0,30.0,1.0,1.0
2010-09-13,0.7474444444444444,1.1195083333333333,1.0161875,0.9222972222222222,0.9881083333333334,1.0380569444444443,0.9742823412698414,0.08626008350326161,0.996019642857143,0.09646637145665558,0,9,0,2010-09-09,2010-09-08,149.0,3.3129210472106934,352.6145302057266,2.3665404711793734,2.4219071865081787,0.4684496312742577,2.1798598766326904,2.6278975009918213,15.0,4.982656906580049,133.0,0.6121549606323242,16.601401567459106,0.12482256817638426,0.0831763744354248,0.13005413675567204,0.03770899772644043,0.17068719863891602,14.0,4.436647355525291,0.6121549606323242,0.6090970039367676,0.5604639053344727,0.5277459621429443,0.4911527633666992,0.036873691546153976,0.9950046035853439,0.0030579566955566406,180.0,150.0,30.0,1.0,1.0
2010-09-14,0.993526388888889,0.7474444444444444,1.1195083333333333,1.0161875,1.0082319444444445,0.9479902777777778,0.9399017857142856,0.12085454564158653,0.9752616071428571,0.11601221440113967,1,9,0,2010-09-09,2010-09-08,149.0,3.3129210472106934,352.6145302057266,2.3665404711793734,2.4219071865081787,0.4684496312742577,2.1798598766326904,2.6278975009918213,15.0,4.982656906580049,133.0,0.6121549606323242,16.601401567459106,0.12482256817638426,0.0831763744354248,0.13005413675567204,0.03770899772644043,0.17068719863891602,14.0,4.436647355525291,0.6121549606323242,0.6090970039367676,0.5604639053344727,0.5277459621429443,0.4911527633666992,0.036873691546153976,0.9950046035853439,0.0030579566955566406,180.0,150.0,30.0,1.0,1.0
2010-09-15,0.6847875,0.993526388888889,0.7474444444444444,1.1195083333333333,0.9054249999999999,1.1064708333333333,0.9378009920634921,0.11959000888397013,0.9785141865079365,0.11582699552643606,2,9,0,2010-09-09,2010-09-08,149.0,3.3129210472106934,352.6145302057266,2.3665404711793734,2.4219071865081787,0.4684496312742577,2.1798598766326904,2.6278975009918213,15.0,4.982656906580049,133.0,0.6121549606323242,16.601401567459106,0.12482256817638426,0.0831763744354248,0.13005413675567204,0.03770899772644043,0.17068719863891602,14.0,4.436647355525291,0.6121549606323242,0.6090970039367676,0.5604639053344727,0.5277459621429443,0.4911527633666992,0.036873691546153976,0.9950046035853439,0.0030579566955566406,180.0,150.0,30.0,1.0,1.0
2010-09-16,0.9303736111111112,0.6847875,0.993526388888889,0.7474444444444444,0.8602180555555555,0.9670083333333334,0.9062813492063492,0.15374428360776093,0.9483939484126985,0.13347655170167028,3,9,0,2010-09-16,2010-09-15,149.0,3.3129210472106934,352.64221727848053,2.3667262904596007,2.4219071865081787,0.46858175627816034,2.1798598766326904,2.6278975009918213,15.0,4.982648314580354,130.0,1.585547685623169,17.512866258621216,0.1347143558355478,0.08375787734985352,0.17842013074877716,0.03694659471511841,0.17252856492996216,13.0,4.32365452040969,1.585547685623169,0.6090970039367676,0.5604639053344727,0.5277459621429443,0.4911527633666992,0.09053616136893852,0.38415558829274427,0.9764506816864014,180.0,150.0,30.0,1.0,1.0
2010-09-17,1.0400055555555556,0.9303736111111112,0.6847875,0.993526388888889,0.9222972222222222,0.9350097222222222,0.9163035714285714,0.15252285290310286,0.9457771825396826,0.13344265286395313,4,9,0,2010-09-16,2010-09-15,149.0,3.3129210472106934,352.64221727848053,2.3667262904596007,2.4219071865081787,0.46858175627816034,2.1798598766326904,2.6278975009918213,15.0,4.982648314580354,130.0,1.585547685623169,17.512866258621216,0.1347143558355478,0.08375787734985352,0.17842013074877716,0.03694659471511841,0.17252856492996216,13.0,4.32365452040969,1.585547685623169,0.6090970039367676,0.5604639053344727,0.5277459621429443,0.4911527633666992,0.09053616136893852,0.38415558829274427,0.9764506816864014,180.0,150.0,30.0,1.0,1.0
2010-09-18,0.8666291666666666,1.0400055555555556,0.9303736111111112,0.6847875,1.0161875,1.2109999999999999,0.9331190476190476,0.1596173859038853,0.953276884920635,0.13572195883272473,5,9,1,2010-09-16,2010-09-15,149.0,3.3129210472106934,352.64221727848053,2.3667262904596007,2.4219071865081787,0.46858175627816034,2.1798598766326904,2.6278975009918213,15.0,4.982648314580354,130.0,1.585547685623169,17.512866258621216,0.1347143558355478,0.08375787734985352,0.17842013074877716,0.03694659471511841,0.17252856492996216,13.0,4.32365452040969,1.585547685623169,0.6090970039367676,0.5604639053344727,0.5277459621429443,0.4911527633666992,0.09053616136893852,0.38415558829274427,0.9764506816864014,180.0,150.0,30.0,1.0,1.0
2010-09-19,0.6386111111111111,0.8666291666666666,1.0400055555555556,0.9303736111111112,1.1195083333333333,0.9187625,0.9117535714285714,0.15662663182172695,0.9286789682539682,0.11505238585890332,6,9,1,2010-09-16,2010-09-15,149.0,3.3129210472106934,352.64221727848053,2.3667262904596007,2.4219071865081787,0.46858175627816034,2.1798598766326904,2.6278975009918213,15.0,4.982648314580354,130.0,1.585547685623169,17.512866258621216,0.1347143558355478,0.08375787734985352,0.17842013074877716,0.03694659471511841,0.17252856492996216,13.0,4.32365452040969,1.585547685623169,0.6090970039367676,0.5604639053344727,0.5277459621429443,0.4911527633666992,0.09053616136893852,0.38415558829274427,0.9764506816864014,180.0,150.0,30.0,1.0,1.0
2010-09-20,1.1686333333333334,0.6386111111111111,0.8666291666666666,1.0400055555555556,0.7474444444444444,0.9881083333333334,0.8430539682539682,0.15577693719688085,0.9086681547619048,0.13881826459466207,0,9,0,2010-09-16,2010-09-15,149.0,3.3129210472106934,352.64221727848053,2.3667262904596007,2.4219071865081787,0.46858175627816034,2.1798598766326904,2.6278975009918213,15.0,4.982648314580354,130.0,1.585547685623169,17.512866258621216,0.1347143558355478,0.08375787734985352,0.17842013074877716,0.03694659471511841,0.17252856492996216,13.0,4.32365452040969,1.585547685623169,0.6090970039367676,0.5604639053344727,0.5277459621429443,0.4911527633666992,0.09053616136893852,0.38415558829274427,0.9764506816864014,180.0,150.0,30.0,1.0,1.0
2010-09-21,0.7717888888888889,1.1686333333333334,0.6386111111111111,0.8666291666666666,0.993526388888889,1.0082319444444445,0.9032238095238095,0.1902264432669572,0.9215627976190477,0.15428744011456852,1,9,0,2010-09-16,2010-09-15,149.0,3.3129210472106934,352.64221727848053,2.3667262904596007,2.4219071865081787,0.46858175627816034,2.1798598766326904,2.6278975009918213,15.0,4.982648314580354,130.0,1.585547685623169,17.512866258621216,0.1347143558355478,0.08375787734985352,0.17842013074877716,0.03694659471511841,0.17252856492996216,13.0,4.32365452040969,1.585547685623169,0.6090970039367676,0.5604639053344727,0.5277459621429443,0.4911527633666992,0.09053616136893852,0.38415558829274427,0.9764506816864014,180.0,150.0,30.0,1.0,1.0
2010-09-22,1.0488847222222222,0.7717888888888889,1.1686333333333334,0.6386111111111111,0.6847875,0.9054249999999999,0.8715470238095238,0.19114272571300403,0.904674007936508,0.1569878559708162,2,9,0,2010-09-16,2010-09-15,149.0,3.3129210472106934,352.64221727848053,2.3667262904596007,2.4219071865081787,0.46858175627816034,2.1798598766326904,2.6278975009918213,15.0,4.982648314580354,130.0,1.585547685623169,17.512866258621216,0.1347143558355478,0.08375787734985352,0.17842013074877716,0.03694659471511841,0.17252856492996216,13.0,4.32365452040969,1.585547685623169,0.6090970039367676,0.5604639053344727,0.5277459621429443,0.4911527633666992,0.09053616136893852,0.38415558829274427,0.9764506816864014,180.0,150.0,30.0,1.0,1.0
2010-09-23,1.0068486111111112,1.0488847222222222,0.7717888888888889,1.1686333333333334,0.9303736111111112,0.8602180555555555,0.9235609126984128,0.18112825871985272,0.914921130952381,0.1616533676858654,3,9,0,2010-09-23,2010-09-22,149.0,3.307772636413574,356.75212919712067,2.3943095919269846,2.4808971881866455,0.48072261270782085,2.1798598766326904,2.6848747730255127,15.0,4.981940823001196,147.0,1.7076923847198486,19.99935555458069,0.13605003778626318,0.08667826652526855,0.17774801982609154,0.035364389419555664,0.18473529815673828,15.0,4.458023189391973,1.7076923847198486,0.5571508407592773,0.5282678604125977,0.4662179946899414,0.45051074028015137,0.0853873706109853,0.32625948662919135,1.1505415439605713,180.0,150.0,30.0,1.0,1.0
2010-09-24,0.9222166666666667,1.0068486111111112,1.0488847222222222,0.7717888888888889,1.0400055555555556,0.9222972222222222,0.9344859126984126,0.18389291046400624,0.925394742063492,0.16258395001421658,4,9,0,2010-09-23,2010-09-22,149.0,3.307772636413574,356.75212919712067,2.3943095919269846,2.4808971881866455,0.48072261270782085,2.1798598766326904,2.6848747730255127,15.0,4.981940823001196,147.0,1.7076923847198486,19.99935555458069,0.13605003778626318,0.08667826652526855,0.17774801982609154,0.035364389419555664,0.18473529815673828,15.0,4.458023189391973,1.7076923847198486,0.5571508407592773,0.5282678604125977,0.4662179946899414,0.45051074028015137,0.0853873706109853,0.32625948662919135,1.1505415439605713,180.0,150.0,30.0,1.0,1.0
2010-09-25,0.4491779661016949,0.9222166666666667,1.0068486111111112,1.0488847222222222,0.8666291666666666,1.0161875,0.9176589285714287,0.1779202643130519,0.9253889880952382,0.1625840694957713,5,9,1,2010-09-23,2010-09-22,149.0,3.307772636413574,356.75212919712067,2.3943095919269846,2.4808971881866455,0.48072261270782085,2.1798598766326904,2.6848747730255127,15.0,4.981940823001196,147.0,1.7076923847198486,19.99935555458069,0.13605003778626318,0.08667826652526855,0.17774801982609154,0.035364389419555664,0.18473529815673828,15.0,4.458023189391973,1.7076923847198486,0.5571508407592773,0.5282678604125977,0.4662179946899414,0.45051074028015137,0.0853873706109853,0.32625948662919135,1.1505415439605713,180.0,150.0,30.0,1.0,1.0
2010-09-26,0.8458236382605957,0.4491779661016949,0.9222166666666667,1.0068486111111112,0.6386111111111111,1.1195083333333333,0.8580230427764326,0.25229249764046685,0.884888307102502,0.20365975225497213,6,9,1,2010-09-23,2010-09-22,149.0,3.307772636413574,356.75212919712067,2.3943095919269846,2.4808971881866455,0.48072261270782085,2.1798598766326904,2.6848747730255127,15.0,4.981940823001196,147.0,1.7076923847198486,19.99935555458069,0.13605003778626318,0.08667826652526855,0.17774801982609154,0.035364389419555664,0.18473529815673828,15.0,4.458023189391973,1.7076923847198486,0.5571508407592773,0.5282678604125977,0.4662179946899414,0.45051074028015137,0.0853873706109853,0.32625948662919135,1.1505415439605713,180.0,150.0,30.0,1.0,1.0
2010-09-27,1.2424693104194964,0.8458236382605957,0.4491779661016949,0.9222166666666667,1.1686333333333334,0.7474444444444444,0.8876248323692161,0.23373146781358461,0.8653394003115923,0.1922206436524949,0,9,0,2010-09-23,2010-09-22,149.0,3.307772636413574,356.75212919712067,2.3943095919269846,2.4808971881866455,0.48072261270782085,2.1798598766326904,2.6848747730255127,15.0,4.981940823001196,147.0,1.7076923847198486,19.99935555458069,0.13605003778626318,0.08667826652526855,0.17774801982609154,0.035364389419555664,0.18473529815673828,15.0,4.458023189391973,1.7076923847198486,0.5571508407592773,0.5282678604125977,0.4662179946899414,0.45051074028015137,0.0853873706109853,0.32625948662919135,1.1505415439605713,180.0,150.0,30.0,1.0,1.0
2010-09-28,1.6391149825783973,1.2424693104194964,0.8458236382605957,0.4491779661016949,0.7717888888888889,0.993526388888889,0.8981728290958108,0.24965055531743519,0.9006983193098101,0.2132456673455246,1,9,0,2010-09-23,2010-09-22,149.0,3.307772636413574,356.75212919712067,2.3943095919269846,2.4808971881866455,0.48072261270782085,2.1798598766326904,2.6848747730255127,15.0,4.981940823001196,147.0,1.7076923847198486,19.99935555458069,0.13605003778626318,0.08667826652526855,0.17774801982609154,0.035364389419555664,0.18473529815673828,15.0,4.458023189391973,1.7076923847198486,0.5571508407592773,0.5282678604125977,0.4662179946899414,0.45051074028015137,0.0853873706109853,0.32625948662919135,1.1505415439605713,180.0,150.0,30.0,1.0,1.0
2010-09-29,1.1697402777777777,1.6391149825783973,1.2424693104194964,0.8458236382605957,1.0488847222222222,0.6847875,1.0220765567657406,0.36503649063563587,0.9468117902876322,0.2906266541793806,2,9,0,2010-09-23,2010-09-22,149.0,3.307772636413574,356.75212919712067,2.3943095919269846,2.4808971881866455,0.48072261270782085,2.1798598766326904,2.6848747730255127,15.0,4.981940823001196,147.0,1.7076923847198486,19.99935555458069,0.13605003778626318,0.08667826652526855,0.17774801982609154,0.035364389419555664,0.18473529815673828,15.0,4.458023189391973,1.7076923847198486,0.5571508407592773,0.5282678604125977,0.4662179946899414,0.45051074028015137,0.0853873706109853,0.32625948662919135,1.1505415439605713,180.0,150.0,30.0,1.0,1.0
2010-09-30,0.8668597222222222,1.1697402777777777,1.6391149825783973,1.2424693104194964,1.0068486111111112,0.9303736111111112,1.0393416361308199,0.36934833445386983,0.9814512744146163,0.28585525456873784,3,9,0,2010-09-30,2010-09-29,149.0,3.307772636413574,358.8667103052139,2.4085014114443886,2.4931442737579346,0.4895640179813114,2.1798598766326904,2.7252938747406006,15.0,4.98138083295688,155.0,1.7088143825531006,22.171569108963013,0.14304238134814848,0.09073901176452637,0.1778112552798142,0.0328974723815918,0.21572768688201904,16.0,4.534563851051778,1.7088143825531006,0.5733234882354736,0.564378023147583,0.45358800888061523,0.45049405097961426,0.07707232510947096,0.3355095170599419,1.135490894317627,180.0,150.0,30.0,1.0,1.0
2010-10-01,1.045013888888889,0.8668597222222222,1.1697402777777777,1.6391149825783973,0.9222166666666667,1.0400055555555556,1.0193432234324074,0.37514526327822545,0.9769145680654099,0.28722894883318106,4,10,0,2010-09-30,2010-09-29,149.0,3.307772636413574,358.8667103052139,2.4085014114443886,2.4931442737579346,0.4895640179813114,2.1798598766326904,2.7252938747406006,15.0,4.98138083295688,155.0,1.7088143825531006,22.171569108963013,0.14304238134814848,0.09073901176452637,0.1778112552798142,0.0328974723815918,0.21572768688201904,16.0,4.534563851051778,1.7088143825531006,0.5733234882354736,0.564378023147583,0.45358800888061523,0.45049405097961426,0.07707232510947096,0.3355095170599419,1.135490894317627,180.0,150.0,30.0,1.0,1.0
2010-10-02,1.3355930555555555,1.045013888888889,0.8668597222222222,1.1697402777777777,0.4491779661016949,0.8666291666666666,1.0368856837498674,0.3727096861719627,0.9772723061606481,0.2873166774382599,5,10,1,2010-09-30,2010-09-29,149.0,3.307772636413574,358.8667103052139,2.4085014114443886,2.4931442737579346,0.4895640179813114,2.1798598766326904,2.7252938747406006,15.0,4.98138083295688,155.0,1.7088143825531006,22.171569108963013,0.14304238134814848,0.09073901176452637,0.1778112552798142,0.0328974723815918,0.21572768688201904,16.0,4.534563851051778,1.7088143825531006,0.5733234882354736,0.564378023147583,0.45358800888061523,0.45049405097961426,0.07707232510947096,0.3355095170599419,1.135490894317627,180.0,150.0,30.0,1.0,1.0
2010-10-03,1.2713083333333333,1.3355930555555555,1.045013888888889,0.8668597222222222,0.8458236382605957,0.6386111111111111,1.163516410814705,0.2784042044484585,1.0107697267955686,0.3004617120398893,6,10,1,2010-09-30,2010-09-29,149.0,3.307772636413574,358.8667103052139,2.4085014114443886,2.4931442737579346,0.4895640179813114,2.1798598766326904,2.7252938747406006,15.0,4.98138083295688,155.0,1.7088143825531006,22.171569108963013,0.14304238134814848,0.09073901176452637,0.1778112552798142,0.0328974723815918,0.21572768688201904,16.0,4.534563851051778,1.7088143825531006,0.5733234882354736,0.564378023147583,0.45358800888061523,0.45049405097961426,0.07707232510947096,0.3355095170599419,1.135490894317627,180.0,150.0,30.0,1.0,1.0
2010-10-04,1.2333055555555557,1.2713083333333333,1.3355930555555555,1.045013888888889,1.2424693104194964,1.1686333333333334,1.2242999386822386,0.24148200289547414,1.0559623855257274,0.28748099413436773,0,10,0,2010-09-30,2010-09-29,149.0,3.307772636413574,358.8667103052139,2.4085014114443886,2.4931442737579346,0.4895640179813114,2.1798598766326904,2.7252938747406006,15.0,4.98138083295688,155.0,1.7088143825531006,22.171569108963013,0.14304238134814848,0.09073901176452637,0.1778112552798142,0.0328974723815918,0.21572768688201904,16.0,4.534563851051778,1.7088143825531006,0.5733234882354736,0.564378023147583,0.45358800888061523,0.45049405097961426,0.07707232510947096,0.3355095170599419,1.135490894317627,180.0,150.0,30.0,1.0,1.0
2010-10-05,1.2879333333333334,1.2333055555555557,1.2713083333333333,1.3355930555555555,1.6391149825783973,0.7717888888888889,1.2229908308445332,0.24139190992280782,1.060581829970172,0.28993982049185085,1,10,0,2010-09-30,2010-09-29,149.0,3.307772636413574,358.8667103052139,2.4085014114443886,2.4931442737579346,0.4895640179813114,2.1798598766326904,2.7252938747406006,15.0,4.98138083295688,155.0,1.7088143825531006,22.171569108963013,0.14304238134814848,0.09073901176452637,0.1778112552798142,0.0328974723815918,0.21572768688201904,16.0,4.534563851051778,1.7088143825531006,0.5733234882354736,0.564378023147583,0.45358800888061523,0.45049405097961426,0.07707232510947096,0.3355095170599419,1.135490894317627,180.0,150.0,30.0,1.0,1.0
2010-10-06,0.913511111111111,1.2879333333333334,1.2333055555555557,1.2713083333333333,1.1697402777777777,1.0488847222222222,1.1728220238095237,0.16485356109547233,1.097449290287632,0.28312876956614164,2,10,0,2010-09-30,2010-09-29,149.0,3.307772636413574,358.8667103052139,2.4085014114443886,2.4931442737579346,0.4895640179813114,2.1798598766326904,2.7252938747406006,15.0,4.98138083295688,155.0,1.7088143825531006,22.171569108963013,0.14304238134814848,0.09073901176452637,0.1778112552798142,0.0328974723815918,0.21572768688201904,16.0,4.534563851051778,1.7088143825531006,0.5733234882354736,0.564378023147583,0.45358800888061523,0.45049405097961426,0.07707232510947096,0.3355095170599419,1.135490894317627,180.0,150.0,30.0,1.0,1.0
2010-10-07,1.2569124999999999,0.913511111111111,1.2879333333333334,1.2333055555555557,0.8668597222222222,1.0068486111111112,1.1362178571428572,0.191882679780946,1.0877797466368384,0.2871973909076467,3,10,0,2010-10-07,2010-10-06,149.0,3.307772636413574,362.4616061449051,2.4326282291604366,2.524911403656006,0.5074519668358703,2.1798598766326904,2.7999541759490967,15.0,4.980226919044562,160.0,1.7088143825531006,21.367379188537598,0.13354611992836,0.08331871032714844,0.16832447221257488,0.03643143177032471,0.19354289770126343,16.0,4.591227335637057,1.7088143825531006,0.5733234882354736,0.564378023147583,0.42560625076293945,0.4107978343963623,0.07997304524224402,0.3355095170599419,1.135490894317627,180.0,150.0,30.0,1.0,1.0
2010-10-08,1.0489277777777777,1.2569124999999999,0.913511111111111,1.2879333333333334,1.045013888888889,0.9222166666666667,1.1919396825396826,0.1534018231025491,1.105641452986045,0.2895433950849192,4,10,0,2010-10-07,2010-10-06,149.0,3.307772636413574,362.4616061449051,2.4326282291604366,2.524911403656006,0.5074519668358703,2.1798598766326904,2.7999541759490967,15.0,4.980226919044562,160.0,1.7088143825531006,21.367379188537598,0.13354611992836,0.08331871032714844,0.16832447221257488,0.03643143177032471,0.19354289770126343,16.0,4.591227335637057,1.7088143825531006,0.5733234882354736,0.564378023147583,0.42560625076293945,0.4107978343963623,0.07997304524224402,0.3355095170599419,1.135490894317627,180.0,150.0,30.0,1.0,1.0
2010-10-09,1.1192916666666666,1.0489277777777777,1.2569124999999999,0.913511111111111,1.3355930555555555,0.4491779661016949,1.1924988095238096,0.15278293081467823,1.1146922466368385,0.2853182921532629,5,10,1,2010-10-07,2010-10-06,149.0,3.307772636413574,362.4616061449051,2.4326282291604366,2.524911403656006,0.5074519668358703,2.1798598766326904,2.7999541759490967,15.0,4.980226919044562,160.0,1.7088143825531006,21.367379188537598,0.13354611992836,0.08331871032714844,0.16832447221257488,0.03643143177032471,0.19354289770126343,16.0,4.591227335637057,1.7088143825531006,0.5733234882354736,0.564378023147583,0.42560625076293945,0.4107978343963623,0.07997304524224402,0.3355095170599419,1.135490894317627,180.0,150.0,30.0,1.0,1.0
2010-10-10,1.3881277777777778,1.1192916666666666,1.0489277777777777,1.2569124999999999,1.2713083333333333,0.8458236382605957,1.1615986111111112,0.1403895238103843,1.1625575109629078,0.2118275041244368,6,10,1,2010-10-07,2010-10-06,149.0,3.307772636413574,362.4616061449051,2.4326282291604366,2.524911403656006,0.5074519668358703,2.1798598766326904,2.7999541759490967,15.0,4.980226919044562,160.0,1.7088143825531006,21.367379188537598,0.13354611992836,0.08331871032714844,0.16832447221257488,0.03643143177032471,0.19354289770126343,16.0,4.591227335637057,1.7088143825531006,0.5733234882354736,0.564378023147583,0.42560625076293945,0.4107978343963623,0.07997304524224402,0.3355095170599419,1.135490894317627,180.0,150.0,30.0,1.0,1.0
2010-10-11,1.126798611111111,1.3881277777777778,1.1192916666666666,1.0489277777777777,1.2333055555555557,1.2424693104194964,1.178287103174603,0.16103054068684408,1.2012935209284208,0.19862537024178065,0,10,0,2010-10-07,2010-10-06,149.0,3.307772636413574,362.4616061449051,2.4326282291604366,2.524911403656006,0.5074519668358703,2.1798598766326904,2.7999541759490967,15.0,4.980226919044562,160.0,1.7088143825531006,21.367379188537598,0.13354611992836,0.08331871032714844,0.16832447221257488,0.03643143177032471,0.19354289770126343,16.0,4.591227335637057,1.7088143825531006,0.5733234882354736,0.564378023147583,0.42560625076293945,0.4107978343963623,0.07997304524224402,0.3355095170599419,1.135490894317627,180.0,150.0,30.0,1.0,1.0
2010-10-12,1.0970083333333334,1.126798611111111,1.3881277777777778,1.1192916666666666,1.2879333333333334,1.6391149825783973,1.1630718253968253,0.15999401664384,1.193031328120679,0.19918581245361391,1,10,0,2010-10-07,2010-10-06,149.0,3.307772636413574,362.4616061449051,2.4326282291604366,2.524911403656006,0.5074519668358703,2.1798598766326904,2.7999541759490967,15.0,4.980226919044562,160.0,1.7088143825531006,21.367379188537598,0.13354611992836,0.08331871032714844,0.16832447221257488,0.03643143177032471,0.19354289770126343,16.0,4.591227335637057,1.7088143825531006,0.5733234882354736,0.564378023147583,0.42560625076293945,0.4107978343963623,0.07997304524224402,0.3355095170599419,1.135490894317627,180.0,150.0,30.0,1.0,1.0
2010-10-13,1.4401986111111111,1.0970083333333334,1.126798611111111,1.3881277777777778,0.913511111111111,1.1697402777777777,1.1357968253968254,0.15119249409027088,1.1543094246031746,0.15317492008555114,2,10,0,2010-10-07,2010-10-06,149.0,3.307772636413574,362.4616061449051,2.4326282291604366,2.524911403656006,0.5074519668358703,2.1798598766326904,2.7999541759490967,15.0,4.980226919044562,160.0,1.7088143825531006,21.367379188537598,0.13354611992836,0.08331871032714844,0.16832447221257488,0.03643143177032471,0.19354289770126343,16.0,4.591227335637057,1.7088143825531006,0.5733234882354736,0.564378023147583,0.42560625076293945,0.4107978343963623,0.07997304524224402,0.3355095170599419,1.135490894317627,180.0,150.0,30.0,1.0,1.0
2010-10-14,1.482723611111111,1.4401986111111111,1.0970083333333334,1.126798611111111,1.2569124999999999,0.8668597222222222,1.211037896825397,0.15317527986913237,1.173627876984127,0.17125844373585167,3,10,0,2010-10-14,2010-10-13,149.0,3.343407154083252,366.8167976140976,2.4618577021080377,2.5406577587127686,0.5371334225214254,2.1798598766326904,2.8152873516082764,15.0,4.978213126632692,150.0,1.7088143825531006,18.41068959236145,0.12273793061574301,0.07829093933105469,0.16223430974747438,0.03581798076629639,0.17535114288330078,15.0,4.520487432088594,1.7088143825531006,0.40970635414123535,0.389601469039917,0.38773369789123535,0.38390588760375977,0.09281642460921635,0.23976059560611987,1.2991080284118652,180.0,150.0,30.0,1.0,1.0
2010-10-15,1.1085583333333333,1.482723611111111,1.4401986111111111,1.0970083333333334,1.0489277777777777,1.045013888888889,1.243296626984127,0.1849325402267263,1.2176181547619047,0.16539564632319737,4,10,0,2010-10-14,2010-10-13,149.0,3.343407154083252,366.8167976140976,2.4618577021080377,2.5406577587127686,0.5371334225214254,2.1798598766326904,2.8152873516082764,15.0,4.978213126632692,150.0,1.7088143825531006,18.41068959236145,0.12273793061574301,0.07829093933105469,0.16223430974747438,0.03581798076629639,0.17535114288330078,15.0,4.520487432088594,1.7088143825531006,0.40970635414123535,0.389601469039917,0.38773369789123535,0.38390588760375977,0.09281642460921635,0.23976059560611987,1.2991080284118652,180.0,150.0,30.0,1.0,1.0
2010-10-16,0.6944541666666667,1.1085583333333333,1.482723611111111,1.4401986111111111,1.1192916666666666,1.3355930555555555,1.2518152777777778,0.17562623805636057,1.2221570436507938,0.161110986249641,5,10,1,2010-10-14,2010-10-13,149.0,3.343407154083252,366.8167976140976,2.4618577021080377,2.5406577587127686,0.5371334225214254,2.1798598766326904,2.8152873516082764,15.0,4.978213126632692,150.0,1.7088143825531006,18.41068959236145,0.12273793061574301,0.07829093933105469,0.16223430974747438,0.03581798076629639,0.17535114288330078,15.0,4.520487432088594,1.7088143825531006,0.40970635414123535,0.389601469039917,0.38773369789123535,0.38390588760375977,0.09281642460921635,0.23976059560611987,1.2991080284118652,180.0,150.0,30.0,1.0,1.0
2010-10-17,0.7273486111111112,0.6944541666666667,1.1085583333333333,1.482723611111111,1.3881277777777778,1.2713083333333333,1.1911242063492062,0.27458226168188105,1.1763614087301588,0.2100693994604579,6,10,1,2010-10-14,2010-10-13,149.0,3.343407154083252,366.8167976140976,2.4618577021080377,2.5406577587127686,0.5371334225214254,2.1798598766326904,2.8152873516082764,15.0,4.978213126632692,150.0,1.7088143825531006,18.41068959236145,0.12273793061574301,0.07829093933105469,0.16223430974747438,0.03581798076629639,0.17535114288330078,15.0,4.520487432088594,1.7088143825531006,0.40970635414123535,0.389601469039917,0.38773369789123535,0.38390588760375977,0.09281642460921635,0.23976059560611987,1.2991080284118652,180.0,150.0,30.0,1.0,1.0
2010-10-18,1.8846416666666668,0.7273486111111112,0.6944541666666667,1.1085583333333333,1.126798611111111,1.2333055555555557,1.0967271825396827,0.3072117400741127,1.1375071428571428,0.23941296827680825,0,10,0,2010-10-14,2010-10-13,149.0,3.343407154083252,366.8167976140976,2.4618577021080377,2.5406577587127686,0.5371334225214254,2.1798598766326904,2.8152873516082764,15.0,4.978213126632692,150.0,1.7088143825531006,18.41068959236145,0.12273793061574301,0.07829093933105469,0.16223430974747438,0.03581798076629639,0.17535114288330078,15.0,4.520487432088594,1.7088143825531006,0.40970635414123535,0.389601469039917,0.38773369789123535,0.38390588760375977,0.09281642460921635,0.23976059560611987,1.2991080284118652,180.0,150.0,30.0,1.0,1.0
2010-10-19,1.3374847222222224,1.8846416666666668,0.7273486111111112,0.6944541666666667,1.0970083333333334,1.2879333333333334,1.2049904761904762,0.4289779865471204,1.1840311507936507,0.3118026121564159,1,10,0,2010-10-14,2010-10-13,149.0,3.343407154083252,366.8167976140976,2.4618577021080377,2.5406577587127686,0.5371334225214254,2.1798598766326904,2.8152873516082764,15.0,4.978213126632692,150.0,1.7088143825531006,18.41068959236145,0.12273793061574301,0.07829093933105469,0.16223430974747438,0.03581798076629639,0.17535114288330078,15.0,4.520487432088594,1.7088143825531006,0.40970635414123535,0.389601469039917,0.38773369789123535,0.38390588760375977,0.09281642460921635,0.23976059560611987,1.2991080284118652,180.0,150.0,30.0,1.0,1.0
2010-10-20,1.199975,1.3374847222222224,1.8846416666666668,0.7273486111111112,1.4401986111111111,0.913511111111111,1.2393442460317459,0.42851798662978763,1.1875705357142858,0.3133501666147488,2,10,0,2010-10-14,2010-10-13,149.0,3.343407154083252,366.8167976140976,2.4618577021080377,2.5406577587127686,0.5371334225214254,2.1798598766326904,2.8152873516082764,15.0,4.978213126632692,150.0,1.7088143825531006,18.41068959236145,0.12273793061574301,0.07829093933105469,0.16223430974747438,0.03581798076629639,0.17535114288330078,15.0,4.520487432088594,1.7088143825531006,0.40970635414123535,0.389601469039917,0.38773369789123535,0.38390588760375977,0.09281642460921635,0.23976059560611987,1.2991080284118652,180.0,150.0,30.0,1.0,1.0
2010-10-21,0.9411097222222223,1.199975,1.3374847222222224,1.8846416666666668,1.482723611111111,1.2569124999999999,1.2050265873015873,0.41927110140657914,1.2080322420634921,0.3032683519050511,3,10,0,2010-10-21,2010-10-20,149.0,4.189491271972656,370.99638736248016,2.4899086400166452,2.5406577587127686,0.5792078756295139,2.1798598766326904,2.8152873516082764,15.0,4.975263441122517,141.0,1.7088143825531006,14.948115587234497,0.10601500416478367,0.069427490234375,0.15964103069961097,0.03229045867919922,0.13145732879638672,15.0,4.401587491659743,1.7088143825531006,0.40970635414123535,0.389601469039917,0.33374834060668945,0.29991626739501953,0.11431637470159828,0.23976059560611987,1.2991080284118652,180.0,150.0,30.0,1.0,1.0
2010-10-22,1.1589527777777777,0.9411097222222223,1.199975,1.3374847222222224,1.1085583333333333,1.0489277777777777,1.1276531746031746,0.40934083161032075,1.1854749007936507,0.31099922006133385,4,10,0,2010-10-21,2010-10-20,149.0,4.189491271972656,370.99638736248016,2.4899086400166452,2.5406577587127686,0.5792078756295139,2.1798598766326904,2.8152873516082764,15.0,4.975263441122517,141.0,1.7088143825531006,14.948115587234497,0.10601500416478367,0.069427490234375,0.15964103069961097,0.03229045867919922,0.13145732879638672,15.0,4.401587491659743,1.7088143825531006,0.40970635414123535,0.389601469039917,0.33374834060668945,0.29991626739501953,0.11431637470159828,0.23976059560611987,1.2991080284118652,180.0,150.0,30.0,1.0,1.0
2010-10-23,1.592525,1.1589527777777777,0.9411097222222223,1.199975,0.6944541666666667,1.1192916666666666,1.134852380952381,0.4093921817222723,1.1933338293650795,0.30866465759326017,5,10,1,2010-10-21,2010-10-20,149.0,4.189491271972656,370.99638736248016,2.4899086400166452,2.5406577587127686,0.5792078756295139,2.1798598766326904,2.8152873516082764,15.0,4.975263441122517,141.0,1.7088143825531006,14.948115587234497,0.10601500416478367,0.069427490234375,0.15964103069961097,0.03229045867919922,0.13145732879638672,15.0,4.401587491659743,1.7088143825531006,0.40970635414123535,0.389601469039917,0.33374834060668945,0.29991626739501953,0.11431637470159828,0.23976059560611987,1.2991080284118652,180.0,150.0,30.0,1.0,1.0
2010-10-24,1.661256428075052,1.592525,1.1589527777777777,0.9411097222222223,0.7273486111111112,1.3881277777777778,1.2631482142857142,0.3885671636188816,1.2271362103174603,0.3253915105100623,6,10,1,2010-10-21,2010-10-20,149.0,4.189491271972656,370.99638736248016,2.4899086400166452,2.5406577587127686,0.5792078756295139,2.1798598766326904,2.8152873516082764,15.0,4.975263441122517,141.0,1.7088143825531006,14.948115587234497,0.10601500416478367,0.069427490234375,0.15964103069961097,0.03229045867919922,0.13145732879638672,15.0,4.401587491659743,1.7088143825531006,0.40970635414123535,0.389601469039917,0.33374834060668945,0.29991626739501953,0.11431637470159828,0.23976059560611987,1.2991080284118652,180.0,150.0,30.0,1.0,1.0
2010-10-25,0.8078416666666666,1.661256428075052,1.592525,1.1589527777777777,1.8846416666666668,1.126798611111111,1.3965636167091344,0.3298277054652407,1.2466453996244085,0.3434719579400274,0,10,0,2010-10-21,2010-10-20,149.0,4.189491271972656,370.99638736248016,2.4899086400166452,2.5406577587127686,0.5792078756295139,2.1798598766326904,2.8152873516082764,15.0,4.975263441122517,141.0,1.7088143825531006,14.948115587234497,0.10601500416478367,0.069427490234375,0.15964103069961097,0.03229045867919922,0.13145732879638672,15.0,4.401587491659743,1.7088143825531006,0.40970635414123535,0.389601469039917,0.33374834060668945,0.29991626739501953,0.11431637470159828,0.23976059560611987,1.2991080284118652,180.0,150.0,30.0,1.0,1.0
2010-10-26,0.6568777777777778,0.8078416666666666,1.661256428075052,1.592525,1.3374847222222224,1.0970083333333334,1.242735045280563,0.31502609353617067,1.2238627607355197,0.36210576430303903,1,10,0,2010-10-21,2010-10-20,149.0,4.189491271972656,370.99638736248016,2.4899086400166452,2.5406577587127686,0.5792078756295139,2.1798598766326904,2.8152873516082764,15.0,4.975263441122517,141.0,1.7088143825531006,14.948115587234497,0.10601500416478367,0.069427490234375,0.15964103069961097,0.03229045867919922,0.13145732879638672,15.0,4.401587491659743,1.7088143825531006,0.40970635414123535,0.389601469039917,0.33374834060668945,0.29991626739501953,0.11431637470159828,0.23976059560611987,1.2991080284118652,180.0,150.0,30.0,1.0,1.0
2010-10-27,0.8751930555555556,0.6568777777777778,0.8078416666666666,1.661256428075052,1.199975,1.4401986111111111,1.1455054817884995,0.37936894050937586,1.1924248639101227,0.3918507118781276,2,10,0,2010-10-21,2010-10-20,149.0,4.189491271972656,370.99638736248016,2.4899086400166452,2.5406577587127686,0.5792078756295139,2.1798598766326904,2.8152873516082764,15.0,4.975263441122517,141.0,1.7088143825531006,14.948115587234497,0.10601500416478367,0.069427490234375,0.15964103069961097,0.03229045867919922,0.13145732879638672,15.0,4.401587491659743,1.7088143825531006,0.40970635414123535,0.389601469039917,0.33374834060668945,0.29991626739501953,0.11431637470159828,0.23976059560611987,1.2991080284118652,180.0,150.0,30.0,1.0,1.0
2010-10-28,1.0161986111111112,0.8751930555555556,0.6568777777777778,0.8078416666666666,0.9411097222222223,1.482723611111111,1.0991080611535788,0.3912709191446867,1.152067324227583,0.39346123858479387,3,10,0,2010-10-28,2010-10-27,149.0,4.189491271972656,378.223472237587,2.5384125653529326,2.5406577587127686,0.6616570908424548,2.1798598766326904,2.824608564376831,15.0,4.969193008169321,125.0,1.7088143825531006,13.527387857437134,0.10821910285949707,0.06734013557434082,0.1677406990088416,0.033297061920166016,0.1299421787261963,13.0,4.263561878802744,1.7088143825531006,0.42884016036987305,0.389601469039917,0.33374834060668945,0.29991626739501953,0.1263225687443879,0.2509577194271696,1.2799742221832275,180.0,150.0,30.0,1.0,1.0
2010-10-29,0.8364041666666667,1.0161986111111112,0.8751930555555556,0.6568777777777778,1.1589527777777777,1.1085583333333333,1.109835045280563,0.38722573465874327,1.118744109941869,0.38291727526938835,4,10,0,2010-10-28,2010-10-27,149.0,4.189491271972656,378.223472237587,2.5384125653529326,2.5406577587127686,0.6616570908424548,2.1798598766326904,2.824608564376831,15.0,4.969193008169321,125.0,1.7088143825531006,13.527387857437134,0.10821910285949707,0.06734013557434082,0.1677406990088416,0.033297061920166016,0.1299421787261963,13.0,4.263561878802744,1.7088143825531006,0.42884016036987305,0.389601469039917,0.33374834060668945,0.29991626739501953,0.1263225687443879,0.2509577194271696,1.2799742221832275,180.0,150.0,30.0,1.0,1.0
2010-10-30,1.4949305555555554,0.8364041666666667,1.0161986111111112,0.8751930555555556,1.592525,0.6944541666666667,1.06375667226469,0.39940622512411866,1.0993045266085355,0.3903110047934771,5,10,1,2010-10-28,2010-10-27,149.0,4.189491271972656,378.223472237587,2.5384125653529326,2.5406577587127686,0.6616570908424548,2.1798598766326904,2.824608564376831,15.0,4.969193008169321,125.0,1.7088143825531006,13.527387857437134,0.10821910285949707,0.06734013557434082,0.1677406990088416,0.033297061920166016,0.1299421787261963,13.0,4.263561878802744,1.7088143825531006,0.42884016036987305,0.389601469039917,0.33374834060668945,0.29991626739501953,0.1263225687443879,0.2509577194271696,1.2799742221832275,180.0,150.0,30.0,1.0,1.0
2010-10-31,1.025298611111111,1.4949305555555554,0.8364041666666667,1.0161986111111112,1.661256428075052,0.7273486111111112,1.0498146087726266,0.37905722991007573,1.1564814115291704,0.3850376845176985,6,10,1,2010-10-28,2010-10-27,149.0,4.189491271972656,378.223472237587,2.5384125653529326,2.5406577587127686,0.6616570908424548,2.1798598766326904,2.824608564376831,15.0,4.969193008169321,125.0,1.7088143825531006,13.527387857437134,0.10821910285949707,0.06734013557434082,0.1677406990088416,0.033297061920166016,0.1299421787261963,13.0,4.263561878802744,1.7088143825531006,0.42884016036987305,0.389601469039917,0.33374834060668945,0.29991626739501953,0.1263225687443879,0.2509577194271696,1.2799742221832275,180.0,150.0,30.0,1.0,1.0
2010-11-01,0.9605416666666667,1.025298611111111,1.4949305555555554,0.8364041666666667,0.8078416666666666,1.8846416666666668,0.958963492063492,0.2680387904703967,1.1777635543863132,0.36732035826534426,0,11,0,2010-10-28,2010-10-27,149.0,4.189491271972656,378.223472237587,2.5384125653529326,2.5406577587127686,0.6616570908424548,2.1798598766326904,2.824608564376831,15.0,4.969193008169321,125.0,1.7088143825531006,13.527387857437134,0.10821910285949707,0.06734013557434082,0.1677406990088416,0.033297061920166016,0.1299421787261963,13.0,4.263561878802744,1.7088143825531006,0.42884016036987305,0.389601469039917,0.33374834060668945,0.29991626739501953,0.1263225687443879,0.2509577194271696,1.2799742221832275,180.0,150.0,30.0,1.0,1.0
2010-11-02,0.8271402777777779,0.9605416666666667,1.025298611111111,1.4949305555555554,0.6568777777777778,1.3374847222222224,0.9807777777777779,0.25977631476465735,1.1117564115291703,0.3089095803628675,1,11,0,2010-10-28,2010-10-27,149.0,4.189491271972656,378.223472237587,2.5384125653529326,2.5406577587127686,0.6616570908424548,2.1798598766326904,2.824608564376831,15.0,4.969193008169321,125.0,1.7088143825531006,13.527387857437134,0.10821910285949707,0.06734013557434082,0.1677406990088416,0.033297061920166016,0.1299421787261963,13.0,4.263561878802744,1.7088143825531006,0.42884016036987305,0.389601469039917,0.33374834060668945,0.29991626739501953,0.1263225687443879,0.2509577194271696,1.2799742221832275,180.0,150.0,30.0,1.0,1.0
2010-11-03,0.8981236111111112,0.8271402777777779,0.9605416666666667,1.025298611111111,0.8751930555555556,1.199975,1.0051009920634921,0.23074312644517614,1.0753032369259958,0.31033184138691033,2,11,0,2010-10-28,2010-10-27,149.0,4.189491271972656,378.223472237587,2.5384125653529326,2.5406577587127686,0.6616570908424548,2.1798598766326904,2.824608564376831,15.0,4.969193008169321,125.0,1.7088143825531006,13.527387857437134,0.10821910285949707,0.06734013557434082,0.1677406990088416,0.033297061920166016,0.1299421787261963,13.0,4.263561878802744,1.7088143825531006,0.42884016036987305,0.389601469039917,0.33374834060668945,0.29991626739501953,0.1263225687443879,0.2509577194271696,1.2799742221832275,180.0,150.0,30.0,1.0,1.0
2010-11-04,1.7744069444444446,0.8981236111111112,0.8271402777777779,0.9605416666666667,1.0161986111111112,0.9411097222222223,1.0083767857142856,0.22874560640937278,1.0537424234339323,0.31148743435816834,3,11,0,2010-11-04,2010-11-03,149.0,4.325080394744873,389.12416779994965,2.6115715959728165,2.5584781169891357,0.7450836542146989,2.1798598766326904,2.969036340713501,15.0,4.96284158291585,118.0,1.7088143825531006,12.121397495269775,0.10272370758703199,0.06867730617523193,0.16825191884540755,0.033348917961120605,0.12027215957641602,12.0,4.195948233457604,1.7088143825531006,0.389601469039917,0.33374834060668945,0.3294029235839844,0.29853177070617676,0.14097503057877148,0.22799519539262206,1.3192129135131836,180.0,150.0,30.0,1.0,1.0
2010-11-05,1.2056166666666666,1.7744069444444446,0.8981236111111112,0.8271402777777779,0.8364041666666667,1.1589527777777777,1.116692261904762,0.3693604023995579,1.1132636535926623,0.36357094679834545,4,11,0,2010-11-04,2010-11-03,149.0,4.325080394744873,389.12416779994965,2.6115715959728165,2.5584781169891357,0.7450836542146989,2.1798598766326904,2.969036340713501,15.0,4.96284158291585,118.0,1.7088143825531006,12.121397495269775,0.10272370758703199,0.06867730617523193,0.16825191884540755,0.033348917961120605,0.12027215957641602,12.0,4.195948233457604,1.7088143825531006,0.389601469039917,0.33374834060668945,0.3294029235839844,0.29853177070617676,0.14097503057877148,0.22799519539262206,1.3192129135131836,180.0,150.0,30.0,1.0,1.0
2010-11-06,1.2537555555555555,1.2056166666666666,1.7744069444444446,0.8981236111111112,1.4949305555555554,1.592525,1.1694369047619049,0.34843334923237673,1.1165967885132972,0.3642353296283816,5,11,1,2010-11-04,2010-11-03,149.0,4.325080394744873,389.12416779994965,2.6115715959728165,2.5584781169891357,0.7450836542146989,2.1798598766326904,2.969036340713501,15.0,4.96284158291585,118.0,1.7088143825531006,12.121397495269775,0.10272370758703199,0.06867730617523193,0.16825191884540755,0.033348917961120605,0.12027215957641602,12.0,4.195948233457604,1.7088143825531006,0.389601469039917,0.33374834060668945,0.3294029235839844,0.29853177070617676,0.14097503057877148,0.22799519539262206,1.3192129135131836,180.0,150.0,30.0,1.0,1.0
2010-11-07,1.1623722222222221,1.2537555555555555,1.2056166666666666,1.7744069444444446,1.025298611111111,1.661256428075052,1.1349833333333332,0.3217890020958724,1.09239897105298,0.34067616737817463,6,11,1,2010-11-04,2010-11-03,149.0,4.325080394744873,389.12416779994965,2.6115715959728165,2.5584781169891357,0.7450836542146989,2.1798598766326904,2.969036340713501,15.0,4.96284158291585,118.0,1.7088143825531006,12.121397495269775,0.10272370758703199,0.06867730617523193,0.16825191884540755,0.033348917961120605,0.12027215957641602,12.0,4.195948233457604,1.7088143825531006,0.389601469039917,0.33374834060668945,0.3294029235839844,0.29853177070617676,0.14097503057877148,0.22799519539262206,1.3192129135131836,180.0,150.0,30.0,1.0,1.0
2010-11-08,1.2677361111111112,1.1623722222222221,1.2537555555555555,1.2056166666666666,0.9605416666666667,0.8078416666666666,1.1545652777777777,0.31815201197099935,1.056764384920635,0.3002951343799211,0,11,0,2010-11-04,2010-11-03,149.0,4.325080394744873,389.12416779994965,2.6115715959728165,2.5584781169891357,0.7450836542146989,2.1798598766326904,2.969036340713501,15.0,4.96284158291585,118.0,1.7088143825531006,12.121397495269775,0.10272370758703199,0.06867730617523193,0.16825191884540755,0.033348917961120605,0.12027215957641602,12.0,4.195948233457604,1.7088143825531006,0.389601469039917,0.33374834060668945,0.3294029235839844,0.29853177070617676,0.14097503057877148,0.22799519539262206,1.3192129135131836,180.0,150.0,30.0,1.0,1.0
2010-11-09,1.4042347222222222,1.2677361111111112,1.1623722222222221,1.2537555555555555,0.8271402777777779,0.6568777777777778,1.1984501984126985,0.30795169760911184,1.089613988095238,0.2960954082342058,1,11,0,2010-11-04,2010-11-03,149.0,4.325080394744873,389.12416779994965,2.6115715959728165,2.5584781169891357,0.7450836542146989,2.1798598766326904,2.969036340713501,15.0,4.96284158291585,118.0,1.7088143825531006,12.121397495269775,0.10272370758703199,0.06867730617523193,0.16825191884540755,0.033348917961120605,0.12027215957641602,12.0,4.195948233457604,1.7088143825531006,0.389601469039917,0.33374834060668945,0.3294029235839844,0.29853177070617676,0.14097503057877148,0.22799519539262206,1.3192129135131836,180.0,150.0,30.0,1.0,1.0
2010-11-10,1.3517597222222224,1.4042347222222222,1.2677361111111112,1.1623722222222221,0.8981236111111112,0.8751930555555556,1.280892261904762,0.266428490909475,1.142996626984127,0.278950239957741,2,11,0,2010-11-04,2010-11-03,149.0,4.325080394744873,389.12416779994965,2.6115715959728165,2.5584781169891357,0.7450836542146989,2.1798598766326904,2.969036340713501,15.0,4.96284158291585,118.0,1.7088143825531006,12.121397495269775,0.10272370758703199,0.06867730617523193,0.16825191884540755,0.033348917961120605,0.12027215957641602,12.0,4.195948233457604,1.7088143825531006,0.389601469039917,0.33374834060668945,0.3294029235839844,0.29853177070617676,0.14097503057877148,0.22799519539262206,1.3192129135131836,180.0,150.0,30.0,1.0,1.0
2010-11-11,1.231661111111111,1.3517597222222224,1.4042347222222222,1.2677361111111112,1.7744069444444446,1.0161986111111112,1.3456974206349206,0.20616225055562862,1.1770371031746032,0.2727654379239404,3,11,0,2010-11-11,2010-11-10,149.0,4.670834064483643,403.79564893245697,2.710037912298369,2.591850996017456,0.8430263266902907,2.1798598766326904,3.1272764205932617,15.0,4.955496592825534,110.0,1.7088143825531006,12.607993364334106,0.11461812149394643,0.07216274738311768,0.17643321848015864,0.03527706861495972,0.15352994203567505,11.0,4.137280702581594,1.7088143825531006,0.389601469039917,0.33374834060668945,0.3294029235839844,0.32686805725097656,0.1355342070045063,0.22799519539262206,1.3192129135131836,180.0,150.0,30.0,1.0,1.0
2010-11-12,1.2755708333333333,1.231661111111111,1.3517597222222224,1.4042347222222222,1.2056166666666666,0.8364041666666667,1.2681623015873016,0.08381308828746116,1.1924272817460317,0.2690455421841683,4,11,0,2010-11-11,2010-11-10,149.0,4.670834064483643,403.79564893245697,2.710037912298369,2.591850996017456,0.8430263266902907,2.1798598766326904,3.1272764205932617,15.0,4.955496592825534,110.0,1.7088143825531006,12.607993364334106,0.11461812149394643,0.07216274738311768,0.17643321848015864,0.03527706861495972,0.15352994203567505,11.0,4.137280702581594,1.7088143825531006,0.389601469039917,0.33374834060668945,0.3294029235839844,0.32686805725097656,0.1355342070045063,0.22799519539262206,1.3192129135131836,180.0,150.0,30.0,1.0,1.0
2010-11-13,1.4049819444444445,1.2755708333333333,1.231661111111111,1.3517597222222224,1.2537555555555555,1.4949305555555554,1.2781557539682542,0.079153488943176,1.2237963293650793,0.24921348596359033,5,11,1,2010-11-11,2010-11-10,149.0,4.670834064483643,403.79564893245697,2.710037912298369,2.591850996017456,0.8430263266902907,2.1798598766326904,3.1272764205932617,15.0,4.955496592825534,110.0,1.7088143825531006,12.607993364334106,0.11461812149394643,0.07216274738311768,0.17643321848015864,0.03527706861495972,0.15352994203567505,11.0,4.137280702581594,1.7088143825531006,0.389601469039917,0.33374834060668945,0.3294029235839844,0.32686805725097656,0.1355342070045063,0.22799519539262206,1.3192129135131836,180.0,150.0,30.0,1.0,1.0
2010-11-14,1.41555,1.4049819444444445,1.2755708333333333,1.231661111111111,1.1623722222222221,1.025298611111111,1.2997595238095239,0.09111723371560723,1.2173714285714285,0.24276171416186387,6,11,1,2010-11-11,2010-11-10,149.0,4.670834064483643,403.79564893245697,2.710037912298369,2.591850996017456,0.8430263266902907,2.1798598766326904,3.1272764205932617,15.0,4.955496592825534,110.0,1.7088143825531006,12.607993364334106,0.11461812149394643,0.07216274738311768,0.17643321848015864,0.03527706861495972,0.15352994203567505,11.0,4.137280702581594,1.7088143825531006,0.389601469039917,0.33374834060668945,0.3294029235839844,0.32686805725097656,0.1355342070045063,0.22799519539262206,1.3192129135131836,180.0,150.0,30.0,1.0,1.0
2010-11-15,1.2134597222222223,1.41555,1.4049819444444445,1.2755708333333333,1.2677361111111112,0.9605416666666667,1.3359277777777778,0.07658249065887589,1.2452465277777776,0.24141198921889584,0,11,0,2010-11-11,2010-11-10,149.0,4.670834064483643,403.79564893245697,2.710037912298369,2.591850996017456,0.8430263266902907,2.1798598766326904,3.1272764205932617,15.0,4.955496592825534,110.0,1.7088143825531006,12.607993364334106,0.11461812149394643,0.07216274738311768,0.17643321848015864,0.03527706861495972,0.15352994203567505,11.0,4.137280702581594,1.7088143825531006,0.389601469039917,0.33374834060668945,0.3294029235839844,0.32686805725097656,0.1355342070045063,0.22799519539262206,1.3192129135131836,180.0,150.0,30.0,1.0,1.0
2010-11-16,1.0484361111111111,1.2134597222222223,1.41555,1.4049819444444445,1.4042347222222222,0.8271402777777779,1.3281740079365079,0.08671480251819928,1.2633121031746033,0.2275321048973745,1,11,0,2010-11-11,2010-11-10,149.0,4.670834064483643,403.79564893245697,2.710037912298369,2.591850996017456,0.8430263266902907,2.1798598766326904,3.1272764205932617,15.0,4.955496592825534,110.0,1.7088143825531006,12.607993364334106,0.11461812149394643,0.07216274738311768,0.17643321848015864,0.03527706861495972,0.15352994203567505,11.0,4.137280702581594,1.7088143825531006,0.389601469039917,0.33374834060668945,0.3294029235839844,0.32686805725097656,0.1355342070045063,0.22799519539262206,1.3192129135131836,180.0,150.0,30.0,1.0,1.0
2010-11-17,1.0986333333333334,1.0484361111111111,1.2134597222222223,1.41555,1.3517597222222224,0.8981236111111112,1.2773456349206351,0.12877637981735274,1.2791189484126984,0.20104515481570565,2,11,0,2010-11-11,2010-11-10,149.0,4.670834064483643,403.79564893245697,2.710037912298369,2.591850996017456,0.8430263266902907,2.1798598766326904,3.1272764205932617,15.0,4.955496592825534,110.0,1.7088143825531006,12.607993364334106,0.11461812149394643,0.07216274738311768,0.17643321848015864,0.03527706861495972,0.15352994203567505,11.0,4.137280702581594,1.7088143825531006,0.389601469039917,0.33374834060668945,0.3294029235839844,0.32686805725097656,0.1355342070045063,0.22799519539262206,1.3192129135131836,180.0,150.0,30.0,1.0,1.0
2010-11-18,1.1473277777777777,1.0986333333333334,1.0484361111111111,1.2134597222222223,1.231661111111111,1.7744069444444446,1.241184722222222,0.13949162764159262,1.2934410714285716,0.1775896070397236,3,11,0,2010-11-18,2010-11-17,149.0,4.6010942459106445,418.91421043872833,2.8115047680451566,2.64498233795166,0.8983042659444845,2.2014834880828857,3.343407154083252,15.0,4.952212549002457,109.0,1.7088143825531006,11.699889659881592,0.10733843724662011,0.069427490234375,0.17528346202961018,0.03229045867919922,0.1296391487121582,11.0,4.096149083663907,1.7088143825531006,0.389601469039917,0.3676877021789551,0.33374834060668945,0.29106760025024414,0.14605388873132283,0.22799519539262206,1.3192129135131836,180.0,150.0,30.0,1.0,1.0
2010-11-19,1.0905555555555557,1.1473277777777777,1.0986333333333334,1.0484361111111111,1.2755708333333333,1.2056166666666666,1.2291371031746032,0.14401961444622743,1.2486497023809522,0.11500103011917466,4,11,0,2010-11-18,2010-11-17,149.0,4.6010942459106445,418.91421043872833,2.8115047680451566,2.64498233795166,0.8983042659444845,2.2014834880828857,3.343407154083252,15.0,4.952212549002457,109.0,1.7088143825531006,11.699889659881592,0.10733843724662011,0.069427490234375,0.17528346202961018,0.03229045867919922,0.1296391487121582,11.0,4.096149083663907,1.7088143825531006,0.389601469039917,0.3676877021789551,0.33374834060668945,0.29106760025024414,0.14605388873132283,0.22799519539262206,1.3192129135131836,180.0,150.0,30.0,1.0,1.0
2010-11-20,1.525698611111111,1.0905555555555557,1.1473277777777777,1.0986333333333334,1.4049819444444445,1.2537555555555555,1.2027063492063494,0.15089099643349793,1.2404310515873018,0.12219919113280032,5,11,1,2010-11-18,2010-11-17,149.0,4.6010942459106445,418.91421043872833,2.8115047680451566,2.64498233795166,0.8983042659444845,2.2014834880828857,3.343407154083252,15.0,4.952212549002457,109.0,1.7088143825531006,11.699889659881592,0.10733843724662011,0.069427490234375,0.17528346202961018,0.03229045867919922,0.1296391487121582,11.0,4.096149083663907,1.7088143825531006,0.389601469039917,0.3676877021789551,0.33374834060668945,0.29106760025024414,0.14605388873132283,0.22799519539262206,1.3192129135131836,180.0,150.0,30.0,1.0,1.0
2010-11-21,0.6256319444444445,1.525698611111111,1.0905555555555557,1.1473277777777777,1.41555,1.1623722222222221,1.2199515873015874,0.18162936344419556,1.2598555555555555,0.14412655475831768,6,11,1,2010-11-18,2010-11-17,149.0,4.6010942459106445,418.91421043872833,2.8115047680451566,2.64498233795166,0.8983042659444845,2.2014834880828857,3.343407154083252,15.0,4.952212549002457,109.0,1.7088143825531006,11.699889659881592,0.10733843724662011,0.069427490234375,0.17528346202961018,0.03229045867919922,0.1296391487121582,11.0,4.096149083663907,1.7088143825531006,0.389601469039917,0.3676877021789551,0.33374834060668945,0.29106760025024414,0.14605388873132283,0.22799519539262206,1.3192129135131836,180.0,150.0,30.0,1.0,1.0
2010-11-22,1.4177333333333333,0.6256319444444445,1.525698611111111,1.0905555555555557,1.2134597222222223,1.2677361111111112,1.1071061507936508,0.2657548384764598,1.2215169642857142,0.2222612377897456,0,11,0,2010-11-18,2010-11-17,149.0,4.6010942459106445,418.91421043872833,2.8115047680451566,2.64498233795166,0.8983042659444845,2.2014834880828857,3.343407154083252,15.0,4.952212549002457,109.0,1.7088143825531006,11.699889659881592,0.10733843724662011,0.069427490234375,0.17528346202961018,0.03229045867919922,0.1296391487121582,11.0,4.096149083663907,1.7088143825531006,0.389601469039917,0.3676877021789551,0.33374834060668945,0.29106760025024414,0.14605388873132283,0.22799519539262206,1.3192129135131836,180.0,150.0,30.0,1.0,1.0
2010-11-23,1.095511111111111,1.4177333333333333,0.6256319444444445,1.525698611111111,1.0484361111111111,1.4042347222222222,1.1362880952380954,0.28953148022506825,1.2322310515873016,0.22819666321380086,1,11,0,2010-11-18,2010-11-17,149.0,4.6010942459106445,418.91421043872833,2.8115047680451566,2.64498233795166,0.8983042659444845,2.2014834880828857,3.343407154083252,15.0,4.952212549002457,109.0,1.7088143825531006,11.699889659881592,0.10733843724662011,0.069427490234375,0.17528346202961018,0.03229045867919922,0.1296391487121582,11.0,4.096149083663907,1.7088143825531006,0.389601469039917,0.3676877021789551,0.33374834060668945,0.29106760025024414,0.14605388873132283,0.22799519539262206,1.3192129135131836,180.0,150.0,30.0,1.0,1.0
2010-11-24,1.2473944444444445,1.095511111111111,1.4177333333333333,0.6256319444444445,1.0986333333333334,1.3517597222222224,1.1430130952380952,0.28769169846450765,1.2101793650793649,0.2251935108791435,2,11,0,2010-11-18,2010-11-17,149.0,4.6010942459106445,418.91421043872833,2.8115047680451566,2.64498233795166,0.8983042659444845,2.2014834880828857,3.343407154083252,15.0,4.952212549002457,109.0,1.7088143825531006,11.699889659881592,0.10733843724662011,0.069427490234375,0.17528346202961018,0.03229045867919922,0.1296391487121582,11.0,4.096149083663907,1.7088143825531006,0.389601469039917,0.3676877021789551,0.33374834060668945,0.29106760025024414,0.14605388873132283,0.22799519539262206,1.3192129135131836,180.0,150.0,30.0,1.0,1.0
2010-11-25,0.9938638888888889,1.2473944444444445,1.095511111111111,1.4177333333333333,1.1473277777777777,1.231661111111111,1.1642646825396825,0.28935663498179176,1.2027247023809522,0.22184878462369964,3,11,0,2010-11-25,2010-11-24,149.0,4.6010942459106445,429.9082466363907,2.8852902458818166,2.73673939704895,0.9226395633377781,2.2014834880828857,3.851815700531006,15.0,4.951194179472913,100.0,1.7088143825531006,11.775445222854614,0.11775445222854614,0.07216274738311768,0.18404601376456195,0.033045411109924316,0.152305006980896,10.0,4.022200457993787,1.7088143825531006,0.389601469039917,0.3838319778442383,0.3676877021789551,0.33374834060668945,0.14511675356754353,0.22799519539262206,1.3192129135131836,180.0,150.0,30.0,1.0,1.0
2010-11-26,1.1782296120348377,0.9938638888888889,1.2473944444444445,1.095511111111111,1.0905555555555557,1.2755708333333333,1.1423412698412698,0.29657733471822795,1.1857391865079365,0.2284674521974828,4,11,0,2010-11-25,2010-11-24,149.0,4.6010942459106445,429.9082466363907,2.8852902458818166,2.73673939704895,0.9226395633377781,2.2014834880828857,3.851815700531006,15.0,4.951194179472913,100.0,1.7088143825531006,11.775445222854614,0.11775445222854614,0.07216274738311768,0.18404601376456195,0.033045411109924316,0.152305006980896,10.0,4.022200457993787,1.7088143825531006,0.389601469039917,0.3838319778442383,0.3676877021789551,0.33374834060668945,0.14511675356754353,0.22799519539262206,1.3192129135131836,180.0,150.0,30.0,1.0,1.0
